run_id	label	request_index	sample_index	start_ns	end_ns	jct_s	status	http_code	json_path
1	sglang-nonsd	0	0	1785230056744913487	1785230072549001543	15.804088	0	200	/home/user/vllm/logs/speed_test/sglang-nonsd_b128_speed_tp2/run1_sglang-nonsd_0.json
1	sglang-nonsd	1	1	1785230056744802749	1785230076729854243	19.985051	0	200	/home/user/vllm/logs/speed_test/sglang-nonsd_b128_speed_tp2/run1_sglang-nonsd_1.json
1	sglang-nonsd	2	2	1785230056745074329	1785230070881884894	14.136811	0	200	/home/user/vllm/logs/speed_test/sglang-nonsd_b128_speed_tp2/run1_sglang-nonsd_2.json
1	sglang-nonsd	3	3	1785230056745789375	1785230071018834143	14.273045	0	200	/home/user/vllm/logs/speed_test/sglang-nonsd_b128_speed_tp2/run1_sglang-nonsd_3.json
1	sglang-nonsd	4	4	1785230056746469440	1785230065493452569	8.746983	0	200	/home/user/vllm/logs/speed_test/sglang-nonsd_b128_speed_tp2/run1_sglang-nonsd_4.json
1	sglang-nonsd	5	5	1785230056747150856	1785230071241524126	14.494373	0	200	/home/user/vllm/logs/speed_test/sglang-nonsd_b128_speed_tp2/run1_sglang-nonsd_5.json
1	sglang-nonsd	6	6	1785230056747881365	1785230070342862846	13.594981	0	200	/home/user/vllm/logs/speed_test/sglang-nonsd_b128_speed_tp2/run1_sglang-nonsd_6.json
1	sglang-nonsd	7	7	1785230056748588482	1785230079657665338	22.909077	0	200	/home/user/vllm/logs/speed_test/sglang-nonsd_b128_speed_tp2/run1_sglang-nonsd_7.json
1	sglang-nonsd	8	8	1785230056749255158	1785230070567380121	13.818125	0	200	/home/user/vllm/logs/speed_test/sglang-nonsd_b128_speed_tp2/run1_sglang-nonsd_8.json
1	sglang-nonsd	9	9	1785230056749862079	1785230074419853530	17.669991	0	200	/home/user/vllm/logs/speed_test/sglang-nonsd_b128_speed_tp2/run1_sglang-nonsd_9.json
1	sglang-nonsd	10	10	1785230056750508636	1785230070928032886	14.177524	0	200	/home/user/vllm/logs/speed_test/sglang-nonsd_b128_speed_tp2/run1_sglang-nonsd_10.json
1	sglang-nonsd	11	11	1785230056751163015	1785230075331912600	18.580750	0	200	/home/user/vllm/logs/speed_test/sglang-nonsd_b128_speed_tp2/run1_sglang-nonsd_11.json
1	sglang-nonsd	12	12	1785230056751895586	1785230079816258655	23.064363	0	200	/home/user/vllm/logs/speed_test/sglang-nonsd_b128_speed_tp2/run1_sglang-nonsd_12.json
1	sglang-nonsd	13	13	1785230056752530198	1785230069432295359	12.679765	0	200	/home/user/vllm/logs/speed_test/sglang-nonsd_b128_speed_tp2/run1_sglang-nonsd_13.json
1	sglang-nonsd	14	14	1785230056753165637	1785230074989417852	18.236252	0	200	/home/user/vllm/logs/speed_test/sglang-nonsd_b128_speed_tp2/run1_sglang-nonsd_14.json
1	sglang-nonsd	15	15	1785230056753821716	1785230070342484395	13.588663	0	200	/home/user/vllm/logs/speed_test/sglang-nonsd_b128_speed_tp2/run1_sglang-nonsd_15.json
1	sglang-nonsd	16	16	1785230056754641897	1785230073084243201	16.329601	0	200	/home/user/vllm/logs/speed_test/sglang-nonsd_b128_speed_tp2/run1_sglang-nonsd_16.json
1	sglang-nonsd	17	17	1785230056755132238	1785230068942238428	12.187106	0	200	/home/user/vllm/logs/speed_test/sglang-nonsd_b128_speed_tp2/run1_sglang-nonsd_17.json
1	sglang-nonsd	18	18	1785230056755877484	1785230079818658199	23.062781	0	200	/home/user/vllm/logs/speed_test/sglang-nonsd_b128_speed_tp2/run1_sglang-nonsd_18.json
1	sglang-nonsd	19	19	1785230056756487151	1785230073127687856	16.371201	0	200	/home/user/vllm/logs/speed_test/sglang-nonsd_b128_speed_tp2/run1_sglang-nonsd_19.json
1	sglang-nonsd	20	20	1785230056757129857	1785230074922099334	18.164969	0	200	/home/user/vllm/logs/speed_test/sglang-nonsd_b128_speed_tp2/run1_sglang-nonsd_20.json
1	sglang-nonsd	21	21	1785230056757804986	1785230072370698589	15.612894	0	200	/home/user/vllm/logs/speed_test/sglang-nonsd_b128_speed_tp2/run1_sglang-nonsd_21.json
1	sglang-nonsd	22	22	1785230056758489235	1785230076797493150	20.039004	0	200	/home/user/vllm/logs/speed_test/sglang-nonsd_b128_speed_tp2/run1_sglang-nonsd_22.json
1	sglang-nonsd	23	23	1785230056759060574	1785230074817721267	18.058661	0	200	/home/user/vllm/logs/speed_test/sglang-nonsd_b128_speed_tp2/run1_sglang-nonsd_23.json
1	sglang-nonsd	24	24	1785230056759658501	1785230075537751659	18.778093	0	200	/home/user/vllm/logs/speed_test/sglang-nonsd_b128_speed_tp2/run1_sglang-nonsd_24.json
1	sglang-nonsd	25	25	1785230056760217963	1785230076426640138	19.666422	0	200	/home/user/vllm/logs/speed_test/sglang-nonsd_b128_speed_tp2/run1_sglang-nonsd_25.json
1	sglang-nonsd	26	26	1785230056760995470	1785230079818488577	23.057493	0	200	/home/user/vllm/logs/speed_test/sglang-nonsd_b128_speed_tp2/run1_sglang-nonsd_26.json
1	sglang-nonsd	27	27	1785230056761495450	1785230068237287498	11.475792	0	200	/home/user/vllm/logs/speed_test/sglang-nonsd_b128_speed_tp2/run1_sglang-nonsd_27.json
1	sglang-nonsd	28	28	1785230056762044089	1785230069614603934	12.852560	0	200	/home/user/vllm/logs/speed_test/sglang-nonsd_b128_speed_tp2/run1_sglang-nonsd_28.json
1	sglang-nonsd	29	29	1785230056762775105	1785230074196351573	17.433576	0	200	/home/user/vllm/logs/speed_test/sglang-nonsd_b128_speed_tp2/run1_sglang-nonsd_29.json
1	sglang-nonsd	30	30	1785230056763271193	1785230076561636804	19.798366	0	200	/home/user/vllm/logs/speed_test/sglang-nonsd_b128_speed_tp2/run1_sglang-nonsd_30.json
1	sglang-nonsd	31	31	1785230056763936348	1785230076325200667	19.561264	0	200	/home/user/vllm/logs/speed_test/sglang-nonsd_b128_speed_tp2/run1_sglang-nonsd_31.json
1	sglang-nonsd	32	32	1785230056764509316	1785230072506871359	15.742362	0	200	/home/user/vllm/logs/speed_test/sglang-nonsd_b128_speed_tp2/run1_sglang-nonsd_32.json
1	sglang-nonsd	33	33	1785230056765094367	1785230069986960027	13.221866	0	200	/home/user/vllm/logs/speed_test/sglang-nonsd_b128_speed_tp2/run1_sglang-nonsd_33.json
1	sglang-nonsd	34	34	1785230056765707886	1785230071467060556	14.701353	0	200	/home/user/vllm/logs/speed_test/sglang-nonsd_b128_speed_tp2/run1_sglang-nonsd_34.json
1	sglang-nonsd	35	35	1785230056766293026	1785230070745946244	13.979653	0	200	/home/user/vllm/logs/speed_test/sglang-nonsd_b128_speed_tp2/run1_sglang-nonsd_35.json
1	sglang-nonsd	36	36	1785230056766840103	1785230066662153451	9.895313	0	200	/home/user/vllm/logs/speed_test/sglang-nonsd_b128_speed_tp2/run1_sglang-nonsd_36.json
1	sglang-nonsd	37	37	1785230056767496935	1785230070970271903	14.202775	0	200	/home/user/vllm/logs/speed_test/sglang-nonsd_b128_speed_tp2/run1_sglang-nonsd_37.json
1	sglang-nonsd	38	38	1785230056768078617	1785230070928774591	14.160696	0	200	/home/user/vllm/logs/speed_test/sglang-nonsd_b128_speed_tp2/run1_sglang-nonsd_38.json
1	sglang-nonsd	39	39	1785230056768835683	1785230074956964015	18.188128	0	200	/home/user/vllm/logs/speed_test/sglang-nonsd_b128_speed_tp2/run1_sglang-nonsd_39.json
1	sglang-nonsd	40	40	1785230056769382302	1785230065444976260	8.675594	0	200	/home/user/vllm/logs/speed_test/sglang-nonsd_b128_speed_tp2/run1_sglang-nonsd_40.json
1	sglang-nonsd	41	41	1785230056769887846	1785230073619084285	16.849196	0	200	/home/user/vllm/logs/speed_test/sglang-nonsd_b128_speed_tp2/run1_sglang-nonsd_41.json
1	sglang-nonsd	42	42	1785230056770545053	1785230072054734937	15.284190	0	200	/home/user/vllm/logs/speed_test/sglang-nonsd_b128_speed_tp2/run1_sglang-nonsd_42.json
1	sglang-nonsd	43	43	1785230056771179954	1785230070568154824	13.796975	0	200	/home/user/vllm/logs/speed_test/sglang-nonsd_b128_speed_tp2/run1_sglang-nonsd_43.json
1	sglang-nonsd	44	44	1785230056771858742	1785230072776241022	16.004382	0	200	/home/user/vllm/logs/speed_test/sglang-nonsd_b128_speed_tp2/run1_sglang-nonsd_44.json
1	sglang-nonsd	45	45	1785230056772354809	1785230073174301865	16.401947	0	200	/home/user/vllm/logs/speed_test/sglang-nonsd_b128_speed_tp2/run1_sglang-nonsd_45.json
1	sglang-nonsd	46	46	1785230056772998274	1785230068346281935	11.573284	0	200	/home/user/vllm/logs/speed_test/sglang-nonsd_b128_speed_tp2/run1_sglang-nonsd_46.json
1	sglang-nonsd	47	47	1785230056773591292	1785230074154024013	17.380433	0	200	/home/user/vllm/logs/speed_test/sglang-nonsd_b128_speed_tp2/run1_sglang-nonsd_47.json
1	sglang-nonsd	48	48	1785230056774150505	1785230072911005555	16.136855	0	200	/home/user/vllm/logs/speed_test/sglang-nonsd_b128_speed_tp2/run1_sglang-nonsd_48.json
1	sglang-nonsd	49	49	1785230056774796390	1785230071558621053	14.783825	0	200	/home/user/vllm/logs/speed_test/sglang-nonsd_b128_speed_tp2/run1_sglang-nonsd_49.json
1	sglang-nonsd	50	50	1785230056775518285	1785230075503784889	18.728267	0	200	/home/user/vllm/logs/speed_test/sglang-nonsd_b128_speed_tp2/run1_sglang-nonsd_50.json
1	sglang-nonsd	51	51	1785230056776219456	1785230074466383930	17.690164	0	200	/home/user/vllm/logs/speed_test/sglang-nonsd_b128_speed_tp2/run1_sglang-nonsd_51.json
1	sglang-nonsd	52	52	1785230056776760170	1785230064446281892	7.669522	0	200	/home/user/vllm/logs/speed_test/sglang-nonsd_b128_speed_tp2/run1_sglang-nonsd_52.json
1	sglang-nonsd	53	53	1785230056777329956	1785230069126265283	12.348935	0	200	/home/user/vllm/logs/speed_test/sglang-nonsd_b128_speed_tp2/run1_sglang-nonsd_53.json
1	sglang-nonsd	54	54	1785230056777965536	1785230079818022917	23.040057	0	200	/home/user/vllm/logs/speed_test/sglang-nonsd_b128_speed_tp2/run1_sglang-nonsd_54.json
1	sglang-nonsd	55	55	1785230056778596117	1785230079818962300	23.040366	0	200	/home/user/vllm/logs/speed_test/sglang-nonsd_b128_speed_tp2/run1_sglang-nonsd_55.json
1	sglang-nonsd	56	56	1785230056779214558	1785230079816858897	23.037644	0	200	/home/user/vllm/logs/speed_test/sglang-nonsd_b128_speed_tp2/run1_sglang-nonsd_56.json
1	sglang-nonsd	57	57	1785230056779790991	1785230072506911081	15.727120	0	200	/home/user/vllm/logs/speed_test/sglang-nonsd_b128_speed_tp2/run1_sglang-nonsd_57.json
1	sglang-nonsd	58	58	1785230056780367109	1785230073262864824	16.482498	0	200	/home/user/vllm/logs/speed_test/sglang-nonsd_b128_speed_tp2/run1_sglang-nonsd_58.json
1	sglang-nonsd	59	59	1785230056780941726	1785230068100784302	11.319843	0	200	/home/user/vllm/logs/speed_test/sglang-nonsd_b128_speed_tp2/run1_sglang-nonsd_59.json
1	sglang-nonsd	60	60	1785230056781438224	1785230076294298778	19.512861	0	200	/home/user/vllm/logs/speed_test/sglang-nonsd_b128_speed_tp2/run1_sglang-nonsd_60.json
1	sglang-nonsd	61	61	1785230056782079565	1785230069842779992	13.060700	0	200	/home/user/vllm/logs/speed_test/sglang-nonsd_b128_speed_tp2/run1_sglang-nonsd_61.json
1	sglang-nonsd	62	62	1785230056782645004	1785230077170042736	20.387398	0	200	/home/user/vllm/logs/speed_test/sglang-nonsd_b128_speed_tp2/run1_sglang-nonsd_62.json
1	sglang-nonsd	63	63	1785230056783188147	1785230073751499869	16.968312	0	200	/home/user/vllm/logs/speed_test/sglang-nonsd_b128_speed_tp2/run1_sglang-nonsd_63.json
1	sglang-nonsd	64	64	1785230056783734330	1785230079818530396	23.034796	0	200	/home/user/vllm/logs/speed_test/sglang-nonsd_b128_speed_tp2/run1_sglang-nonsd_64.json
1	sglang-nonsd	65	65	1785230056784319940	1785230077304788988	20.520469	0	200	/home/user/vllm/logs/speed_test/sglang-nonsd_b128_speed_tp2/run1_sglang-nonsd_65.json
1	sglang-nonsd	66	66	1785230056784958689	1785230076594598763	19.809640	0	200	/home/user/vllm/logs/speed_test/sglang-nonsd_b128_speed_tp2/run1_sglang-nonsd_66.json
1	sglang-nonsd	67	67	1785230056785492193	1785230071964373946	15.178882	0	200	/home/user/vllm/logs/speed_test/sglang-nonsd_b128_speed_tp2/run1_sglang-nonsd_67.json
1	sglang-nonsd	68	68	1785230056786076281	1785230068150084412	11.364008	0	200	/home/user/vllm/logs/speed_test/sglang-nonsd_b128_speed_tp2/run1_sglang-nonsd_68.json
1	sglang-nonsd	69	69	1785230056786609444	1785230071331046114	14.544437	0	200	/home/user/vllm/logs/speed_test/sglang-nonsd_b128_speed_tp2/run1_sglang-nonsd_69.json
1	sglang-nonsd	70	70	1785230056787141020	1785230079818470838	23.031330	0	200	/home/user/vllm/logs/speed_test/sglang-nonsd_b128_speed_tp2/run1_sglang-nonsd_70.json
1	sglang-nonsd	71	71	1785230056787731039	1785230076426250615	19.638520	0	200	/home/user/vllm/logs/speed_test/sglang-nonsd_b128_speed_tp2/run1_sglang-nonsd_71.json
1	sglang-nonsd	72	72	1785230056788285656	1785230075469610604	18.681325	0	200	/home/user/vllm/logs/speed_test/sglang-nonsd_b128_speed_tp2/run1_sglang-nonsd_72.json
1	sglang-nonsd	73	73	1785230056788831479	1785230069843103864	13.054272	0	200	/home/user/vllm/logs/speed_test/sglang-nonsd_b128_speed_tp2/run1_sglang-nonsd_73.json
1	sglang-nonsd	74	74	1785230056789423361	1785230072866293761	16.076870	0	200	/home/user/vllm/logs/speed_test/sglang-nonsd_b128_speed_tp2/run1_sglang-nonsd_74.json
1	sglang-nonsd	75	75	1785230056789950618	1785230070385542381	13.595592	0	200	/home/user/vllm/logs/speed_test/sglang-nonsd_b128_speed_tp2/run1_sglang-nonsd_75.json
1	sglang-nonsd	76	76	1785230056790430978	1785230078078298541	21.287868	0	200	/home/user/vllm/logs/speed_test/sglang-nonsd_b128_speed_tp2/run1_sglang-nonsd_76.json
1	sglang-nonsd	77	77	1785230056790977632	1785230079818622589	23.027645	0	200	/home/user/vllm/logs/speed_test/sglang-nonsd_b128_speed_tp2/run1_sglang-nonsd_77.json
1	sglang-nonsd	78	78	1785230056791478666	1785230072819189766	16.027711	0	200	/home/user/vllm/logs/speed_test/sglang-nonsd_b128_speed_tp2/run1_sglang-nonsd_78.json
1	sglang-nonsd	79	79	1785230056791963384	1785230079030764295	22.238801	0	200	/home/user/vllm/logs/speed_test/sglang-nonsd_b128_speed_tp2/run1_sglang-nonsd_79.json
1	sglang-nonsd	80	80	1785230056792414434	1785230079817714598	23.025300	0	200	/home/user/vllm/logs/speed_test/sglang-nonsd_b128_speed_tp2/run1_sglang-nonsd_80.json
1	sglang-nonsd	81	81	1785230056792875194	1785230077947008556	21.154133	0	200	/home/user/vllm/logs/speed_test/sglang-nonsd_b128_speed_tp2/run1_sglang-nonsd_81.json
1	sglang-nonsd	82	82	1785230056793514485	1785230073038730045	16.245216	0	200	/home/user/vllm/logs/speed_test/sglang-nonsd_b128_speed_tp2/run1_sglang-nonsd_82.json
1	sglang-nonsd	83	83	1785230056794004171	1785230072950169378	16.156165	0	200	/home/user/vllm/logs/speed_test/sglang-nonsd_b128_speed_tp2/run1_sglang-nonsd_83.json
1	sglang-nonsd	84	84	1785230056794530178	1785230077374485905	20.579956	0	200	/home/user/vllm/logs/speed_test/sglang-nonsd_b128_speed_tp2/run1_sglang-nonsd_84.json
1	sglang-nonsd	85	85	1785230056794991058	1785230075980622556	19.185631	0	200	/home/user/vllm/logs/speed_test/sglang-nonsd_b128_speed_tp2/run1_sglang-nonsd_85.json
1	sglang-nonsd	86	86	1785230056795545451	1785230072054683868	15.259138	0	200	/home/user/vllm/logs/speed_test/sglang-nonsd_b128_speed_tp2/run1_sglang-nonsd_86.json
1	sglang-nonsd	87	87	1785230056796001745	1785230076868522478	20.072521	0	200	/home/user/vllm/logs/speed_test/sglang-nonsd_b128_speed_tp2/run1_sglang-nonsd_87.json
1	sglang-nonsd	88	88	1785230056796507975	1785230079818990621	23.022483	0	200	/home/user/vllm/logs/speed_test/sglang-nonsd_b128_speed_tp2/run1_sglang-nonsd_88.json
1	sglang-nonsd	89	89	1785230056796909889	1785230079817373651	23.020464	0	200	/home/user/vllm/logs/speed_test/sglang-nonsd_b128_speed_tp2/run1_sglang-nonsd_89.json
1	sglang-nonsd	90	90	1785230056797418197	1785230079597587646	22.800169	0	200	/home/user/vllm/logs/speed_test/sglang-nonsd_b128_speed_tp2/run1_sglang-nonsd_90.json
1	sglang-nonsd	91	91	1785230056797874511	1785230072865766393	16.067892	0	200	/home/user/vllm/logs/speed_test/sglang-nonsd_b128_speed_tp2/run1_sglang-nonsd_91.json
1	sglang-nonsd	92	92	1785230056798415705	1785230069986971375	13.188556	0	200	/home/user/vllm/logs/speed_test/sglang-nonsd_b128_speed_tp2/run1_sglang-nonsd_92.json
1	sglang-nonsd	93	93	1785230056799066166	1785230074749701502	17.950635	0	200	/home/user/vllm/logs/speed_test/sglang-nonsd_b128_speed_tp2/run1_sglang-nonsd_93.json
1	sglang-nonsd	94	94	1785230056799635054	1785230069985943250	13.186308	0	200	/home/user/vllm/logs/speed_test/sglang-nonsd_b128_speed_tp2/run1_sglang-nonsd_94.json
1	sglang-nonsd	95	95	1785230056799940773	1785230067574609599	10.774669	0	200	/home/user/vllm/logs/speed_test/sglang-nonsd_b128_speed_tp2/run1_sglang-nonsd_95.json
1	sglang-nonsd	96	96	1785230056800406896	1785230069126681219	12.326274	0	200	/home/user/vllm/logs/speed_test/sglang-nonsd_b128_speed_tp2/run1_sglang-nonsd_96.json
1	sglang-nonsd	97	97	1785230056800914797	1785230076050296686	19.249382	0	200	/home/user/vllm/logs/speed_test/sglang-nonsd_b128_speed_tp2/run1_sglang-nonsd_97.json
1	sglang-nonsd	98	98	1785230056801339751	1785230069888318094	13.086978	0	200	/home/user/vllm/logs/speed_test/sglang-nonsd_b128_speed_tp2/run1_sglang-nonsd_98.json
1	sglang-nonsd	99	99	1785230056801834444	1785230069889205708	13.087371	0	200	/home/user/vllm/logs/speed_test/sglang-nonsd_b128_speed_tp2/run1_sglang-nonsd_99.json
1	sglang-nonsd	100	100	1785230056802267268	1785230066706563765	9.904296	0	200	/home/user/vllm/logs/speed_test/sglang-nonsd_b128_speed_tp2/run1_sglang-nonsd_100.json
1	sglang-nonsd	101	101	1785230056802896255	1785230079818286708	23.015390	0	200	/home/user/vllm/logs/speed_test/sglang-nonsd_b128_speed_tp2/run1_sglang-nonsd_101.json
1	sglang-nonsd	102	102	1785230056803221834	1785230079817252267	23.014030	0	200	/home/user/vllm/logs/speed_test/sglang-nonsd_b128_speed_tp2/run1_sglang-nonsd_102.json
1	sglang-nonsd	103	103	1785230056803715867	1785230074064604195	17.260888	0	200	/home/user/vllm/logs/speed_test/sglang-nonsd_b128_speed_tp2/run1_sglang-nonsd_103.json
1	sglang-nonsd	104	104	1785230056804303714	1785230078718482947	21.914179	0	200	/home/user/vllm/logs/speed_test/sglang-nonsd_b128_speed_tp2/run1_sglang-nonsd_104.json
1	sglang-nonsd	105	105	1785230056804584091	1785230076294437373	19.489853	0	200	/home/user/vllm/logs/speed_test/sglang-nonsd_b128_speed_tp2/run1_sglang-nonsd_105.json
1	sglang-nonsd	106	106	1785230056805186903	1785230067123388130	10.318201	0	200	/home/user/vllm/logs/speed_test/sglang-nonsd_b128_speed_tp2/run1_sglang-nonsd_106.json
1	sglang-nonsd	107	107	1785230056805434179	1785230078278500322	21.473066	0	200	/home/user/vllm/logs/speed_test/sglang-nonsd_b128_speed_tp2/run1_sglang-nonsd_107.json
1	sglang-nonsd	108	108	1785230056805967567	1785230079818696481	23.012729	0	200	/home/user/vllm/logs/speed_test/sglang-nonsd_b128_speed_tp2/run1_sglang-nonsd_108.json
1	sglang-nonsd	109	109	1785230056806483399	1785230071152389080	14.345906	0	200	/home/user/vllm/logs/speed_test/sglang-nonsd_b128_speed_tp2/run1_sglang-nonsd_109.json
1	sglang-nonsd	110	110	1785230056806827776	1785230078865512958	22.058685	0	200	/home/user/vllm/logs/speed_test/sglang-nonsd_b128_speed_tp2/run1_sglang-nonsd_110.json
1	sglang-nonsd	111	111	1785230056807260662	1785230079824895632	23.017635	0	200	/home/user/vllm/logs/speed_test/sglang-nonsd_b128_speed_tp2/run1_sglang-nonsd_111.json
1	sglang-nonsd	112	112	1785230056807747220	1785230074646165656	17.838418	0	200	/home/user/vllm/logs/speed_test/sglang-nonsd_b128_speed_tp2/run1_sglang-nonsd_112.json
1	sglang-nonsd	113	113	1785230056808377043	1785230076966847408	20.158470	0	200	/home/user/vllm/logs/speed_test/sglang-nonsd_b128_speed_tp2/run1_sglang-nonsd_113.json
1	sglang-nonsd	114	114	1785230056808794064	1785230082860476593	26.051683	0	200	/home/user/vllm/logs/speed_test/sglang-nonsd_b128_speed_tp2/run1_sglang-nonsd_114.json
1	sglang-nonsd	115	115	1785230056809279092	1785230082758695610	25.949417	0	200	/home/user/vllm/logs/speed_test/sglang-nonsd_b128_speed_tp2/run1_sglang-nonsd_115.json
1	sglang-nonsd	116	116	1785230056809666482	1785230083260446571	26.450780	0	200	/home/user/vllm/logs/speed_test/sglang-nonsd_b128_speed_tp2/run1_sglang-nonsd_116.json
1	sglang-nonsd	117	117	1785230056810136317	1785230080089349190	23.279213	0	200	/home/user/vllm/logs/speed_test/sglang-nonsd_b128_speed_tp2/run1_sglang-nonsd_117.json
1	sglang-nonsd	118	118	1785230056810671795	1785230082698118309	25.887447	0	200	/home/user/vllm/logs/speed_test/sglang-nonsd_b128_speed_tp2/run1_sglang-nonsd_118.json
1	sglang-nonsd	119	119	1785230056810920201	1785230077711802631	20.900882	0	200	/home/user/vllm/logs/speed_test/sglang-nonsd_b128_speed_tp2/run1_sglang-nonsd_119.json
1	sglang-nonsd	120	120	1785230056811412634	1785230081127277813	24.315865	0	200	/home/user/vllm/logs/speed_test/sglang-nonsd_b128_speed_tp2/run1_sglang-nonsd_120.json
1	sglang-nonsd	121	121	1785230056811879226	1785230083822495844	27.010617	0	200	/home/user/vllm/logs/speed_test/sglang-nonsd_b128_speed_tp2/run1_sglang-nonsd_121.json
1	sglang-nonsd	122	122	1785230056812364630	1785230077981850564	21.169486	0	200	/home/user/vllm/logs/speed_test/sglang-nonsd_b128_speed_tp2/run1_sglang-nonsd_122.json
1	sglang-nonsd	123	123	1785230056812653755	1785230081513034629	24.700381	0	200	/home/user/vllm/logs/speed_test/sglang-nonsd_b128_speed_tp2/run1_sglang-nonsd_123.json
1	sglang-nonsd	124	124	1785230056813119106	1785230083279634943	26.466516	0	200	/home/user/vllm/logs/speed_test/sglang-nonsd_b128_speed_tp2/run1_sglang-nonsd_124.json
1	sglang-nonsd	125	125	1785230056813493541	1785230080204480699	23.390987	0	200	/home/user/vllm/logs/speed_test/sglang-nonsd_b128_speed_tp2/run1_sglang-nonsd_125.json
1	sglang-nonsd	126	126	1785230056813980847	1785230084607009665	27.793029	0	200	/home/user/vllm/logs/speed_test/sglang-nonsd_b128_speed_tp2/run1_sglang-nonsd_126.json
1	sglang-nonsd	127	127	1785230056814521289	1785230084874362338	28.059841	0	200	/home/user/vllm/logs/speed_test/sglang-nonsd_b128_speed_tp2/run1_sglang-nonsd_127.json
2	sglang-nonsd	0	0	1785230140415691937	1785230154907000770	14.491309	0	200	/home/user/vllm/logs/speed_test/sglang-nonsd_b128_speed_tp2/run2_sglang-nonsd_0.json
2	sglang-nonsd	1	1	1785230140417622212	1785230159391685247	18.974063	0	200	/home/user/vllm/logs/speed_test/sglang-nonsd_b128_speed_tp2/run2_sglang-nonsd_1.json
2	sglang-nonsd	2	2	1785230140417568443	1785230153828730006	13.411162	0	200	/home/user/vllm/logs/speed_test/sglang-nonsd_b128_speed_tp2/run2_sglang-nonsd_2.json
2	sglang-nonsd	3	3	1785230140417821845	1785230153330876953	12.913055	0	200	/home/user/vllm/logs/speed_test/sglang-nonsd_b128_speed_tp2/run2_sglang-nonsd_3.json
2	sglang-nonsd	4	4	1785230140420239455	1785230148127123858	7.706884	0	200	/home/user/vllm/logs/speed_test/sglang-nonsd_b128_speed_tp2/run2_sglang-nonsd_4.json
2	sglang-nonsd	5	5	1785230140419319804	1785230153652924880	13.233605	0	200	/home/user/vllm/logs/speed_test/sglang-nonsd_b128_speed_tp2/run2_sglang-nonsd_5.json
2	sglang-nonsd	6	6	1785230140419979600	1785230152562767669	12.142788	0	200	/home/user/vllm/logs/speed_test/sglang-nonsd_b128_speed_tp2/run2_sglang-nonsd_6.json
2	sglang-nonsd	7	7	1785230140420749974	1785230162502877921	22.082128	0	200	/home/user/vllm/logs/speed_test/sglang-nonsd_b128_speed_tp2/run2_sglang-nonsd_7.json
2	sglang-nonsd	8	8	1785230140421364542	1785230153064337707	12.642973	0	200	/home/user/vllm/logs/speed_test/sglang-nonsd_b128_speed_tp2/run2_sglang-nonsd_8.json
2	sglang-nonsd	9	9	1785230140422049649	1785230158066789308	17.644740	0	200	/home/user/vllm/logs/speed_test/sglang-nonsd_b128_speed_tp2/run2_sglang-nonsd_9.json
2	sglang-nonsd	10	10	1785230140422759399	1785230153329718371	12.906959	0	200	/home/user/vllm/logs/speed_test/sglang-nonsd_b128_speed_tp2/run2_sglang-nonsd_10.json
2	sglang-nonsd	11	11	1785230140423366072	1785230158238523633	17.815158	0	200	/home/user/vllm/logs/speed_test/sglang-nonsd_b128_speed_tp2/run2_sglang-nonsd_11.json
2	sglang-nonsd	12	12	1785230140424170245	1785230160635847709	20.211677	0	200	/home/user/vllm/logs/speed_test/sglang-nonsd_b128_speed_tp2/run2_sglang-nonsd_12.json
2	sglang-nonsd	13	13	1785230140424670834	1785230152065968828	11.641298	0	200	/home/user/vllm/logs/speed_test/sglang-nonsd_b128_speed_tp2/run2_sglang-nonsd_13.json
2	sglang-nonsd	14	14	1785230140425361205	1785230157270548727	16.845188	0	200	/home/user/vllm/logs/speed_test/sglang-nonsd_b128_speed_tp2/run2_sglang-nonsd_14.json
2	sglang-nonsd	15	15	1785230140426025380	1785230152698563724	12.272538	0	200	/home/user/vllm/logs/speed_test/sglang-nonsd_b128_speed_tp2/run2_sglang-nonsd_15.json
2	sglang-nonsd	16	16	1785230140426637241	1785230155486734308	15.060097	0	200	/home/user/vllm/logs/speed_test/sglang-nonsd_b128_speed_tp2/run2_sglang-nonsd_16.json
2	sglang-nonsd	17	17	1785230140427355665	1785230151437482192	11.010127	0	200	/home/user/vllm/logs/speed_test/sglang-nonsd_b128_speed_tp2/run2_sglang-nonsd_17.json
2	sglang-nonsd	18	18	1785230140428055343	1785230162502995635	22.074940	0	200	/home/user/vllm/logs/speed_test/sglang-nonsd_b128_speed_tp2/run2_sglang-nonsd_18.json
2	sglang-nonsd	19	19	1785230140428705400	1785230155715024703	15.286319	0	200	/home/user/vllm/logs/speed_test/sglang-nonsd_b128_speed_tp2/run2_sglang-nonsd_19.json
2	sglang-nonsd	20	20	1785230140429380155	1785230157452788218	17.023408	0	200	/home/user/vllm/logs/speed_test/sglang-nonsd_b128_speed_tp2/run2_sglang-nonsd_20.json
2	sglang-nonsd	21	21	1785230140430060508	1785230154637717087	14.207657	0	200	/home/user/vllm/logs/speed_test/sglang-nonsd_b128_speed_tp2/run2_sglang-nonsd_21.json
2	sglang-nonsd	22	22	1785230140430663073	1785230159052567650	18.621905	0	200	/home/user/vllm/logs/speed_test/sglang-nonsd_b128_speed_tp2/run2_sglang-nonsd_22.json
2	sglang-nonsd	23	23	1785230140431401611	1785230157314253599	16.882852	0	200	/home/user/vllm/logs/speed_test/sglang-nonsd_b128_speed_tp2/run2_sglang-nonsd_23.json
2	sglang-nonsd	24	24	1785230140432116358	1785230157354114736	16.921998	0	200	/home/user/vllm/logs/speed_test/sglang-nonsd_b128_speed_tp2/run2_sglang-nonsd_24.json
2	sglang-nonsd	25	25	1785230140432788183	1785230158988469463	18.555681	0	200	/home/user/vllm/logs/speed_test/sglang-nonsd_b128_speed_tp2/run2_sglang-nonsd_25.json
2	sglang-nonsd	26	26	1785230140433439698	1785230158446881890	18.013442	0	200	/home/user/vllm/logs/speed_test/sglang-nonsd_b128_speed_tp2/run2_sglang-nonsd_26.json
2	sglang-nonsd	27	27	1785230140434153414	1785230151082302211	10.648149	0	200	/home/user/vllm/logs/speed_test/sglang-nonsd_b128_speed_tp2/run2_sglang-nonsd_27.json
2	sglang-nonsd	28	28	1785230140434744365	1785230151303997855	10.869253	0	200	/home/user/vllm/logs/speed_test/sglang-nonsd_b128_speed_tp2/run2_sglang-nonsd_28.json
2	sglang-nonsd	29	29	1785230140435460021	1785230154724658596	14.289199	0	200	/home/user/vllm/logs/speed_test/sglang-nonsd_b128_speed_tp2/run2_sglang-nonsd_29.json
2	sglang-nonsd	30	30	1785230140436160491	1785230162505269102	22.069109	0	200	/home/user/vllm/logs/speed_test/sglang-nonsd_b128_speed_tp2/run2_sglang-nonsd_30.json
2	sglang-nonsd	31	31	1785230140436785484	1785230158648637247	18.211852	0	200	/home/user/vllm/logs/speed_test/sglang-nonsd_b128_speed_tp2/run2_sglang-nonsd_31.json
2	sglang-nonsd	32	32	1785230140437483220	1785230154907152611	14.469669	0	200	/home/user/vllm/logs/speed_test/sglang-nonsd_b128_speed_tp2/run2_sglang-nonsd_32.json
2	sglang-nonsd	33	33	1785230140438123661	1785230152518379275	12.080256	0	200	/home/user/vllm/logs/speed_test/sglang-nonsd_b128_speed_tp2/run2_sglang-nonsd_33.json
2	sglang-nonsd	34	34	1785230140438863130	1785230153829020575	13.390157	0	200	/home/user/vllm/logs/speed_test/sglang-nonsd_b128_speed_tp2/run2_sglang-nonsd_34.json
2	sglang-nonsd	35	35	1785230140439506198	1785230153149866066	12.710360	0	200	/home/user/vllm/logs/speed_test/sglang-nonsd_b128_speed_tp2/run2_sglang-nonsd_35.json
2	sglang-nonsd	36	36	1785230140440176572	1785230149246872932	8.806696	0	200	/home/user/vllm/logs/speed_test/sglang-nonsd_b128_speed_tp2/run2_sglang-nonsd_36.json
2	sglang-nonsd	37	37	1785230140440868659	1785230153381067001	12.940198	0	200	/home/user/vllm/logs/speed_test/sglang-nonsd_b128_speed_tp2/run2_sglang-nonsd_37.json
2	sglang-nonsd	38	38	1785230140441527109	1785230153289053357	12.847526	0	200	/home/user/vllm/logs/speed_test/sglang-nonsd_b128_speed_tp2/run2_sglang-nonsd_38.json
2	sglang-nonsd	39	39	1785230140442189523	1785230157453070795	17.010881	0	200	/home/user/vllm/logs/speed_test/sglang-nonsd_b128_speed_tp2/run2_sglang-nonsd_39.json
2	sglang-nonsd	40	40	1785230140442822049	1785230147891074719	7.448253	0	200	/home/user/vllm/logs/speed_test/sglang-nonsd_b128_speed_tp2/run2_sglang-nonsd_40.json
2	sglang-nonsd	41	41	1785230140443564065	1785230156510441147	16.066877	0	200	/home/user/vllm/logs/speed_test/sglang-nonsd_b128_speed_tp2/run2_sglang-nonsd_41.json
2	sglang-nonsd	42	42	1785230140444238369	1785230155041202796	14.596964	0	200	/home/user/vllm/logs/speed_test/sglang-nonsd_b128_speed_tp2/run2_sglang-nonsd_42.json
2	sglang-nonsd	43	43	1785230140444911750	1785230153422871896	12.977960	0	200	/home/user/vllm/logs/speed_test/sglang-nonsd_b128_speed_tp2/run2_sglang-nonsd_43.json
2	sglang-nonsd	44	44	1785230140445637560	1785230155310393165	14.864756	0	200	/home/user/vllm/logs/speed_test/sglang-nonsd_b128_speed_tp2/run2_sglang-nonsd_44.json
2	sglang-nonsd	45	45	1785230140446186807	1785230155983509192	15.537322	0	200	/home/user/vllm/logs/speed_test/sglang-nonsd_b128_speed_tp2/run2_sglang-nonsd_45.json
2	sglang-nonsd	46	46	1785230140446882464	1785230151257766373	10.810884	0	200	/home/user/vllm/logs/speed_test/sglang-nonsd_b128_speed_tp2/run2_sglang-nonsd_46.json
2	sglang-nonsd	47	47	1785230140447538632	1785230156554842941	16.107304	0	200	/home/user/vllm/logs/speed_test/sglang-nonsd_b128_speed_tp2/run2_sglang-nonsd_47.json
2	sglang-nonsd	48	48	1785230140448264564	1785230155083541596	14.635277	0	200	/home/user/vllm/logs/speed_test/sglang-nonsd_b128_speed_tp2/run2_sglang-nonsd_48.json
2	sglang-nonsd	49	49	1785230140448952402	1785230153914620294	13.465668	0	200	/home/user/vllm/logs/speed_test/sglang-nonsd_b128_speed_tp2/run2_sglang-nonsd_49.json
2	sglang-nonsd	50	50	1785230140449643880	1785230157998627326	17.548983	0	200	/home/user/vllm/logs/speed_test/sglang-nonsd_b128_speed_tp2/run2_sglang-nonsd_50.json
2	sglang-nonsd	51	51	1785230140450289076	1785230162012465597	21.562177	0	200	/home/user/vllm/logs/speed_test/sglang-nonsd_b128_speed_tp2/run2_sglang-nonsd_51.json
2	sglang-nonsd	52	52	1785230140450919864	1785230149649214870	9.198295	0	200	/home/user/vllm/logs/speed_test/sglang-nonsd_b128_speed_tp2/run2_sglang-nonsd_52.json
2	sglang-nonsd	53	53	1785230140451669276	1785230151615897646	11.164228	0	200	/home/user/vllm/logs/speed_test/sglang-nonsd_b128_speed_tp2/run2_sglang-nonsd_53.json
2	sglang-nonsd	54	54	1785230140452321964	1785230162505484693	22.053163	0	200	/home/user/vllm/logs/speed_test/sglang-nonsd_b128_speed_tp2/run2_sglang-nonsd_54.json
2	sglang-nonsd	55	55	1785230140452941992	1785230161306710797	20.853769	0	200	/home/user/vllm/logs/speed_test/sglang-nonsd_b128_speed_tp2/run2_sglang-nonsd_55.json
2	sglang-nonsd	56	56	1785230140453578694	1785230162502380685	22.048802	0	200	/home/user/vllm/logs/speed_test/sglang-nonsd_b128_speed_tp2/run2_sglang-nonsd_56.json
2	sglang-nonsd	57	57	1785230140454213320	1785230154905858773	14.451645	0	200	/home/user/vllm/logs/speed_test/sglang-nonsd_b128_speed_tp2/run2_sglang-nonsd_57.json
2	sglang-nonsd	58	58	1785230140454837956	1785230155577997583	15.123160	0	200	/home/user/vllm/logs/speed_test/sglang-nonsd_b128_speed_tp2/run2_sglang-nonsd_58.json
2	sglang-nonsd	59	59	1785230140455451015	1785230150592449891	10.136999	0	200	/home/user/vllm/logs/speed_test/sglang-nonsd_b128_speed_tp2/run2_sglang-nonsd_59.json
2	sglang-nonsd	60	60	1785230140456117079	1785230158791156925	18.335040	0	200	/home/user/vllm/logs/speed_test/sglang-nonsd_b128_speed_tp2/run2_sglang-nonsd_60.json
2	sglang-nonsd	61	61	1785230140456712849	1785230154547307608	14.090595	0	200	/home/user/vllm/logs/speed_test/sglang-nonsd_b128_speed_tp2/run2_sglang-nonsd_61.json
2	sglang-nonsd	62	62	1785230140457364086	1785230155038671930	14.581308	0	200	/home/user/vllm/logs/speed_test/sglang-nonsd_b128_speed_tp2/run2_sglang-nonsd_62.json
2	sglang-nonsd	63	63	1785230140457935407	1785230156962808452	16.504873	0	200	/home/user/vllm/logs/speed_test/sglang-nonsd_b128_speed_tp2/run2_sglang-nonsd_63.json
2	sglang-nonsd	64	64	1785230140458534172	1785230162504446407	22.045912	0	200	/home/user/vllm/logs/speed_test/sglang-nonsd_b128_speed_tp2/run2_sglang-nonsd_64.json
2	sglang-nonsd	65	65	1785230140459211467	1785230158375737290	17.916526	0	200	/home/user/vllm/logs/speed_test/sglang-nonsd_b128_speed_tp2/run2_sglang-nonsd_65.json
2	sglang-nonsd	66	66	1785230140459789500	1785230162505288416	22.045499	0	200	/home/user/vllm/logs/speed_test/sglang-nonsd_b128_speed_tp2/run2_sglang-nonsd_66.json
2	sglang-nonsd	67	67	1785230140460407545	1785230156115551632	15.655144	0	200	/home/user/vllm/logs/speed_test/sglang-nonsd_b128_speed_tp2/run2_sglang-nonsd_67.json
2	sglang-nonsd	68	68	1785230140460988021	1785230150766358899	10.305371	0	200	/home/user/vllm/logs/speed_test/sglang-nonsd_b128_speed_tp2/run2_sglang-nonsd_68.json
2	sglang-nonsd	69	69	1785230140461521572	1785230153916331105	13.454810	0	200	/home/user/vllm/logs/speed_test/sglang-nonsd_b128_speed_tp2/run2_sglang-nonsd_69.json
2	sglang-nonsd	70	70	1785230140462106850	1785230162504929812	22.042823	0	200	/home/user/vllm/logs/speed_test/sglang-nonsd_b128_speed_tp2/run2_sglang-nonsd_70.json
2	sglang-nonsd	71	71	1785230140462684758	1785230158614187361	18.151503	0	200	/home/user/vllm/logs/speed_test/sglang-nonsd_b128_speed_tp2/run2_sglang-nonsd_71.json
2	sglang-nonsd	72	72	1785230140463217256	1785230156920332597	16.457115	0	200	/home/user/vllm/logs/speed_test/sglang-nonsd_b128_speed_tp2/run2_sglang-nonsd_72.json
2	sglang-nonsd	73	73	1785230140463847788	1785230152250731275	11.786883	0	200	/home/user/vllm/logs/speed_test/sglang-nonsd_b128_speed_tp2/run2_sglang-nonsd_73.json
2	sglang-nonsd	74	74	1785230140464433138	1785230155353399762	14.888967	0	200	/home/user/vllm/logs/speed_test/sglang-nonsd_b128_speed_tp2/run2_sglang-nonsd_74.json
2	sglang-nonsd	75	75	1785230140464980800	1785230152744564548	12.279584	0	200	/home/user/vllm/logs/speed_test/sglang-nonsd_b128_speed_tp2/run2_sglang-nonsd_75.json
2	sglang-nonsd	76	76	1785230140465465640	1785230160603967396	20.138502	0	200	/home/user/vllm/logs/speed_test/sglang-nonsd_b128_speed_tp2/run2_sglang-nonsd_76.json
2	sglang-nonsd	77	77	1785230140466013057	1785230162505212347	22.039199	0	200	/home/user/vllm/logs/speed_test/sglang-nonsd_b128_speed_tp2/run2_sglang-nonsd_77.json
2	sglang-nonsd	78	78	1785230140466535277	1785230155486272724	15.019737	0	200	/home/user/vllm/logs/speed_test/sglang-nonsd_b128_speed_tp2/run2_sglang-nonsd_78.json
2	sglang-nonsd	79	79	1785230140467032893	1785230158205931868	17.738899	0	200	/home/user/vllm/logs/speed_test/sglang-nonsd_b128_speed_tp2/run2_sglang-nonsd_79.json
2	sglang-nonsd	80	80	1785230140467655852	1785230162504259127	22.036603	0	200	/home/user/vllm/logs/speed_test/sglang-nonsd_b128_speed_tp2/run2_sglang-nonsd_80.json
2	sglang-nonsd	81	81	1785230140468249455	1785230160469823697	20.001574	0	200	/home/user/vllm/logs/speed_test/sglang-nonsd_b128_speed_tp2/run2_sglang-nonsd_81.json
2	sglang-nonsd	82	82	1785230140468615894	1785230155440107446	14.971492	0	200	/home/user/vllm/logs/speed_test/sglang-nonsd_b128_speed_tp2/run2_sglang-nonsd_82.json
2	sglang-nonsd	83	83	1785230140469143811	1785230152653826184	12.184682	0	200	/home/user/vllm/logs/speed_test/sglang-nonsd_b128_speed_tp2/run2_sglang-nonsd_83.json
2	sglang-nonsd	84	84	1785230140469624462	1785230159898883289	19.429259	0	200	/home/user/vllm/logs/speed_test/sglang-nonsd_b128_speed_tp2/run2_sglang-nonsd_84.json
2	sglang-nonsd	85	85	1785230140470109583	1785230158549765716	18.079656	0	200	/home/user/vllm/logs/speed_test/sglang-nonsd_b128_speed_tp2/run2_sglang-nonsd_85.json
2	sglang-nonsd	86	86	1785230140470617078	1785230154817868133	14.347251	0	200	/home/user/vllm/logs/speed_test/sglang-nonsd_b128_speed_tp2/run2_sglang-nonsd_86.json
2	sglang-nonsd	87	87	1785230140471111757	1785230159391036063	18.919924	0	200	/home/user/vllm/logs/speed_test/sglang-nonsd_b128_speed_tp2/run2_sglang-nonsd_87.json
2	sglang-nonsd	88	88	1785230140471659859	1785230162504912830	22.033253	0	200	/home/user/vllm/logs/speed_test/sglang-nonsd_b128_speed_tp2/run2_sglang-nonsd_88.json
2	sglang-nonsd	89	89	1785230140472127650	1785230162505482202	22.033355	0	200	/home/user/vllm/logs/speed_test/sglang-nonsd_b128_speed_tp2/run2_sglang-nonsd_89.json
2	sglang-nonsd	90	90	1785230140472532478	1785230162115304947	21.642772	0	200	/home/user/vllm/logs/speed_test/sglang-nonsd_b128_speed_tp2/run2_sglang-nonsd_90.json
2	sglang-nonsd	91	91	1785230140473098611	1785230155308987015	14.835888	0	200	/home/user/vllm/logs/speed_test/sglang-nonsd_b128_speed_tp2/run2_sglang-nonsd_91.json
2	sglang-nonsd	92	92	1785230140473529197	1785230152384868175	11.911339	0	200	/home/user/vllm/logs/speed_test/sglang-nonsd_b128_speed_tp2/run2_sglang-nonsd_92.json
2	sglang-nonsd	93	93	1785230140473971760	1785230157759511495	17.285540	0	200	/home/user/vllm/logs/speed_test/sglang-nonsd_b128_speed_tp2/run2_sglang-nonsd_93.json
2	sglang-nonsd	94	94	1785230140474504701	1785230152385238085	11.910733	0	200	/home/user/vllm/logs/speed_test/sglang-nonsd_b128_speed_tp2/run2_sglang-nonsd_94.json
2	sglang-nonsd	95	95	1785230140474972073	1785230150139165481	9.664193	0	200	/home/user/vllm/logs/speed_test/sglang-nonsd_b128_speed_tp2/run2_sglang-nonsd_95.json
2	sglang-nonsd	96	96	1785230140475383382	1785230158578440100	18.103057	0	200	/home/user/vllm/logs/speed_test/sglang-nonsd_b128_speed_tp2/run2_sglang-nonsd_96.json
2	sglang-nonsd	97	97	1785230140475863756	1785230163619201495	23.143338	0	200	/home/user/vllm/logs/speed_test/sglang-nonsd_b128_speed_tp2/run2_sglang-nonsd_97.json
2	sglang-nonsd	98	98	1785230140476322821	1785230159086999243	18.610676	0	200	/home/user/vllm/logs/speed_test/sglang-nonsd_b128_speed_tp2/run2_sglang-nonsd_98.json
2	sglang-nonsd	99	99	1785230140476740718	1785230158987158183	18.510417	0	200	/home/user/vllm/logs/speed_test/sglang-nonsd_b128_speed_tp2/run2_sglang-nonsd_99.json
2	sglang-nonsd	100	100	1785230140477152813	1785230156962630271	16.485477	0	200	/home/user/vllm/logs/speed_test/sglang-nonsd_b128_speed_tp2/run2_sglang-nonsd_100.json
2	sglang-nonsd	101	101	1785230140477576013	1785230166262010364	25.784434	0	200	/home/user/vllm/logs/speed_test/sglang-nonsd_b128_speed_tp2/run2_sglang-nonsd_101.json
2	sglang-nonsd	102	102	1785230140478072022	1785230166262904958	25.784833	0	200	/home/user/vllm/logs/speed_test/sglang-nonsd_b128_speed_tp2/run2_sglang-nonsd_102.json
2	sglang-nonsd	103	103	1785230140478489929	1785230158346416837	17.867927	0	200	/home/user/vllm/logs/speed_test/sglang-nonsd_b128_speed_tp2/run2_sglang-nonsd_103.json
2	sglang-nonsd	104	104	1785230140478972407	1785230166262137159	25.783165	0	200	/home/user/vllm/logs/speed_test/sglang-nonsd_b128_speed_tp2/run2_sglang-nonsd_104.json
2	sglang-nonsd	105	105	1785230140479423212	1785230163786965860	23.307543	0	200	/home/user/vllm/logs/speed_test/sglang-nonsd_b128_speed_tp2/run2_sglang-nonsd_105.json
2	sglang-nonsd	106	106	1785230140479871225	1785230158034739058	17.554868	0	200	/home/user/vllm/logs/speed_test/sglang-nonsd_b128_speed_tp2/run2_sglang-nonsd_106.json
2	sglang-nonsd	107	107	1785230140480282269	1785230166216891724	25.736609	0	200	/home/user/vllm/logs/speed_test/sglang-nonsd_b128_speed_tp2/run2_sglang-nonsd_107.json
2	sglang-nonsd	108	108	1785230140480655686	1785230161950935039	21.470279	0	200	/home/user/vllm/logs/speed_test/sglang-nonsd_b128_speed_tp2/run2_sglang-nonsd_108.json
2	sglang-nonsd	109	109	1785230140481054660	1785230159997540614	19.516486	0	200	/home/user/vllm/logs/speed_test/sglang-nonsd_b128_speed_tp2/run2_sglang-nonsd_109.json
2	sglang-nonsd	110	110	1785230140481462310	1785230165554330217	25.072868	0	200	/home/user/vllm/logs/speed_test/sglang-nonsd_b128_speed_tp2/run2_sglang-nonsd_110.json
2	sglang-nonsd	111	111	1785230140481911225	1785230163218927466	22.737016	0	200	/home/user/vllm/logs/speed_test/sglang-nonsd_b128_speed_tp2/run2_sglang-nonsd_111.json
2	sglang-nonsd	112	112	1785230140482415662	1785230156777024565	16.294609	0	200	/home/user/vllm/logs/speed_test/sglang-nonsd_b128_speed_tp2/run2_sglang-nonsd_112.json
2	sglang-nonsd	113	113	1785230140482766643	1785230164927520933	24.444754	0	200	/home/user/vllm/logs/speed_test/sglang-nonsd_b128_speed_tp2/run2_sglang-nonsd_113.json
2	sglang-nonsd	114	114	1785230140483295789	1785230166320440030	25.837144	0	200	/home/user/vllm/logs/speed_test/sglang-nonsd_b128_speed_tp2/run2_sglang-nonsd_114.json
2	sglang-nonsd	115	115	1785230140483654197	1785230165172879469	24.689225	0	200	/home/user/vllm/logs/speed_test/sglang-nonsd_b128_speed_tp2/run2_sglang-nonsd_115.json
2	sglang-nonsd	116	116	1785230140485000064	1785230167136911222	26.651911	0	200	/home/user/vllm/logs/speed_test/sglang-nonsd_b128_speed_tp2/run2_sglang-nonsd_116.json
2	sglang-nonsd	117	117	1785230140484515002	1785230162863642961	22.379128	0	200	/home/user/vllm/logs/speed_test/sglang-nonsd_b128_speed_tp2/run2_sglang-nonsd_117.json
2	sglang-nonsd	118	118	1785230140485150225	1785230165443031238	24.957881	0	200	/home/user/vllm/logs/speed_test/sglang-nonsd_b128_speed_tp2/run2_sglang-nonsd_118.json
2	sglang-nonsd	119	119	1785230140485428762	1785230162279818582	21.794390	0	200	/home/user/vllm/logs/speed_test/sglang-nonsd_b128_speed_tp2/run2_sglang-nonsd_119.json
2	sglang-nonsd	120	120	1785230140485790816	1785230163544987239	23.059196	0	200	/home/user/vllm/logs/speed_test/sglang-nonsd_b128_speed_tp2/run2_sglang-nonsd_120.json
2	sglang-nonsd	121	121	1785230140486200223	1785230166138521345	25.652321	0	200	/home/user/vllm/logs/speed_test/sglang-nonsd_b128_speed_tp2/run2_sglang-nonsd_121.json
2	sglang-nonsd	122	122	1785230140486648532	1785230160771090255	20.284442	0	200	/home/user/vllm/logs/speed_test/sglang-nonsd_b128_speed_tp2/run2_sglang-nonsd_122.json
2	sglang-nonsd	123	123	1785230140487031268	1785230164373397163	23.886366	0	200	/home/user/vllm/logs/speed_test/sglang-nonsd_b128_speed_tp2/run2_sglang-nonsd_123.json
2	sglang-nonsd	124	124	1785230140487377303	1785230164694273384	24.206896	0	200	/home/user/vllm/logs/speed_test/sglang-nonsd_b128_speed_tp2/run2_sglang-nonsd_124.json
2	sglang-nonsd	125	125	1785230140487846120	1785230159326408465	18.838562	0	200	/home/user/vllm/logs/speed_test/sglang-nonsd_b128_speed_tp2/run2_sglang-nonsd_125.json
2	sglang-nonsd	126	126	1785230140488151464	1785230167574601759	27.086450	0	200	/home/user/vllm/logs/speed_test/sglang-nonsd_b128_speed_tp2/run2_sglang-nonsd_126.json
2	sglang-nonsd	127	127	1785230140488654465	1785230167157419418	26.668765	0	200	/home/user/vllm/logs/speed_test/sglang-nonsd_b128_speed_tp2/run2_sglang-nonsd_127.json
3	sglang-nonsd	0	0	1785230223189639079	1785230237601084054	14.411445	0	200	/home/user/vllm/logs/speed_test/sglang-nonsd_b128_speed_tp2/run3_sglang-nonsd_0.json
3	sglang-nonsd	1	1	1785230223191626963	1785230241952440448	18.760813	0	200	/home/user/vllm/logs/speed_test/sglang-nonsd_b128_speed_tp2/run3_sglang-nonsd_1.json
3	sglang-nonsd	2	2	1785230223192382239	1785230239434326051	16.241944	0	200	/home/user/vllm/logs/speed_test/sglang-nonsd_b128_speed_tp2/run3_sglang-nonsd_2.json
3	sglang-nonsd	3	3	1785230223191787883	1785230236072281844	12.880494	0	200	/home/user/vllm/logs/speed_test/sglang-nonsd_b128_speed_tp2/run3_sglang-nonsd_3.json
3	sglang-nonsd	4	4	1785230223192670916	1785230233280346538	10.087676	0	200	/home/user/vllm/logs/speed_test/sglang-nonsd_b128_speed_tp2/run3_sglang-nonsd_4.json
3	sglang-nonsd	5	5	1785230223194767325	1785230236342334742	13.147567	0	200	/home/user/vllm/logs/speed_test/sglang-nonsd_b128_speed_tp2/run3_sglang-nonsd_5.json
3	sglang-nonsd	6	6	1785230223194060325	1785230235264547696	12.070487	0	200	/home/user/vllm/logs/speed_test/sglang-nonsd_b128_speed_tp2/run3_sglang-nonsd_6.json
3	sglang-nonsd	7	7	1785230223194806917	1785230242867618936	19.672812	0	200	/home/user/vllm/logs/speed_test/sglang-nonsd_b128_speed_tp2/run3_sglang-nonsd_7.json
3	sglang-nonsd	8	8	1785230223195447774	1785230235760027263	12.564579	0	200	/home/user/vllm/logs/speed_test/sglang-nonsd_b128_speed_tp2/run3_sglang-nonsd_8.json
3	sglang-nonsd	9	9	1785230223196298615	1785230241030849912	17.834551	0	200	/home/user/vllm/logs/speed_test/sglang-nonsd_b128_speed_tp2/run3_sglang-nonsd_9.json
3	sglang-nonsd	10	10	1785230223196991404	1785230235493788920	12.296798	0	200	/home/user/vllm/logs/speed_test/sglang-nonsd_b128_speed_tp2/run3_sglang-nonsd_10.json
3	sglang-nonsd	11	11	1785230223197797774	1785230235848723419	12.650926	0	200	/home/user/vllm/logs/speed_test/sglang-nonsd_b128_speed_tp2/run3_sglang-nonsd_11.json
3	sglang-nonsd	12	12	1785230223198474838	1785230240239001019	17.040526	0	200	/home/user/vllm/logs/speed_test/sglang-nonsd_b128_speed_tp2/run3_sglang-nonsd_12.json
3	sglang-nonsd	13	13	1785230223199254985	1785230234540570936	11.341316	0	200	/home/user/vllm/logs/speed_test/sglang-nonsd_b128_speed_tp2/run3_sglang-nonsd_13.json
3	sglang-nonsd	14	14	1785230223200009435	1785230240238600697	17.038591	0	200	/home/user/vllm/logs/speed_test/sglang-nonsd_b128_speed_tp2/run3_sglang-nonsd_14.json
3	sglang-nonsd	15	15	1785230223200701193	1785230235494368116	12.293667	0	200	/home/user/vllm/logs/speed_test/sglang-nonsd_b128_speed_tp2/run3_sglang-nonsd_15.json
3	sglang-nonsd	16	16	1785230223201554333	1785230238182522661	14.980968	0	200	/home/user/vllm/logs/speed_test/sglang-nonsd_b128_speed_tp2/run3_sglang-nonsd_16.json
3	sglang-nonsd	17	17	1785230223202264563	1785230234228933397	11.026669	0	200	/home/user/vllm/logs/speed_test/sglang-nonsd_b128_speed_tp2/run3_sglang-nonsd_17.json
3	sglang-nonsd	18	18	1785230223202932738	1785230245180143037	21.977210	0	200	/home/user/vllm/logs/speed_test/sglang-nonsd_b128_speed_tp2/run3_sglang-nonsd_18.json
3	sglang-nonsd	19	19	1785230223203699793	1785230238227701785	15.024002	0	200	/home/user/vllm/logs/speed_test/sglang-nonsd_b128_speed_tp2/run3_sglang-nonsd_19.json
3	sglang-nonsd	20	20	1785230223204454616	1785230240145044790	16.940590	0	200	/home/user/vllm/logs/speed_test/sglang-nonsd_b128_speed_tp2/run3_sglang-nonsd_20.json
3	sglang-nonsd	21	21	1785230223205160443	1785230238013662071	14.808502	0	200	/home/user/vllm/logs/speed_test/sglang-nonsd_b128_speed_tp2/run3_sglang-nonsd_21.json
3	sglang-nonsd	22	22	1785230223205892226	1785230242122645773	18.916754	0	200	/home/user/vllm/logs/speed_test/sglang-nonsd_b128_speed_tp2/run3_sglang-nonsd_22.json
3	sglang-nonsd	23	23	1785230223206576175	1785230240018488117	16.811912	0	200	/home/user/vllm/logs/speed_test/sglang-nonsd_b128_speed_tp2/run3_sglang-nonsd_23.json
3	sglang-nonsd	24	24	1785230223207294728	1785230241577666290	18.370372	0	200	/home/user/vllm/logs/speed_test/sglang-nonsd_b128_speed_tp2/run3_sglang-nonsd_24.json
3	sglang-nonsd	25	25	1785230223208008381	1785230241713494377	18.505486	0	200	/home/user/vllm/logs/speed_test/sglang-nonsd_b128_speed_tp2/run3_sglang-nonsd_25.json
3	sglang-nonsd	26	26	1785230223208630008	1785230241168082345	17.959452	0	200	/home/user/vllm/logs/speed_test/sglang-nonsd_b128_speed_tp2/run3_sglang-nonsd_26.json
3	sglang-nonsd	27	27	1785230223209423866	1785230236165319633	12.955896	0	200	/home/user/vllm/logs/speed_test/sglang-nonsd_b128_speed_tp2/run3_sglang-nonsd_27.json
3	sglang-nonsd	28	28	1785230223210196854	1785230233324072977	10.113876	0	200	/home/user/vllm/logs/speed_test/sglang-nonsd_b128_speed_tp2/run3_sglang-nonsd_28.json
3	sglang-nonsd	29	29	1785230223210779623	1785230239700394182	16.489615	0	200	/home/user/vllm/logs/speed_test/sglang-nonsd_b128_speed_tp2/run3_sglang-nonsd_29.json
3	sglang-nonsd	30	30	1785230223211590848	1785230241815987773	18.604397	0	200	/home/user/vllm/logs/speed_test/sglang-nonsd_b128_speed_tp2/run3_sglang-nonsd_30.json
3	sglang-nonsd	31	31	1785230223212338084	1785230242361890806	19.149553	0	200	/home/user/vllm/logs/speed_test/sglang-nonsd_b128_speed_tp2/run3_sglang-nonsd_31.json
3	sglang-nonsd	32	32	1785230223213031069	1785230237602750904	14.389720	0	200	/home/user/vllm/logs/speed_test/sglang-nonsd_b128_speed_tp2/run3_sglang-nonsd_32.json
3	sglang-nonsd	33	33	1785230223213799040	1785230235085346697	11.871548	0	200	/home/user/vllm/logs/speed_test/sglang-nonsd_b128_speed_tp2/run3_sglang-nonsd_33.json
3	sglang-nonsd	34	34	1785230223214539942	1785230236665850798	13.451311	0	200	/home/user/vllm/logs/speed_test/sglang-nonsd_b128_speed_tp2/run3_sglang-nonsd_34.json
3	sglang-nonsd	35	35	1785230223215227033	1785230235849453622	12.634227	0	200	/home/user/vllm/logs/speed_test/sglang-nonsd_b128_speed_tp2/run3_sglang-nonsd_35.json
3	sglang-nonsd	36	36	1785230223215950940	1785230231932192214	8.716241	0	200	/home/user/vllm/logs/speed_test/sglang-nonsd_b128_speed_tp2/run3_sglang-nonsd_36.json
3	sglang-nonsd	37	37	1785230223216727797	1785230234854691074	11.637963	0	200	/home/user/vllm/logs/speed_test/sglang-nonsd_b128_speed_tp2/run3_sglang-nonsd_37.json
3	sglang-nonsd	38	38	1785230223217466107	1785230236027646668	12.810181	0	200	/home/user/vllm/logs/speed_test/sglang-nonsd_b128_speed_tp2/run3_sglang-nonsd_38.json
3	sglang-nonsd	39	39	1785230223218192641	1785230240346192698	17.128000	0	200	/home/user/vllm/logs/speed_test/sglang-nonsd_b128_speed_tp2/run3_sglang-nonsd_39.json
3	sglang-nonsd	40	40	1785230223218917868	1785230230724746696	7.505829	0	200	/home/user/vllm/logs/speed_test/sglang-nonsd_b128_speed_tp2/run3_sglang-nonsd_40.json
3	sglang-nonsd	41	41	1785230223219724937	1785230238677186395	15.457461	0	200	/home/user/vllm/logs/speed_test/sglang-nonsd_b128_speed_tp2/run3_sglang-nonsd_41.json
3	sglang-nonsd	42	42	1785230223220535214	1785230237153917763	13.933383	0	200	/home/user/vllm/logs/speed_test/sglang-nonsd_b128_speed_tp2/run3_sglang-nonsd_42.json
3	sglang-nonsd	43	43	1785230223221208386	1785230236118283412	12.897075	0	200	/home/user/vllm/logs/speed_test/sglang-nonsd_b128_speed_tp2/run3_sglang-nonsd_43.json
3	sglang-nonsd	44	44	1785230223221858900	1785230244683236755	21.461378	0	200	/home/user/vllm/logs/speed_test/sglang-nonsd_b128_speed_tp2/run3_sglang-nonsd_44.json
3	sglang-nonsd	45	45	1785230223222513405	1785230238676916599	15.454403	0	200	/home/user/vllm/logs/speed_test/sglang-nonsd_b128_speed_tp2/run3_sglang-nonsd_45.json
3	sglang-nonsd	46	46	1785230223223139584	1785230233955558274	10.732419	0	200	/home/user/vllm/logs/speed_test/sglang-nonsd_b128_speed_tp2/run3_sglang-nonsd_46.json
3	sglang-nonsd	47	47	1785230223223907498	1785230239210331281	15.986424	0	200	/home/user/vllm/logs/speed_test/sglang-nonsd_b128_speed_tp2/run3_sglang-nonsd_47.json
3	sglang-nonsd	48	48	1785230223224495599	1785230240017870303	16.793375	0	200	/home/user/vllm/logs/speed_test/sglang-nonsd_b128_speed_tp2/run3_sglang-nonsd_48.json
3	sglang-nonsd	49	49	1785230223225250434	1785230236611912699	13.386662	0	200	/home/user/vllm/logs/speed_test/sglang-nonsd_b128_speed_tp2/run3_sglang-nonsd_49.json
3	sglang-nonsd	50	50	1785230223225784052	1785230240723184274	17.497400	0	200	/home/user/vllm/logs/speed_test/sglang-nonsd_b128_speed_tp2/run3_sglang-nonsd_50.json
3	sglang-nonsd	51	51	1785230223226459227	1785230239570746886	16.344288	0	200	/home/user/vllm/logs/speed_test/sglang-nonsd_b128_speed_tp2/run3_sglang-nonsd_51.json
3	sglang-nonsd	52	52	1785230223227145290	1785230232515016254	9.287871	0	200	/home/user/vllm/logs/speed_test/sglang-nonsd_b128_speed_tp2/run3_sglang-nonsd_52.json
3	sglang-nonsd	53	53	1785230223227614498	1785230242326582896	19.098968	0	200	/home/user/vllm/logs/speed_test/sglang-nonsd_b128_speed_tp2/run3_sglang-nonsd_53.json
3	sglang-nonsd	54	54	1785230223228224898	1785230245182045536	21.953821	0	200	/home/user/vllm/logs/speed_test/sglang-nonsd_b128_speed_tp2/run3_sglang-nonsd_54.json
3	sglang-nonsd	55	55	1785230223228588409	1785230243403704208	20.175116	0	200	/home/user/vllm/logs/speed_test/sglang-nonsd_b128_speed_tp2/run3_sglang-nonsd_55.json
3	sglang-nonsd	56	56	1785230223228989664	1785230245179296661	21.950307	0	200	/home/user/vllm/logs/speed_test/sglang-nonsd_b128_speed_tp2/run3_sglang-nonsd_56.json
3	sglang-nonsd	57	57	1785230223229487210	1785230237288071474	14.058584	0	200	/home/user/vllm/logs/speed_test/sglang-nonsd_b128_speed_tp2/run3_sglang-nonsd_57.json
3	sglang-nonsd	58	58	1785230223230076612	1785230237780319769	14.550243	0	200	/home/user/vllm/logs/speed_test/sglang-nonsd_b128_speed_tp2/run3_sglang-nonsd_58.json
3	sglang-nonsd	59	59	1785230223230385076	1785230233280341487	10.049956	0	200	/home/user/vllm/logs/speed_test/sglang-nonsd_b128_speed_tp2/run3_sglang-nonsd_59.json
3	sglang-nonsd	60	60	1785230223230816765	1785230237555519542	14.324703	0	200	/home/user/vllm/logs/speed_test/sglang-nonsd_b128_speed_tp2/run3_sglang-nonsd_60.json
3	sglang-nonsd	61	61	1785230223231403867	1785230236388777942	13.157374	0	200	/home/user/vllm/logs/speed_test/sglang-nonsd_b128_speed_tp2/run3_sglang-nonsd_61.json
3	sglang-nonsd	62	62	1785230223231809772	1785230242899142393	19.667333	0	200	/home/user/vllm/logs/speed_test/sglang-nonsd_b128_speed_tp2/run3_sglang-nonsd_62.json
3	sglang-nonsd	63	63	1785230223232206612	1785230239621078584	16.388872	0	200	/home/user/vllm/logs/speed_test/sglang-nonsd_b128_speed_tp2/run3_sglang-nonsd_63.json
3	sglang-nonsd	64	64	1785230223232782215	1785230245179246515	21.946464	0	200	/home/user/vllm/logs/speed_test/sglang-nonsd_b128_speed_tp2/run3_sglang-nonsd_64.json
3	sglang-nonsd	65	65	1785230223233253037	1785230241234720372	18.001467	0	200	/home/user/vllm/logs/speed_test/sglang-nonsd_b128_speed_tp2/run3_sglang-nonsd_65.json
3	sglang-nonsd	66	66	1785230223233742276	1785230244143991053	20.910249	0	200	/home/user/vllm/logs/speed_test/sglang-nonsd_b128_speed_tp2/run3_sglang-nonsd_66.json
3	sglang-nonsd	67	67	1785230223234187836	1785230237287860608	14.053673	0	200	/home/user/vllm/logs/speed_test/sglang-nonsd_b128_speed_tp2/run3_sglang-nonsd_67.json
3	sglang-nonsd	68	68	1785230223234581100	1785230233499518974	10.264938	0	200	/home/user/vllm/logs/speed_test/sglang-nonsd_b128_speed_tp2/run3_sglang-nonsd_68.json
3	sglang-nonsd	69	69	1785230223235106190	1785230236433758967	13.198653	0	200	/home/user/vllm/logs/speed_test/sglang-nonsd_b128_speed_tp2/run3_sglang-nonsd_69.json
3	sglang-nonsd	70	70	1785230223235574056	1785230245182166564	21.946593	0	200	/home/user/vllm/logs/speed_test/sglang-nonsd_b128_speed_tp2/run3_sglang-nonsd_70.json
3	sglang-nonsd	71	71	1785230223236105196	1785230241609648537	18.373543	0	200	/home/user/vllm/logs/speed_test/sglang-nonsd_b128_speed_tp2/run3_sglang-nonsd_71.json
3	sglang-nonsd	72	72	1785230223236603834	1785230239876331480	16.639728	0	200	/home/user/vllm/logs/speed_test/sglang-nonsd_b128_speed_tp2/run3_sglang-nonsd_72.json
3	sglang-nonsd	73	73	1785230223237022842	1785230234944676405	11.707654	0	200	/home/user/vllm/logs/speed_test/sglang-nonsd_b128_speed_tp2/run3_sglang-nonsd_73.json
3	sglang-nonsd	74	74	1785230223237543761	1785230237958818117	14.721274	0	200	/home/user/vllm/logs/speed_test/sglang-nonsd_b128_speed_tp2/run3_sglang-nonsd_74.json
3	sglang-nonsd	75	75	1785230223238058153	1785230234721970823	11.483913	0	200	/home/user/vllm/logs/speed_test/sglang-nonsd_b128_speed_tp2/run3_sglang-nonsd_75.json
3	sglang-nonsd	76	76	1785230223238466194	1785230243342559762	20.104094	0	200	/home/user/vllm/logs/speed_test/sglang-nonsd_b128_speed_tp2/run3_sglang-nonsd_76.json
3	sglang-nonsd	77	77	1785230223238965157	1785230245181661356	21.942696	0	200	/home/user/vllm/logs/speed_test/sglang-nonsd_b128_speed_tp2/run3_sglang-nonsd_77.json
3	sglang-nonsd	78	78	1785230223239482081	1785230237466669720	14.227188	0	200	/home/user/vllm/logs/speed_test/sglang-nonsd_b128_speed_tp2/run3_sglang-nonsd_78.json
3	sglang-nonsd	79	79	1785230223239909205	1785230244210752243	20.970843	0	200	/home/user/vllm/logs/speed_test/sglang-nonsd_b128_speed_tp2/run3_sglang-nonsd_79.json
3	sglang-nonsd	80	80	1785230223240489660	1785230245179440350	21.938951	0	200	/home/user/vllm/logs/speed_test/sglang-nonsd_b128_speed_tp2/run3_sglang-nonsd_80.json
3	sglang-nonsd	81	81	1785230223240995371	1785230243540432400	20.299437	0	200	/home/user/vllm/logs/speed_test/sglang-nonsd_b128_speed_tp2/run3_sglang-nonsd_81.json
3	sglang-nonsd	82	82	1785230223241415919	1785230238139494029	14.898078	0	200	/home/user/vllm/logs/speed_test/sglang-nonsd_b128_speed_tp2/run3_sglang-nonsd_82.json
3	sglang-nonsd	83	83	1785230223241824414	1785230238012900366	14.771076	0	200	/home/user/vllm/logs/speed_test/sglang-nonsd_b128_speed_tp2/run3_sglang-nonsd_83.json
3	sglang-nonsd	84	84	1785230223242202379	1785230242628520426	19.386318	0	200	/home/user/vllm/logs/speed_test/sglang-nonsd_b128_speed_tp2/run3_sglang-nonsd_84.json
3	sglang-nonsd	85	85	1785230223242776658	1785230241920409705	18.677633	0	200	/home/user/vllm/logs/speed_test/sglang-nonsd_b128_speed_tp2/run3_sglang-nonsd_85.json
3	sglang-nonsd	86	86	1785230223243028223	1785230237153015443	13.909987	0	200	/home/user/vllm/logs/speed_test/sglang-nonsd_b128_speed_tp2/run3_sglang-nonsd_86.json
3	sglang-nonsd	87	87	1785230223243519105	1785230241031453410	17.787934	0	200	/home/user/vllm/logs/speed_test/sglang-nonsd_b128_speed_tp2/run3_sglang-nonsd_87.json
3	sglang-nonsd	88	88	1785230223243951143	1785230245182273293	21.938322	0	200	/home/user/vllm/logs/speed_test/sglang-nonsd_b128_speed_tp2/run3_sglang-nonsd_88.json
3	sglang-nonsd	89	89	1785230223244447550	1785230245181764656	21.937317	0	200	/home/user/vllm/logs/speed_test/sglang-nonsd_b128_speed_tp2/run3_sglang-nonsd_89.json
3	sglang-nonsd	90	90	1785230223244657999	1785230245107661796	21.863004	0	200	/home/user/vllm/logs/speed_test/sglang-nonsd_b128_speed_tp2/run3_sglang-nonsd_90.json
3	sglang-nonsd	91	91	1785230223245192661	1785230238014106116	14.768913	0	200	/home/user/vllm/logs/speed_test/sglang-nonsd_b128_speed_tp2/run3_sglang-nonsd_91.json
3	sglang-nonsd	92	92	1785230223245537702	1785230235085847872	11.840310	0	200	/home/user/vllm/logs/speed_test/sglang-nonsd_b128_speed_tp2/run3_sglang-nonsd_92.json
3	sglang-nonsd	93	93	1785230223246463493	1785230245752525259	22.506062	0	200	/home/user/vllm/logs/speed_test/sglang-nonsd_b128_speed_tp2/run3_sglang-nonsd_93.json
3	sglang-nonsd	94	94	1785230223246410357	1785230235085763756	11.839353	0	200	/home/user/vllm/logs/speed_test/sglang-nonsd_b128_speed_tp2/run3_sglang-nonsd_94.json
3	sglang-nonsd	95	95	1785230223247197867	1785230240447851687	17.200654	0	200	/home/user/vllm/logs/speed_test/sglang-nonsd_b128_speed_tp2/run3_sglang-nonsd_95.json
3	sglang-nonsd	96	96	1785230223247090056	1785230233411393521	10.164303	0	200	/home/user/vllm/logs/speed_test/sglang-nonsd_b128_speed_tp2/run3_sglang-nonsd_96.json
3	sglang-nonsd	97	97	1785230223247421485	1785230243909573409	20.662152	0	200	/home/user/vllm/logs/speed_test/sglang-nonsd_b128_speed_tp2/run3_sglang-nonsd_97.json
3	sglang-nonsd	98	98	1785230223247800462	1785230234991278826	11.743478	0	200	/home/user/vllm/logs/speed_test/sglang-nonsd_b128_speed_tp2/run3_sglang-nonsd_98.json
3	sglang-nonsd	99	99	1785230223248065620	1785230242256136108	19.008070	0	200	/home/user/vllm/logs/speed_test/sglang-nonsd_b128_speed_tp2/run3_sglang-nonsd_99.json
3	sglang-nonsd	100	100	1785230223248423436	1785230231975966207	8.727543	0	200	/home/user/vllm/logs/speed_test/sglang-nonsd_b128_speed_tp2/run3_sglang-nonsd_100.json
3	sglang-nonsd	101	101	1785230223248665817	1785230245181669309	21.933003	0	200	/home/user/vllm/logs/speed_test/sglang-nonsd_b128_speed_tp2/run3_sglang-nonsd_101.json
3	sglang-nonsd	102	102	1785230223249008115	1785230248998305132	25.749297	0	200	/home/user/vllm/logs/speed_test/sglang-nonsd_b128_speed_tp2/run3_sglang-nonsd_102.json
3	sglang-nonsd	103	103	1785230223249321884	1785230240961252883	17.711931	0	200	/home/user/vllm/logs/speed_test/sglang-nonsd_b128_speed_tp2/run3_sglang-nonsd_103.json
3	sglang-nonsd	104	104	1785230223249597735	1785230248270797246	25.021200	0	200	/home/user/vllm/logs/speed_test/sglang-nonsd_b128_speed_tp2/run3_sglang-nonsd_104.json
3	sglang-nonsd	105	105	1785230223249896022	1785230246502551702	23.252656	0	200	/home/user/vllm/logs/speed_test/sglang-nonsd_b128_speed_tp2/run3_sglang-nonsd_105.json
3	sglang-nonsd	106	106	1785230223250168892	1785230241679001933	18.428833	0	200	/home/user/vllm/logs/speed_test/sglang-nonsd_b128_speed_tp2/run3_sglang-nonsd_106.json
3	sglang-nonsd	107	107	1785230223250484489	1785230248374581544	25.124097	0	200	/home/user/vllm/logs/speed_test/sglang-nonsd_b128_speed_tp2/run3_sglang-nonsd_107.json
3	sglang-nonsd	108	108	1785230223250778506	1785230244649413472	21.398635	0	200	/home/user/vllm/logs/speed_test/sglang-nonsd_b128_speed_tp2/run3_sglang-nonsd_108.json
3	sglang-nonsd	109	109	1785230223251134597	1785230242971182649	19.720048	0	200	/home/user/vllm/logs/speed_test/sglang-nonsd_b128_speed_tp2/run3_sglang-nonsd_109.json
3	sglang-nonsd	110	110	1785230223251402961	1785230247483742294	24.232339	0	200	/home/user/vllm/logs/speed_test/sglang-nonsd_b128_speed_tp2/run3_sglang-nonsd_110.json
3	sglang-nonsd	111	111	1785230223251717036	1785230248998332583	25.746616	0	200	/home/user/vllm/logs/speed_test/sglang-nonsd_b128_speed_tp2/run3_sglang-nonsd_111.json
3	sglang-nonsd	112	112	1785230223252110051	1785230239434808828	16.182699	0	200	/home/user/vllm/logs/speed_test/sglang-nonsd_b128_speed_tp2/run3_sglang-nonsd_112.json
3	sglang-nonsd	113	113	1785230223252326250	1785230249502450773	26.250125	0	200	/home/user/vllm/logs/speed_test/sglang-nonsd_b128_speed_tp2/run3_sglang-nonsd_113.json
3	sglang-nonsd	114	114	1785230223252953597	1785230249502921278	26.249968	0	200	/home/user/vllm/logs/speed_test/sglang-nonsd_b128_speed_tp2/run3_sglang-nonsd_114.json
3	sglang-nonsd	115	115	1785230223253149463	1785230248826650999	25.573502	0	200	/home/user/vllm/logs/speed_test/sglang-nonsd_b128_speed_tp2/run3_sglang-nonsd_115.json
3	sglang-nonsd	116	116	1785230223253471965	1785230249527433509	26.273962	0	200	/home/user/vllm/logs/speed_test/sglang-nonsd_b128_speed_tp2/run3_sglang-nonsd_116.json
3	sglang-nonsd	117	117	1785230223253740719	1785230246151403637	22.897663	0	200	/home/user/vllm/logs/speed_test/sglang-nonsd_b128_speed_tp2/run3_sglang-nonsd_117.json
3	sglang-nonsd	118	118	1785230223254092821	1785230248154572097	24.900479	0	200	/home/user/vllm/logs/speed_test/sglang-nonsd_b128_speed_tp2/run3_sglang-nonsd_118.json
3	sglang-nonsd	119	119	1785230223254365634	1785230245269277393	22.014912	0	200	/home/user/vllm/logs/speed_test/sglang-nonsd_b128_speed_tp2/run3_sglang-nonsd_119.json
3	sglang-nonsd	120	120	1785230223254693007	1785230246691102579	23.436410	0	200	/home/user/vllm/logs/speed_test/sglang-nonsd_b128_speed_tp2/run3_sglang-nonsd_120.json
3	sglang-nonsd	121	121	1785230223255053677	1785230250046077897	26.791024	0	200	/home/user/vllm/logs/speed_test/sglang-nonsd_b128_speed_tp2/run3_sglang-nonsd_121.json
3	sglang-nonsd	122	122	1785230223255346295	1785230243572986346	20.317640	0	200	/home/user/vllm/logs/speed_test/sglang-nonsd_b128_speed_tp2/run3_sglang-nonsd_122.json
3	sglang-nonsd	123	123	1785230223255861173	1785230246998822096	23.742961	0	200	/home/user/vllm/logs/speed_test/sglang-nonsd_b128_speed_tp2/run3_sglang-nonsd_123.json
3	sglang-nonsd	124	124	1785230223255993712	1785230247182956939	23.926963	0	200	/home/user/vllm/logs/speed_test/sglang-nonsd_b128_speed_tp2/run3_sglang-nonsd_124.json
3	sglang-nonsd	125	125	1785230223256280285	1785230245295120412	22.038840	0	200	/home/user/vllm/logs/speed_test/sglang-nonsd_b128_speed_tp2/run3_sglang-nonsd_125.json
3	sglang-nonsd	126	126	1785230223256673923	1785230250341655961	27.084982	0	200	/home/user/vllm/logs/speed_test/sglang-nonsd_b128_speed_tp2/run3_sglang-nonsd_126.json
3	sglang-nonsd	127	127	1785230223256959988	1785230249968561944	26.711602	0	200	/home/user/vllm/logs/speed_test/sglang-nonsd_b128_speed_tp2/run3_sglang-nonsd_127.json
4	sglang-nonsd	0	0	1785230305906666621	1785230320322849485	14.416183	0	200	/home/user/vllm/logs/speed_test/sglang-nonsd_b128_speed_tp2/run4_sglang-nonsd_0.json
4	sglang-nonsd	1	1	1785230305906391559	1785230324169384287	18.262993	0	200	/home/user/vllm/logs/speed_test/sglang-nonsd_b128_speed_tp2/run4_sglang-nonsd_1.json
4	sglang-nonsd	2	2	1785230305907887397	1785230322111144952	16.203258	0	200	/home/user/vllm/logs/speed_test/sglang-nonsd_b128_speed_tp2/run4_sglang-nonsd_2.json
4	sglang-nonsd	3	3	1785230305906579155	1785230318798230910	12.891652	0	200	/home/user/vllm/logs/speed_test/sglang-nonsd_b128_speed_tp2/run4_sglang-nonsd_3.json
4	sglang-nonsd	4	4	1785230305908355743	1785230316002432114	10.094076	0	200	/home/user/vllm/logs/speed_test/sglang-nonsd_b128_speed_tp2/run4_sglang-nonsd_4.json
4	sglang-nonsd	5	5	1785230305907240484	1785230320770959883	14.863719	0	200	/home/user/vllm/logs/speed_test/sglang-nonsd_b128_speed_tp2/run4_sglang-nonsd_5.json
4	sglang-nonsd	6	6	1785230305907992138	1785230317942549488	12.034557	0	200	/home/user/vllm/logs/speed_test/sglang-nonsd_b128_speed_tp2/run4_sglang-nonsd_6.json
4	sglang-nonsd	7	7	1785230305909688198	1785230327780843645	21.871155	0	200	/home/user/vllm/logs/speed_test/sglang-nonsd_b128_speed_tp2/run4_sglang-nonsd_7.json
4	sglang-nonsd	8	8	1785230305908672885	1785230318930846955	13.022174	0	200	/home/user/vllm/logs/speed_test/sglang-nonsd_b128_speed_tp2/run4_sglang-nonsd_8.json
4	sglang-nonsd	9	9	1785230305910347683	1785230319514148337	13.603801	0	200	/home/user/vllm/logs/speed_test/sglang-nonsd_b128_speed_tp2/run4_sglang-nonsd_9.json
4	sglang-nonsd	10	10	1785230305910708113	1785230318708252911	12.797545	0	200	/home/user/vllm/logs/speed_test/sglang-nonsd_b128_speed_tp2/run4_sglang-nonsd_10.json
4	sglang-nonsd	11	11	1785230305909893399	1785230317626223224	11.716330	0	200	/home/user/vllm/logs/speed_test/sglang-nonsd_b128_speed_tp2/run4_sglang-nonsd_11.json
4	sglang-nonsd	12	12	1785230305911043932	1785230323045688125	17.134644	0	200	/home/user/vllm/logs/speed_test/sglang-nonsd_b128_speed_tp2/run4_sglang-nonsd_12.json
4	sglang-nonsd	13	13	1785230305910014796	1785230317440374612	11.530360	0	200	/home/user/vllm/logs/speed_test/sglang-nonsd_b128_speed_tp2/run4_sglang-nonsd_13.json
4	sglang-nonsd	14	14	1785230305910506327	1785230321884837939	15.974332	0	200	/home/user/vllm/logs/speed_test/sglang-nonsd_b128_speed_tp2/run4_sglang-nonsd_14.json
4	sglang-nonsd	15	15	1785230305911954194	1785230318163700860	12.251747	0	200	/home/user/vllm/logs/speed_test/sglang-nonsd_b128_speed_tp2/run4_sglang-nonsd_15.json
4	sglang-nonsd	16	16	1785230305911459840	1785230320862683589	14.951224	0	200	/home/user/vllm/logs/speed_test/sglang-nonsd_b128_speed_tp2/run4_sglang-nonsd_16.json
4	sglang-nonsd	17	17	1785230305911612627	1785230316856049944	10.944437	0	200	/home/user/vllm/logs/speed_test/sglang-nonsd_b128_speed_tp2/run4_sglang-nonsd_17.json
4	sglang-nonsd	18	18	1785230305912466422	1785230327780946861	21.868480	0	200	/home/user/vllm/logs/speed_test/sglang-nonsd_b128_speed_tp2/run4_sglang-nonsd_18.json
4	sglang-nonsd	19	19	1785230305912183661	1785230320906925486	14.994742	0	200	/home/user/vllm/logs/speed_test/sglang-nonsd_b128_speed_tp2/run4_sglang-nonsd_19.json
4	sglang-nonsd	20	20	1785230305912772708	1785230322731431425	16.818659	0	200	/home/user/vllm/logs/speed_test/sglang-nonsd_b128_speed_tp2/run4_sglang-nonsd_20.json
4	sglang-nonsd	21	21	1785230305913182792	1785230320007083109	14.093900	0	200	/home/user/vllm/logs/speed_test/sglang-nonsd_b128_speed_tp2/run4_sglang-nonsd_21.json
4	sglang-nonsd	22	22	1785230305913440382	1785230324811647584	18.898207	0	200	/home/user/vllm/logs/speed_test/sglang-nonsd_b128_speed_tp2/run4_sglang-nonsd_22.json
4	sglang-nonsd	23	23	1785230305914440802	1785230322629399630	16.714959	0	200	/home/user/vllm/logs/speed_test/sglang-nonsd_b128_speed_tp2/run4_sglang-nonsd_23.json
4	sglang-nonsd	24	24	1785230305914149123	1785230321526957464	15.612808	0	200	/home/user/vllm/logs/speed_test/sglang-nonsd_b128_speed_tp2/run4_sglang-nonsd_24.json
4	sglang-nonsd	25	25	1785230305914424655	1785230324229813651	18.315389	0	200	/home/user/vllm/logs/speed_test/sglang-nonsd_b128_speed_tp2/run4_sglang-nonsd_25.json
4	sglang-nonsd	26	26	1785230305914721219	1785230327781322681	21.866601	0	200	/home/user/vllm/logs/speed_test/sglang-nonsd_b128_speed_tp2/run4_sglang-nonsd_26.json
4	sglang-nonsd	27	27	1785230305915032983	1785230316130693991	10.215661	0	200	/home/user/vllm/logs/speed_test/sglang-nonsd_b128_speed_tp2/run4_sglang-nonsd_27.json
4	sglang-nonsd	28	28	1785230305916877539	1785230318751592460	12.834715	0	200	/home/user/vllm/logs/speed_test/sglang-nonsd_b128_speed_tp2/run4_sglang-nonsd_28.json
4	sglang-nonsd	29	29	1785230305916391108	1785230320098227640	14.181837	0	200	/home/user/vllm/logs/speed_test/sglang-nonsd_b128_speed_tp2/run4_sglang-nonsd_29.json
4	sglang-nonsd	30	30	1785230305916223524	1785230327780073347	21.863850	0	200	/home/user/vllm/logs/speed_test/sglang-nonsd_b128_speed_tp2/run4_sglang-nonsd_30.json
4	sglang-nonsd	31	31	1785230305916580352	1785230324169119641	18.252539	0	200	/home/user/vllm/logs/speed_test/sglang-nonsd_b128_speed_tp2/run4_sglang-nonsd_31.json
4	sglang-nonsd	32	32	1785230305917064994	1785230320236533118	14.319468	0	200	/home/user/vllm/logs/speed_test/sglang-nonsd_b128_speed_tp2/run4_sglang-nonsd_32.json
4	sglang-nonsd	33	33	1785230305917192465	1785230324636440293	18.719248	0	200	/home/user/vllm/logs/speed_test/sglang-nonsd_b128_speed_tp2/run4_sglang-nonsd_33.json
4	sglang-nonsd	34	34	1785230305917666413	1785230320067722815	14.150056	0	200	/home/user/vllm/logs/speed_test/sglang-nonsd_b128_speed_tp2/run4_sglang-nonsd_34.json
4	sglang-nonsd	35	35	1785230305917903790	1785230319020167184	13.102263	0	200	/home/user/vllm/logs/speed_test/sglang-nonsd_b128_speed_tp2/run4_sglang-nonsd_35.json
4	sglang-nonsd	36	36	1785230305918226465	1785230314698639467	8.780413	0	200	/home/user/vllm/logs/speed_test/sglang-nonsd_b128_speed_tp2/run4_sglang-nonsd_36.json
4	sglang-nonsd	37	37	1785230305918645476	1785230318754115481	12.835470	0	200	/home/user/vllm/logs/speed_test/sglang-nonsd_b128_speed_tp2/run4_sglang-nonsd_37.json
4	sglang-nonsd	38	38	1785230305919219275	1785230318706951860	12.787733	0	200	/home/user/vllm/logs/speed_test/sglang-nonsd_b128_speed_tp2/run4_sglang-nonsd_38.json
4	sglang-nonsd	39	39	1785230305919305694	1785230322663060493	16.743755	0	200	/home/user/vllm/logs/speed_test/sglang-nonsd_b128_speed_tp2/run4_sglang-nonsd_39.json
4	sglang-nonsd	40	40	1785230305919933712	1785230313531996978	7.612063	0	200	/home/user/vllm/logs/speed_test/sglang-nonsd_b128_speed_tp2/run4_sglang-nonsd_40.json
4	sglang-nonsd	41	41	1785230305920007950	1785230321393881612	15.473874	0	200	/home/user/vllm/logs/speed_test/sglang-nonsd_b128_speed_tp2/run4_sglang-nonsd_41.json
4	sglang-nonsd	42	42	1785230305920491253	1785230320235013648	14.314522	0	200	/home/user/vllm/logs/speed_test/sglang-nonsd_b128_speed_tp2/run4_sglang-nonsd_42.json
4	sglang-nonsd	43	43	1785230305920647776	1785230318798795687	12.878148	0	200	/home/user/vllm/logs/speed_test/sglang-nonsd_b128_speed_tp2/run4_sglang-nonsd_43.json
4	sglang-nonsd	44	44	1785230305920968345	1785230327229532535	21.308564	0	200	/home/user/vllm/logs/speed_test/sglang-nonsd_b128_speed_tp2/run4_sglang-nonsd_44.json
4	sglang-nonsd	45	45	1785230305921464307	1785230321349538322	15.428074	0	200	/home/user/vllm/logs/speed_test/sglang-nonsd_b128_speed_tp2/run4_sglang-nonsd_45.json
4	sglang-nonsd	46	46	1785230305921657009	1785230316589616797	10.667960	0	200	/home/user/vllm/logs/speed_test/sglang-nonsd_b128_speed_tp2/run4_sglang-nonsd_46.json
4	sglang-nonsd	47	47	1785230305922142483	1785230321926761419	16.004619	0	200	/home/user/vllm/logs/speed_test/sglang-nonsd_b128_speed_tp2/run4_sglang-nonsd_47.json
4	sglang-nonsd	48	48	1785230305922385104	1785230320188809214	14.266424	0	200	/home/user/vllm/logs/speed_test/sglang-nonsd_b128_speed_tp2/run4_sglang-nonsd_48.json
4	sglang-nonsd	49	49	1785230305922680920	1785230319201685239	13.279004	0	200	/home/user/vllm/logs/speed_test/sglang-nonsd_b128_speed_tp2/run4_sglang-nonsd_49.json
4	sglang-nonsd	50	50	1785230305923324784	1785230327652553334	21.729229	0	200	/home/user/vllm/logs/speed_test/sglang-nonsd_b128_speed_tp2/run4_sglang-nonsd_50.json
4	sglang-nonsd	51	51	1785230305923610887	1785230317626387038	11.702776	0	200	/home/user/vllm/logs/speed_test/sglang-nonsd_b128_speed_tp2/run4_sglang-nonsd_51.json
4	sglang-nonsd	52	52	1785230305923791177	1785230312642842564	6.719051	0	200	/home/user/vllm/logs/speed_test/sglang-nonsd_b128_speed_tp2/run4_sglang-nonsd_52.json
4	sglang-nonsd	53	53	1785230305924079424	1785230316220264305	10.296185	0	200	/home/user/vllm/logs/speed_test/sglang-nonsd_b128_speed_tp2/run4_sglang-nonsd_53.json
4	sglang-nonsd	54	54	1785230305924472348	1785230326959725330	21.035253	0	200	/home/user/vllm/logs/speed_test/sglang-nonsd_b128_speed_tp2/run4_sglang-nonsd_54.json
4	sglang-nonsd	55	55	1785230305924892549	1785230325518051448	19.593159	0	200	/home/user/vllm/logs/speed_test/sglang-nonsd_b128_speed_tp2/run4_sglang-nonsd_55.json
4	sglang-nonsd	56	56	1785230305925167446	1785230327780211868	21.855044	0	200	/home/user/vllm/logs/speed_test/sglang-nonsd_b128_speed_tp2/run4_sglang-nonsd_56.json
4	sglang-nonsd	57	57	1785230305925485357	1785230318031454335	12.105969	0	200	/home/user/vllm/logs/speed_test/sglang-nonsd_b128_speed_tp2/run4_sglang-nonsd_57.json
4	sglang-nonsd	58	58	1785230305925842862	1785230321133709566	15.207867	0	200	/home/user/vllm/logs/speed_test/sglang-nonsd_b128_speed_tp2/run4_sglang-nonsd_58.json
4	sglang-nonsd	59	59	1785230305926171686	1785230316002341078	10.076169	0	200	/home/user/vllm/logs/speed_test/sglang-nonsd_b128_speed_tp2/run4_sglang-nonsd_59.json
4	sglang-nonsd	60	60	1785230305926547816	1785230324066395878	18.139848	0	200	/home/user/vllm/logs/speed_test/sglang-nonsd_b128_speed_tp2/run4_sglang-nonsd_60.json
4	sglang-nonsd	61	61	1785230305927096499	1785230319425930048	13.498834	0	200	/home/user/vllm/logs/speed_test/sglang-nonsd_b128_speed_tp2/run4_sglang-nonsd_61.json
4	sglang-nonsd	62	62	1785230305927873004	1785230323482935753	17.555063	0	200	/home/user/vllm/logs/speed_test/sglang-nonsd_b128_speed_tp2/run4_sglang-nonsd_62.json
4	sglang-nonsd	63	63	1785230305927552121	1785230321482862741	15.555311	0	200	/home/user/vllm/logs/speed_test/sglang-nonsd_b128_speed_tp2/run4_sglang-nonsd_63.json
4	sglang-nonsd	64	64	1785230305928029282	1785230327779314901	21.851286	0	200	/home/user/vllm/logs/speed_test/sglang-nonsd_b128_speed_tp2/run4_sglang-nonsd_64.json
4	sglang-nonsd	65	65	1785230305928373641	1785230323654810740	17.726437	0	200	/home/user/vllm/logs/speed_test/sglang-nonsd_b128_speed_tp2/run4_sglang-nonsd_65.json
4	sglang-nonsd	66	66	1785230305928643396	1785230327781130555	21.852487	0	200	/home/user/vllm/logs/speed_test/sglang-nonsd_b128_speed_tp2/run4_sglang-nonsd_66.json
4	sglang-nonsd	67	67	1785230305928976270	1785230319964363092	14.035387	0	200	/home/user/vllm/logs/speed_test/sglang-nonsd_b128_speed_tp2/run4_sglang-nonsd_67.json
4	sglang-nonsd	68	68	1785230305929541805	1785230316048311213	10.118769	0	200	/home/user/vllm/logs/speed_test/sglang-nonsd_b128_speed_tp2/run4_sglang-nonsd_68.json
4	sglang-nonsd	69	69	1785230305929768024	1785230319109399169	13.179631	0	200	/home/user/vllm/logs/speed_test/sglang-nonsd_b128_speed_tp2/run4_sglang-nonsd_69.json
4	sglang-nonsd	70	70	1785230305930210880	1785230327779727622	21.849517	0	200	/home/user/vllm/logs/speed_test/sglang-nonsd_b128_speed_tp2/run4_sglang-nonsd_70.json
4	sglang-nonsd	71	71	1785230305930472662	1785230323890933345	17.960461	0	200	/home/user/vllm/logs/speed_test/sglang-nonsd_b128_speed_tp2/run4_sglang-nonsd_71.json
4	sglang-nonsd	72	72	1785230305930812145	1785230321883386062	15.952574	0	200	/home/user/vllm/logs/speed_test/sglang-nonsd_b128_speed_tp2/run4_sglang-nonsd_72.json
4	sglang-nonsd	73	73	1785230305931138229	1785230317984582343	12.053444	0	200	/home/user/vllm/logs/speed_test/sglang-nonsd_b128_speed_tp2/run4_sglang-nonsd_73.json
4	sglang-nonsd	74	74	1785230305931489712	1785230320637512345	14.706023	0	200	/home/user/vllm/logs/speed_test/sglang-nonsd_b128_speed_tp2/run4_sglang-nonsd_74.json
4	sglang-nonsd	75	75	1785230305931840932	1785230317625581495	11.693741	0	200	/home/user/vllm/logs/speed_test/sglang-nonsd_b128_speed_tp2/run4_sglang-nonsd_75.json
4	sglang-nonsd	76	76	1785230305932373759	1785230325885963777	19.953590	0	200	/home/user/vllm/logs/speed_test/sglang-nonsd_b128_speed_tp2/run4_sglang-nonsd_76.json
4	sglang-nonsd	77	77	1785230305932542522	1785230327779062897	21.846520	0	200	/home/user/vllm/logs/speed_test/sglang-nonsd_b128_speed_tp2/run4_sglang-nonsd_77.json
4	sglang-nonsd	78	78	1785230305932806711	1785230320862527390	14.929721	0	200	/home/user/vllm/logs/speed_test/sglang-nonsd_b128_speed_tp2/run4_sglang-nonsd_78.json
4	sglang-nonsd	79	79	1785230305933176218	1785230323588585256	17.655409	0	200	/home/user/vllm/logs/speed_test/sglang-nonsd_b128_speed_tp2/run4_sglang-nonsd_79.json
4	sglang-nonsd	80	80	1785230305933583010	1785230327778698171	21.845115	0	200	/home/user/vllm/logs/speed_test/sglang-nonsd_b128_speed_tp2/run4_sglang-nonsd_80.json
4	sglang-nonsd	81	81	1785230305933970441	1785230326118739172	20.184769	0	200	/home/user/vllm/logs/speed_test/sglang-nonsd_b128_speed_tp2/run4_sglang-nonsd_81.json
4	sglang-nonsd	82	82	1785230305934319033	1785230320725198958	14.790880	0	200	/home/user/vllm/logs/speed_test/sglang-nonsd_b128_speed_tp2/run4_sglang-nonsd_82.json
4	sglang-nonsd	83	83	1785230305934853355	1785230319245402305	13.310549	0	200	/home/user/vllm/logs/speed_test/sglang-nonsd_b128_speed_tp2/run4_sglang-nonsd_83.json
4	sglang-nonsd	84	84	1785230305935086262	1785230325174413538	19.239327	0	200	/home/user/vllm/logs/speed_test/sglang-nonsd_b128_speed_tp2/run4_sglang-nonsd_84.json
4	sglang-nonsd	85	85	1785230305935345559	1785230323792961899	17.857616	0	200	/home/user/vllm/logs/speed_test/sglang-nonsd_b128_speed_tp2/run4_sglang-nonsd_85.json
4	sglang-nonsd	86	86	1785230305935729320	1785230319065153595	13.129424	0	200	/home/user/vllm/logs/speed_test/sglang-nonsd_b128_speed_tp2/run4_sglang-nonsd_86.json
4	sglang-nonsd	87	87	1785230305935995446	1785230323588498980	17.652504	0	200	/home/user/vllm/logs/speed_test/sglang-nonsd_b128_speed_tp2/run4_sglang-nonsd_87.json
4	sglang-nonsd	88	88	1785230305936462842	1785230327780971257	21.844508	0	200	/home/user/vllm/logs/speed_test/sglang-nonsd_b128_speed_tp2/run4_sglang-nonsd_88.json
4	sglang-nonsd	89	89	1785230305936656261	1785230327781220354	21.844564	0	200	/home/user/vllm/logs/speed_test/sglang-nonsd_b128_speed_tp2/run4_sglang-nonsd_89.json
4	sglang-nonsd	90	90	1785230305937048082	1785230327526781367	21.589733	0	200	/home/user/vllm/logs/speed_test/sglang-nonsd_b128_speed_tp2/run4_sglang-nonsd_90.json
4	sglang-nonsd	91	91	1785230305937369180	1785230320638616065	14.701247	0	200	/home/user/vllm/logs/speed_test/sglang-nonsd_b128_speed_tp2/run4_sglang-nonsd_91.json
4	sglang-nonsd	92	92	1785230305937712446	1785230317758957090	11.821245	0	200	/home/user/vllm/logs/speed_test/sglang-nonsd_b128_speed_tp2/run4_sglang-nonsd_92.json
4	sglang-nonsd	93	93	1785230305938121954	1785230323046872833	17.108751	0	200	/home/user/vllm/logs/speed_test/sglang-nonsd_b128_speed_tp2/run4_sglang-nonsd_93.json
4	sglang-nonsd	94	94	1785230305938541217	1785230317758423018	11.819882	0	200	/home/user/vllm/logs/speed_test/sglang-nonsd_b128_speed_tp2/run4_sglang-nonsd_94.json
4	sglang-nonsd	95	95	1785230305938916296	1785230315550794878	9.611879	0	200	/home/user/vllm/logs/speed_test/sglang-nonsd_b128_speed_tp2/run4_sglang-nonsd_95.json
4	sglang-nonsd	96	96	1785230305939179120	1785230316130995115	10.191816	0	200	/home/user/vllm/logs/speed_test/sglang-nonsd_b128_speed_tp2/run4_sglang-nonsd_96.json
4	sglang-nonsd	97	97	1785230305939549244	1785230323278354304	17.338805	0	200	/home/user/vllm/logs/speed_test/sglang-nonsd_b128_speed_tp2/run4_sglang-nonsd_97.json
4	sglang-nonsd	98	98	1785230305939846492	1785230317668672182	11.728826	0	200	/home/user/vllm/logs/speed_test/sglang-nonsd_b128_speed_tp2/run4_sglang-nonsd_98.json
4	sglang-nonsd	99	99	1785230305940228155	1785230324168528927	18.228301	0	200	/home/user/vllm/logs/speed_test/sglang-nonsd_b128_speed_tp2/run4_sglang-nonsd_99.json
4	sglang-nonsd	100	100	1785230305940607907	1785230321572559986	15.631952	0	200	/home/user/vllm/logs/speed_test/sglang-nonsd_b128_speed_tp2/run4_sglang-nonsd_100.json
4	sglang-nonsd	101	101	1785230305941001762	1785230331165417788	25.224416	0	200	/home/user/vllm/logs/speed_test/sglang-nonsd_b128_speed_tp2/run4_sglang-nonsd_101.json
4	sglang-nonsd	102	102	1785230305941298467	1785230331099948519	25.158650	0	200	/home/user/vllm/logs/speed_test/sglang-nonsd_b128_speed_tp2/run4_sglang-nonsd_102.json
4	sglang-nonsd	103	103	1785230305941604512	1785230322599849028	16.658245	0	200	/home/user/vllm/logs/speed_test/sglang-nonsd_b128_speed_tp2/run4_sglang-nonsd_103.json
4	sglang-nonsd	104	104	1785230305941966347	1785230330338221524	24.396255	0	200	/home/user/vllm/logs/speed_test/sglang-nonsd_b128_speed_tp2/run4_sglang-nonsd_104.json
4	sglang-nonsd	105	105	1785230305942256093	1785230328449155493	22.506899	0	200	/home/user/vllm/logs/speed_test/sglang-nonsd_b128_speed_tp2/run4_sglang-nonsd_105.json
4	sglang-nonsd	106	106	1785230305942582518	1785230322414118787	16.471536	0	200	/home/user/vllm/logs/speed_test/sglang-nonsd_b128_speed_tp2/run4_sglang-nonsd_106.json
4	sglang-nonsd	107	107	1785230305942892453	1785230330481234082	24.538342	0	200	/home/user/vllm/logs/speed_test/sglang-nonsd_b128_speed_tp2/run4_sglang-nonsd_107.json
4	sglang-nonsd	108	108	1785230305943268741	1785230326622825577	20.679557	0	200	/home/user/vllm/logs/speed_test/sglang-nonsd_b128_speed_tp2/run4_sglang-nonsd_108.json
4	sglang-nonsd	109	109	1785230305943685145	1785230324706755621	18.763070	0	200	/home/user/vllm/logs/speed_test/sglang-nonsd_b128_speed_tp2/run4_sglang-nonsd_109.json
4	sglang-nonsd	110	110	1785230305943869912	1785230330453244484	24.509375	0	200	/home/user/vllm/logs/speed_test/sglang-nonsd_b128_speed_tp2/run4_sglang-nonsd_110.json
4	sglang-nonsd	111	111	1785230305944282898	1785230331164164277	25.219881	0	200	/home/user/vllm/logs/speed_test/sglang-nonsd_b128_speed_tp2/run4_sglang-nonsd_111.json
4	sglang-nonsd	112	112	1785230305944592630	1785230322109786926	16.165194	0	200	/home/user/vllm/logs/speed_test/sglang-nonsd_b128_speed_tp2/run4_sglang-nonsd_112.json
4	sglang-nonsd	113	113	1785230305945504931	1785230331553596665	25.608092	0	200	/home/user/vllm/logs/speed_test/sglang-nonsd_b128_speed_tp2/run4_sglang-nonsd_113.json
4	sglang-nonsd	114	114	1785230305945204904	1785230331553035737	25.607831	0	200	/home/user/vllm/logs/speed_test/sglang-nonsd_b128_speed_tp2/run4_sglang-nonsd_114.json
4	sglang-nonsd	115	115	1785230305945624192	1785230330435057137	24.489433	0	200	/home/user/vllm/logs/speed_test/sglang-nonsd_b128_speed_tp2/run4_sglang-nonsd_115.json
4	sglang-nonsd	116	116	1785230305945921448	1785230331551599131	25.605678	0	200	/home/user/vllm/logs/speed_test/sglang-nonsd_b128_speed_tp2/run4_sglang-nonsd_116.json
4	sglang-nonsd	117	117	1785230305946358368	1785230328749338116	22.802980	0	200	/home/user/vllm/logs/speed_test/sglang-nonsd_b128_speed_tp2/run4_sglang-nonsd_117.json
4	sglang-nonsd	118	118	1785230305946707929	1785230331078667925	25.131960	0	200	/home/user/vllm/logs/speed_test/sglang-nonsd_b128_speed_tp2/run4_sglang-nonsd_118.json
4	sglang-nonsd	119	119	1785230305946917812	1785230328250828340	22.303911	0	200	/home/user/vllm/logs/speed_test/sglang-nonsd_b128_speed_tp2/run4_sglang-nonsd_119.json
4	sglang-nonsd	120	120	1785230305947279297	1785230329054387204	23.107108	0	200	/home/user/vllm/logs/speed_test/sglang-nonsd_b128_speed_tp2/run4_sglang-nonsd_120.json
4	sglang-nonsd	121	121	1785230305947595935	1785230331366219555	25.418624	0	200	/home/user/vllm/logs/speed_test/sglang-nonsd_b128_speed_tp2/run4_sglang-nonsd_121.json
4	sglang-nonsd	122	122	1785230305947975485	1785230325885000361	19.937025	0	200	/home/user/vllm/logs/speed_test/sglang-nonsd_b128_speed_tp2/run4_sglang-nonsd_122.json
4	sglang-nonsd	123	123	1785230305948264043	1785230327564992026	21.616728	0	200	/home/user/vllm/logs/speed_test/sglang-nonsd_b128_speed_tp2/run4_sglang-nonsd_123.json
4	sglang-nonsd	124	124	1785230305948520249	1785230329806338984	23.857819	0	200	/home/user/vllm/logs/speed_test/sglang-nonsd_b128_speed_tp2/run4_sglang-nonsd_124.json
4	sglang-nonsd	125	125	1785230305948903453	1785230324264497169	18.315594	0	200	/home/user/vllm/logs/speed_test/sglang-nonsd_b128_speed_tp2/run4_sglang-nonsd_125.json
4	sglang-nonsd	126	126	1785230305949266485	1785230332717131417	26.767865	0	200	/home/user/vllm/logs/speed_test/sglang-nonsd_b128_speed_tp2/run4_sglang-nonsd_126.json
4	sglang-nonsd	127	127	1785230305949522009	1785230332330361431	26.380839	0	200	/home/user/vllm/logs/speed_test/sglang-nonsd_b128_speed_tp2/run4_sglang-nonsd_127.json
5	sglang-nonsd	0	0	1785230388143817419	1785230402772334754	14.628517	0	200	/home/user/vllm/logs/speed_test/sglang-nonsd_b128_speed_tp2/run5_sglang-nonsd_0.json
5	sglang-nonsd	1	1	1785230388144079408	1785230406970866439	18.826787	0	200	/home/user/vllm/logs/speed_test/sglang-nonsd_b128_speed_tp2/run5_sglang-nonsd_1.json
5	sglang-nonsd	2	2	1785230388145666925	1785230404606864757	16.461198	0	200	/home/user/vllm/logs/speed_test/sglang-nonsd_b128_speed_tp2/run5_sglang-nonsd_2.json
5	sglang-nonsd	3	3	1785230388144615091	1785230401283080962	13.138466	0	200	/home/user/vllm/logs/speed_test/sglang-nonsd_b128_speed_tp2/run5_sglang-nonsd_3.json
5	sglang-nonsd	4	4	1785230388144880213	1785230399060091497	10.915211	0	200	/home/user/vllm/logs/speed_test/sglang-nonsd_b128_speed_tp2/run5_sglang-nonsd_4.json
5	sglang-nonsd	5	5	1785230388145208790	1785230401734293033	13.589084	0	200	/home/user/vllm/logs/speed_test/sglang-nonsd_b128_speed_tp2/run5_sglang-nonsd_5.json
5	sglang-nonsd	6	6	1785230388145494024	1785230400608338379	12.462844	0	200	/home/user/vllm/logs/speed_test/sglang-nonsd_b128_speed_tp2/run5_sglang-nonsd_6.json
5	sglang-nonsd	7	7	1785230388145750835	1785230410244857968	22.099107	0	200	/home/user/vllm/logs/speed_test/sglang-nonsd_b128_speed_tp2/run5_sglang-nonsd_7.json
5	sglang-nonsd	8	8	1785230388146636775	1785230404813024707	16.666388	0	200	/home/user/vllm/logs/speed_test/sglang-nonsd_b128_speed_tp2/run5_sglang-nonsd_8.json
5	sglang-nonsd	9	9	1785230388146534656	1785230403850460393	15.703926	0	200	/home/user/vllm/logs/speed_test/sglang-nonsd_b128_speed_tp2/run5_sglang-nonsd_9.json
5	sglang-nonsd	10	10	1785230388147229214	1785230401200653526	13.053424	0	200	/home/user/vllm/logs/speed_test/sglang-nonsd_b128_speed_tp2/run5_sglang-nonsd_10.json
5	sglang-nonsd	11	11	1785230388147329021	1785230400110546020	11.963217	0	200	/home/user/vllm/logs/speed_test/sglang-nonsd_b128_speed_tp2/run5_sglang-nonsd_11.json
5	sglang-nonsd	12	12	1785230388147305409	1785230408394962990	20.247658	0	200	/home/user/vllm/logs/speed_test/sglang-nonsd_b128_speed_tp2/run5_sglang-nonsd_12.json
5	sglang-nonsd	13	13	1785230388147938720	1785230399877283830	11.729345	0	200	/home/user/vllm/logs/speed_test/sglang-nonsd_b128_speed_tp2/run5_sglang-nonsd_13.json
5	sglang-nonsd	14	14	1785230388148049621	1785230407210686868	19.062637	0	200	/home/user/vllm/logs/speed_test/sglang-nonsd_b128_speed_tp2/run5_sglang-nonsd_14.json
5	sglang-nonsd	15	15	1785230388148287724	1785230400558217789	12.409930	0	200	/home/user/vllm/logs/speed_test/sglang-nonsd_b128_speed_tp2/run5_sglang-nonsd_15.json
5	sglang-nonsd	16	16	1785230388150047714	1785230403354744951	15.204697	0	200	/home/user/vllm/logs/speed_test/sglang-nonsd_b128_speed_tp2/run5_sglang-nonsd_16.json
5	sglang-nonsd	17	17	1785230388148969257	1785230399239821278	11.090852	0	200	/home/user/vllm/logs/speed_test/sglang-nonsd_b128_speed_tp2/run5_sglang-nonsd_17.json
5	sglang-nonsd	18	18	1785230388149225494	1785230410243992841	22.094767	0	200	/home/user/vllm/logs/speed_test/sglang-nonsd_b128_speed_tp2/run5_sglang-nonsd_18.json
5	sglang-nonsd	19	19	1785230388149859640	1785230403397610912	15.247751	0	200	/home/user/vllm/logs/speed_test/sglang-nonsd_b128_speed_tp2/run5_sglang-nonsd_19.json
5	sglang-nonsd	20	20	1785230388150066832	1785230405196466418	17.046400	0	200	/home/user/vllm/logs/speed_test/sglang-nonsd_b128_speed_tp2/run5_sglang-nonsd_20.json
5	sglang-nonsd	21	21	1785230388150398152	1785230402813958724	14.663561	0	200	/home/user/vllm/logs/speed_test/sglang-nonsd_b128_speed_tp2/run5_sglang-nonsd_21.json
5	sglang-nonsd	22	22	1785230388150657033	1785230407073378633	18.922722	0	200	/home/user/vllm/logs/speed_test/sglang-nonsd_b128_speed_tp2/run5_sglang-nonsd_22.json
5	sglang-nonsd	23	23	1785230388150879895	1785230405089074441	16.938195	0	200	/home/user/vllm/logs/speed_test/sglang-nonsd_b128_speed_tp2/run5_sglang-nonsd_23.json
5	sglang-nonsd	24	24	1785230388151114095	1785230409575890665	21.424777	0	200	/home/user/vllm/logs/speed_test/sglang-nonsd_b128_speed_tp2/run5_sglang-nonsd_24.json
5	sglang-nonsd	25	25	1785230388151586462	1785230406765237649	18.613651	0	200	/home/user/vllm/logs/speed_test/sglang-nonsd_b128_speed_tp2/run5_sglang-nonsd_25.json
5	sglang-nonsd	26	26	1785230388151820675	1785230410244236445	22.092416	0	200	/home/user/vllm/logs/speed_test/sglang-nonsd_b128_speed_tp2/run5_sglang-nonsd_26.json
5	sglang-nonsd	27	27	1785230388152178036	1785230398719091813	10.566914	0	200	/home/user/vllm/logs/speed_test/sglang-nonsd_b128_speed_tp2/run5_sglang-nonsd_27.json
5	sglang-nonsd	28	28	1785230388152384387	1785230398350526474	10.198142	0	200	/home/user/vllm/logs/speed_test/sglang-nonsd_b128_speed_tp2/run5_sglang-nonsd_28.json
5	sglang-nonsd	29	29	1785230388152658023	1785230404473814470	16.321156	0	200	/home/user/vllm/logs/speed_test/sglang-nonsd_b128_speed_tp2/run5_sglang-nonsd_29.json
5	sglang-nonsd	30	30	1785230388152998063	1785230406867673651	18.714676	0	200	/home/user/vllm/logs/speed_test/sglang-nonsd_b128_speed_tp2/run5_sglang-nonsd_30.json
5	sglang-nonsd	31	31	1785230388153266449	1785230405981645218	17.828379	0	200	/home/user/vllm/logs/speed_test/sglang-nonsd_b128_speed_tp2/run5_sglang-nonsd_31.json
5	sglang-nonsd	32	32	1785230388153542889	1785230402726547977	14.573005	0	200	/home/user/vllm/logs/speed_test/sglang-nonsd_b128_speed_tp2/run5_sglang-nonsd_32.json
5	sglang-nonsd	33	33	1785230388153841537	1785230405294985940	17.141144	0	200	/home/user/vllm/logs/speed_test/sglang-nonsd_b128_speed_tp2/run5_sglang-nonsd_33.json
5	sglang-nonsd	34	34	1785230388154214816	1785230401690830971	13.536616	0	200	/home/user/vllm/logs/speed_test/sglang-nonsd_b128_speed_tp2/run5_sglang-nonsd_34.json
5	sglang-nonsd	35	35	1785230388154747643	1785230401557888141	13.403140	0	200	/home/user/vllm/logs/speed_test/sglang-nonsd_b128_speed_tp2/run5_sglang-nonsd_35.json
5	sglang-nonsd	36	36	1785230388154924090	1785230396994841283	8.839917	0	200	/home/user/vllm/logs/speed_test/sglang-nonsd_b128_speed_tp2/run5_sglang-nonsd_36.json
5	sglang-nonsd	37	37	1785230388155200060	1785230401238264284	13.083064	0	200	/home/user/vllm/logs/speed_test/sglang-nonsd_b128_speed_tp2/run5_sglang-nonsd_37.json
5	sglang-nonsd	38	38	1785230388155407526	1785230400742631896	12.587224	0	200	/home/user/vllm/logs/speed_test/sglang-nonsd_b128_speed_tp2/run5_sglang-nonsd_38.json
5	sglang-nonsd	39	39	1785230388155754588	1785230405194654029	17.038899	0	200	/home/user/vllm/logs/speed_test/sglang-nonsd_b128_speed_tp2/run5_sglang-nonsd_39.json
5	sglang-nonsd	40	40	1785230388156290604	1785230395733603547	7.577313	0	200	/home/user/vllm/logs/speed_test/sglang-nonsd_b128_speed_tp2/run5_sglang-nonsd_40.json
5	sglang-nonsd	41	41	1785230388156444607	1785230403889267453	15.732823	0	200	/home/user/vllm/logs/speed_test/sglang-nonsd_b128_speed_tp2/run5_sglang-nonsd_41.json
5	sglang-nonsd	42	42	1785230388156733262	1785230402772595106	14.615862	0	200	/home/user/vllm/logs/speed_test/sglang-nonsd_b128_speed_tp2/run5_sglang-nonsd_42.json
5	sglang-nonsd	43	43	1785230388156999806	1785230401599164552	13.442165	0	200	/home/user/vllm/logs/speed_test/sglang-nonsd_b128_speed_tp2/run5_sglang-nonsd_43.json
5	sglang-nonsd	44	44	1785230388157277761	1785230401823759203	13.666481	0	200	/home/user/vllm/logs/speed_test/sglang-nonsd_b128_speed_tp2/run5_sglang-nonsd_44.json
5	sglang-nonsd	45	45	1785230388157613655	1785230403850890208	15.693277	0	200	/home/user/vllm/logs/speed_test/sglang-nonsd_b128_speed_tp2/run5_sglang-nonsd_45.json
5	sglang-nonsd	46	46	1785230388158130876	1785230399061305775	10.903175	0	200	/home/user/vllm/logs/speed_test/sglang-nonsd_b128_speed_tp2/run5_sglang-nonsd_46.json
5	sglang-nonsd	47	47	1785230388158261790	1785230404430338398	16.272077	0	200	/home/user/vllm/logs/speed_test/sglang-nonsd_b128_speed_tp2/run5_sglang-nonsd_47.json
5	sglang-nonsd	48	48	1785230388158538658	1785230402951906544	14.793368	0	200	/home/user/vllm/logs/speed_test/sglang-nonsd_b128_speed_tp2/run5_sglang-nonsd_48.json
5	sglang-nonsd	49	49	1785230388158827548	1785230401778676776	13.619849	0	200	/home/user/vllm/logs/speed_test/sglang-nonsd_b128_speed_tp2/run5_sglang-nonsd_49.json
5	sglang-nonsd	50	50	1785230388159074000	1785230406050295156	17.891221	0	200	/home/user/vllm/logs/speed_test/sglang-nonsd_b128_speed_tp2/run5_sglang-nonsd_50.json
5	sglang-nonsd	51	51	1785230388159401234	1785230408634247083	20.474846	0	200	/home/user/vllm/logs/speed_test/sglang-nonsd_b128_speed_tp2/run5_sglang-nonsd_51.json
5	sglang-nonsd	52	52	1785230388159827329	1785230394929776664	6.769949	0	200	/home/user/vllm/logs/speed_test/sglang-nonsd_b128_speed_tp2/run5_sglang-nonsd_52.json
5	sglang-nonsd	53	53	1785230388160068395	1785230407586640373	19.426572	0	200	/home/user/vllm/logs/speed_test/sglang-nonsd_b128_speed_tp2/run5_sglang-nonsd_53.json
5	sglang-nonsd	54	54	1785230388160342996	1785230410246039591	22.085697	0	200	/home/user/vllm/logs/speed_test/sglang-nonsd_b128_speed_tp2/run5_sglang-nonsd_54.json
5	sglang-nonsd	55	55	1785230388160843810	1785230408124122958	19.963279	0	200	/home/user/vllm/logs/speed_test/sglang-nonsd_b128_speed_tp2/run5_sglang-nonsd_55.json
5	sglang-nonsd	56	56	1785230388160978956	1785230410243845748	22.082867	0	200	/home/user/vllm/logs/speed_test/sglang-nonsd_b128_speed_tp2/run5_sglang-nonsd_56.json
5	sglang-nonsd	57	57	1785230388161333702	1785230401693004665	13.531671	0	200	/home/user/vllm/logs/speed_test/sglang-nonsd_b128_speed_tp2/run5_sglang-nonsd_57.json
5	sglang-nonsd	58	58	1785230388161641125	1785230403443068290	15.281427	0	200	/home/user/vllm/logs/speed_test/sglang-nonsd_b128_speed_tp2/run5_sglang-nonsd_58.json
5	sglang-nonsd	59	59	1785230388161892803	1785230398306593778	10.144701	0	200	/home/user/vllm/logs/speed_test/sglang-nonsd_b128_speed_tp2/run5_sglang-nonsd_59.json
5	sglang-nonsd	60	60	1785230388162367496	1785230402562434787	14.400067	0	200	/home/user/vllm/logs/speed_test/sglang-nonsd_b128_speed_tp2/run5_sglang-nonsd_60.json
5	sglang-nonsd	61	61	1785230388162579751	1785230401557441408	13.394862	0	200	/home/user/vllm/logs/speed_test/sglang-nonsd_b128_speed_tp2/run5_sglang-nonsd_61.json
5	sglang-nonsd	62	62	1785230388162859042	1785230406263074222	18.100215	0	200	/home/user/vllm/logs/speed_test/sglang-nonsd_b128_speed_tp2/run5_sglang-nonsd_62.json
5	sglang-nonsd	63	63	1785230388163202190	1785230404070456003	15.907254	0	200	/home/user/vllm/logs/speed_test/sglang-nonsd_b128_speed_tp2/run5_sglang-nonsd_63.json
5	sglang-nonsd	64	64	1785230388163622563	1785230410245901501	22.082279	0	200	/home/user/vllm/logs/speed_test/sglang-nonsd_b128_speed_tp2/run5_sglang-nonsd_64.json
5	sglang-nonsd	65	65	1785230388163880662	1785230407278430042	19.114549	0	200	/home/user/vllm/logs/speed_test/sglang-nonsd_b128_speed_tp2/run5_sglang-nonsd_65.json
5	sglang-nonsd	66	66	1785230388164123766	1785230410245878370	22.081755	0	200	/home/user/vllm/logs/speed_test/sglang-nonsd_b128_speed_tp2/run5_sglang-nonsd_66.json
5	sglang-nonsd	67	67	1785230388164489495	1785230401200867198	13.036378	0	200	/home/user/vllm/logs/speed_test/sglang-nonsd_b128_speed_tp2/run5_sglang-nonsd_67.json
5	sglang-nonsd	68	68	1785230388164785254	1785230398530497865	10.365713	0	200	/home/user/vllm/logs/speed_test/sglang-nonsd_b128_speed_tp2/run5_sglang-nonsd_68.json
5	sglang-nonsd	69	69	1785230388165189425	1785230401373636991	13.208448	0	200	/home/user/vllm/logs/speed_test/sglang-nonsd_b128_speed_tp2/run5_sglang-nonsd_69.json
5	sglang-nonsd	70	70	1785230388165413095	1785230410244769819	22.079357	0	200	/home/user/vllm/logs/speed_test/sglang-nonsd_b128_speed_tp2/run5_sglang-nonsd_70.json
5	sglang-nonsd	71	71	1785230388165803721	1785230406325511647	18.159708	0	200	/home/user/vllm/logs/speed_test/sglang-nonsd_b128_speed_tp2/run5_sglang-nonsd_71.json
5	sglang-nonsd	72	72	1785230388166079090	1785230404986571648	16.820493	0	200	/home/user/vllm/logs/speed_test/sglang-nonsd_b128_speed_tp2/run5_sglang-nonsd_72.json
5	sglang-nonsd	73	73	1785230388166295442	1785230400112645450	11.946350	0	200	/home/user/vllm/logs/speed_test/sglang-nonsd_b128_speed_tp2/run5_sglang-nonsd_73.json
5	sglang-nonsd	74	74	1785230388166760829	1785230403132755632	14.965995	0	200	/home/user/vllm/logs/speed_test/sglang-nonsd_b128_speed_tp2/run5_sglang-nonsd_74.json
5	sglang-nonsd	75	75	1785230388166897262	1785230400111418923	11.944522	0	200	/home/user/vllm/logs/speed_test/sglang-nonsd_b128_speed_tp2/run5_sglang-nonsd_75.json
5	sglang-nonsd	76	76	1785230388167263906	1785230408361335415	20.194072	0	200	/home/user/vllm/logs/speed_test/sglang-nonsd_b128_speed_tp2/run5_sglang-nonsd_76.json
5	sglang-nonsd	77	77	1785230388167655117	1785230410246121661	22.078467	0	200	/home/user/vllm/logs/speed_test/sglang-nonsd_b128_speed_tp2/run5_sglang-nonsd_77.json
5	sglang-nonsd	78	78	1785230388167913759	1785230402636588857	14.468675	0	200	/home/user/vllm/logs/speed_test/sglang-nonsd_b128_speed_tp2/run5_sglang-nonsd_78.json
5	sglang-nonsd	79	79	1785230388168216597	1785230409236194651	21.067978	0	200	/home/user/vllm/logs/speed_test/sglang-nonsd_b128_speed_tp2/run5_sglang-nonsd_79.json
5	sglang-nonsd	80	80	1785230388168485540	1785230410244793984	22.076308	0	200	/home/user/vllm/logs/speed_test/sglang-nonsd_b128_speed_tp2/run5_sglang-nonsd_80.json
5	sglang-nonsd	81	81	1785230388169000793	1785230408570767049	20.401766	0	200	/home/user/vllm/logs/speed_test/sglang-nonsd_b128_speed_tp2/run5_sglang-nonsd_81.json
5	sglang-nonsd	82	82	1785230388169087351	1785230403310378908	15.141292	0	200	/home/user/vllm/logs/speed_test/sglang-nonsd_b128_speed_tp2/run5_sglang-nonsd_82.json
5	sglang-nonsd	83	83	1785230388169422925	1785230403174180484	15.004758	0	200	/home/user/vllm/logs/speed_test/sglang-nonsd_b128_speed_tp2/run5_sglang-nonsd_83.json
5	sglang-nonsd	84	84	1785230388169690403	1785230407687194282	19.517504	0	200	/home/user/vllm/logs/speed_test/sglang-nonsd_b128_speed_tp2/run5_sglang-nonsd_84.json
5	sglang-nonsd	85	85	1785230388170135380	1785230406263173736	18.093038	0	200	/home/user/vllm/logs/speed_test/sglang-nonsd_b128_speed_tp2/run5_sglang-nonsd_85.json
5	sglang-nonsd	86	86	1785230388170315041	1785230402231194106	14.060879	0	200	/home/user/vllm/logs/speed_test/sglang-nonsd_b128_speed_tp2/run5_sglang-nonsd_86.json
5	sglang-nonsd	87	87	1785230388170629304	1785230404735346767	16.564717	0	200	/home/user/vllm/logs/speed_test/sglang-nonsd_b128_speed_tp2/run5_sglang-nonsd_87.json
5	sglang-nonsd	88	88	1785230388171028239	1785230410170937608	21.999909	0	200	/home/user/vllm/logs/speed_test/sglang-nonsd_b128_speed_tp2/run5_sglang-nonsd_88.json
5	sglang-nonsd	89	89	1785230388171256737	1785230410244671565	22.073415	0	200	/home/user/vllm/logs/speed_test/sglang-nonsd_b128_speed_tp2/run5_sglang-nonsd_89.json
5	sglang-nonsd	90	90	1785230388171539339	1785230409911686135	21.740147	0	200	/home/user/vllm/logs/speed_test/sglang-nonsd_b128_speed_tp2/run5_sglang-nonsd_90.json
5	sglang-nonsd	91	91	1785230388171807173	1785230403132874440	14.961067	0	200	/home/user/vllm/logs/speed_test/sglang-nonsd_b128_speed_tp2/run5_sglang-nonsd_91.json
5	sglang-nonsd	92	92	1785230388172106665	1785230400242508378	12.070402	0	200	/home/user/vllm/logs/speed_test/sglang-nonsd_b128_speed_tp2/run5_sglang-nonsd_92.json
5	sglang-nonsd	93	93	1785230388172408020	1785230405499376246	17.326968	0	200	/home/user/vllm/logs/speed_test/sglang-nonsd_b128_speed_tp2/run5_sglang-nonsd_93.json
5	sglang-nonsd	94	94	1785230388172736340	1785230400242647049	12.069911	0	200	/home/user/vllm/logs/speed_test/sglang-nonsd_b128_speed_tp2/run5_sglang-nonsd_94.json
5	sglang-nonsd	95	95	1785230388173243044	1785230397901100944	9.727858	0	200	/home/user/vllm/logs/speed_test/sglang-nonsd_b128_speed_tp2/run5_sglang-nonsd_95.json
5	sglang-nonsd	96	96	1785230388173310346	1785230399422819265	11.249509	0	200	/home/user/vllm/logs/speed_test/sglang-nonsd_b128_speed_tp2/run5_sglang-nonsd_96.json
5	sglang-nonsd	97	97	1785230388173641231	1785230408934912249	20.761271	0	200	/home/user/vllm/logs/speed_test/sglang-nonsd_b128_speed_tp2/run5_sglang-nonsd_97.json
5	sglang-nonsd	98	98	1785230388174139930	1785230400149105934	11.974966	0	200	/home/user/vllm/logs/speed_test/sglang-nonsd_b128_speed_tp2/run5_sglang-nonsd_98.json
5	sglang-nonsd	99	99	1785230388174338992	1785230400295694146	12.121355	0	200	/home/user/vllm/logs/speed_test/sglang-nonsd_b128_speed_tp2/run5_sglang-nonsd_99.json
5	sglang-nonsd	100	100	1785230388174739861	1785230397039096622	8.864357	0	200	/home/user/vllm/logs/speed_test/sglang-nonsd_b128_speed_tp2/run5_sglang-nonsd_100.json
5	sglang-nonsd	101	101	1785230388174941351	1785230410245022070	22.070081	0	200	/home/user/vllm/logs/speed_test/sglang-nonsd_b128_speed_tp2/run5_sglang-nonsd_101.json
5	sglang-nonsd	102	102	1785230388175322802	1785230410244824085	22.069501	0	200	/home/user/vllm/logs/speed_test/sglang-nonsd_b128_speed_tp2/run5_sglang-nonsd_102.json
5	sglang-nonsd	103	103	1785230388175563756	1785230404113276295	15.937713	0	200	/home/user/vllm/logs/speed_test/sglang-nonsd_b128_speed_tp2/run5_sglang-nonsd_103.json
5	sglang-nonsd	104	104	1785230388175853171	1785230408604068829	20.428216	0	200	/home/user/vllm/logs/speed_test/sglang-nonsd_b128_speed_tp2/run5_sglang-nonsd_104.json
5	sglang-nonsd	105	105	1785230388176165337	1785230405808943711	17.632778	0	200	/home/user/vllm/logs/speed_test/sglang-nonsd_b128_speed_tp2/run5_sglang-nonsd_105.json
5	sglang-nonsd	106	106	1785230388176428865	1785230398439015625	10.262587	0	200	/home/user/vllm/logs/speed_test/sglang-nonsd_b128_speed_tp2/run5_sglang-nonsd_106.json
5	sglang-nonsd	107	107	1785230388176663228	1785230410246301851	22.069639	0	200	/home/user/vllm/logs/speed_test/sglang-nonsd_b128_speed_tp2/run5_sglang-nonsd_107.json
5	sglang-nonsd	108	108	1785230388177148308	1785230413434474126	25.257326	0	200	/home/user/vllm/logs/speed_test/sglang-nonsd_b128_speed_tp2/run5_sglang-nonsd_108.json
5	sglang-nonsd	109	109	1785230388177313282	1785230401418339041	13.241026	0	200	/home/user/vllm/logs/speed_test/sglang-nonsd_b128_speed_tp2/run5_sglang-nonsd_109.json
5	sglang-nonsd	110	110	1785230388177553746	1785230411810721968	23.633168	0	200	/home/user/vllm/logs/speed_test/sglang-nonsd_b128_speed_tp2/run5_sglang-nonsd_110.json
5	sglang-nonsd	111	111	1785230388177869820	1785230410442057579	22.264188	0	200	/home/user/vllm/logs/speed_test/sglang-nonsd_b128_speed_tp2/run5_sglang-nonsd_111.json
5	sglang-nonsd	112	112	1785230388178211793	1785230403755722634	15.577511	0	200	/home/user/vllm/logs/speed_test/sglang-nonsd_b128_speed_tp2/run5_sglang-nonsd_112.json
5	sglang-nonsd	113	113	1785230388178739685	1785230413434271793	25.255532	0	200	/home/user/vllm/logs/speed_test/sglang-nonsd_b128_speed_tp2/run5_sglang-nonsd_113.json
5	sglang-nonsd	114	114	1785230388178894008	1785230413434172668	25.255279	0	200	/home/user/vllm/logs/speed_test/sglang-nonsd_b128_speed_tp2/run5_sglang-nonsd_114.json
5	sglang-nonsd	115	115	1785230388179292987	1785230412893334926	24.714042	0	200	/home/user/vllm/logs/speed_test/sglang-nonsd_b128_speed_tp2/run5_sglang-nonsd_115.json
5	sglang-nonsd	116	116	1785230388179483829	1785230413763964565	25.584481	0	200	/home/user/vllm/logs/speed_test/sglang-nonsd_b128_speed_tp2/run5_sglang-nonsd_116.json
5	sglang-nonsd	117	117	1785230388179967879	1785230411138424851	22.958457	0	200	/home/user/vllm/logs/speed_test/sglang-nonsd_b128_speed_tp2/run5_sglang-nonsd_117.json
5	sglang-nonsd	118	118	1785230388180220743	1785230413037102552	24.856882	0	200	/home/user/vllm/logs/speed_test/sglang-nonsd_b128_speed_tp2/run5_sglang-nonsd_118.json
5	sglang-nonsd	119	119	1785230388180669564	1785230410702061151	22.521392	0	200	/home/user/vllm/logs/speed_test/sglang-nonsd_b128_speed_tp2/run5_sglang-nonsd_119.json
5	sglang-nonsd	120	120	1785230388180725567	1785230411633960722	23.453235	0	200	/home/user/vllm/logs/speed_test/sglang-nonsd_b128_speed_tp2/run5_sglang-nonsd_120.json
5	sglang-nonsd	121	121	1785230388181055896	1785230413998938520	25.817883	0	200	/home/user/vllm/logs/speed_test/sglang-nonsd_b128_speed_tp2/run5_sglang-nonsd_121.json
5	sglang-nonsd	122	122	1785230388181362986	1785230408631914769	20.450552	0	200	/home/user/vllm/logs/speed_test/sglang-nonsd_b128_speed_tp2/run5_sglang-nonsd_122.json
5	sglang-nonsd	123	123	1785230388181627843	1785230410278931177	22.097303	0	200	/home/user/vllm/logs/speed_test/sglang-nonsd_b128_speed_tp2/run5_sglang-nonsd_123.json
5	sglang-nonsd	124	124	1785230388181941889	1785230412093497188	23.911555	0	200	/home/user/vllm/logs/speed_test/sglang-nonsd_b128_speed_tp2/run5_sglang-nonsd_124.json
5	sglang-nonsd	125	125	1785230388182346053	1785230410659103750	22.476758	0	200	/home/user/vllm/logs/speed_test/sglang-nonsd_b128_speed_tp2/run5_sglang-nonsd_125.json
5	sglang-nonsd	126	126	1785230388182638103	1785230415139104717	26.956467	0	200	/home/user/vllm/logs/speed_test/sglang-nonsd_b128_speed_tp2/run5_sglang-nonsd_126.json
5	sglang-nonsd	127	127	1785230388182920562	1785230414820848151	26.637928	0	200	/home/user/vllm/logs/speed_test/sglang-nonsd_b128_speed_tp2/run5_sglang-nonsd_127.json
