run_id	label	request_index	sample_index	start_ns	end_ns	jct_s	status	http_code	json_path
1	asd-pure-nonsd	0	0	1785143314141742669	1785143328842606764	14.700864	0	200	/home/user/vllm/logs/speed_test/sglang/asd-pure-nonsd_b128_speed_tp2/run1_asd-pure-nonsd_0.json
1	asd-pure-nonsd	1	1	1785143314141921820	1785143332747206804	18.605285	0	200	/home/user/vllm/logs/speed_test/sglang/asd-pure-nonsd_b128_speed_tp2/run1_asd-pure-nonsd_1.json
1	asd-pure-nonsd	2	2	1785143314142487824	1785143330422011006	16.279523	0	200	/home/user/vllm/logs/speed_test/sglang/asd-pure-nonsd_b128_speed_tp2/run1_asd-pure-nonsd_2.json
1	asd-pure-nonsd	3	3	1785143314143034194	1785143327506094925	13.363061	0	200	/home/user/vllm/logs/speed_test/sglang/asd-pure-nonsd_b128_speed_tp2/run1_asd-pure-nonsd_3.json
1	asd-pure-nonsd	4	4	1785143314143619122	1785143321144444499	7.000825	0	200	/home/user/vllm/logs/speed_test/sglang/asd-pure-nonsd_b128_speed_tp2/run1_asd-pure-nonsd_4.json
1	asd-pure-nonsd	5	5	1785143314144200356	1785143329246987394	15.102787	0	200	/home/user/vllm/logs/speed_test/sglang/asd-pure-nonsd_b128_speed_tp2/run1_asd-pure-nonsd_5.json
1	asd-pure-nonsd	6	6	1785143314144764980	1785143326896179801	12.751415	0	200	/home/user/vllm/logs/speed_test/sglang/asd-pure-nonsd_b128_speed_tp2/run1_asd-pure-nonsd_6.json
1	asd-pure-nonsd	7	7	1785143314145783872	1785143336464198732	22.318415	0	200	/home/user/vllm/logs/speed_test/sglang/asd-pure-nonsd_b128_speed_tp2/run1_asd-pure-nonsd_7.json
1	asd-pure-nonsd	8	8	1785143314146273573	1785143327624995567	13.478722	0	200	/home/user/vllm/logs/speed_test/sglang/asd-pure-nonsd_b128_speed_tp2/run1_asd-pure-nonsd_8.json
1	asd-pure-nonsd	9	9	1785143314146421006	1785143330495730602	16.349310	0	200	/home/user/vllm/logs/speed_test/sglang/asd-pure-nonsd_b128_speed_tp2/run1_asd-pure-nonsd_9.json
1	asd-pure-nonsd	10	10	1785143314147302887	1785143326895636415	12.748334	0	200	/home/user/vllm/logs/speed_test/sglang/asd-pure-nonsd_b128_speed_tp2/run1_asd-pure-nonsd_10.json
1	asd-pure-nonsd	11	11	1785143314147564104	1785143331680567945	17.533004	0	200	/home/user/vllm/logs/speed_test/sglang/asd-pure-nonsd_b128_speed_tp2/run1_asd-pure-nonsd_11.json
1	asd-pure-nonsd	12	12	1785143314148095234	1785143331087024503	16.938929	0	200	/home/user/vllm/logs/speed_test/sglang/asd-pure-nonsd_b128_speed_tp2/run1_asd-pure-nonsd_12.json
1	asd-pure-nonsd	13	13	1785143314148633192	1785143326095620942	11.946988	0	200	/home/user/vllm/logs/speed_test/sglang/asd-pure-nonsd_b128_speed_tp2/run1_asd-pure-nonsd_13.json
1	asd-pure-nonsd	14	14	1785143314149218508	1785143330884066671	16.734848	0	200	/home/user/vllm/logs/speed_test/sglang/asd-pure-nonsd_b128_speed_tp2/run1_asd-pure-nonsd_14.json
1	asd-pure-nonsd	15	15	1785143314149829365	1785143326772009310	12.622180	0	200	/home/user/vllm/logs/speed_test/sglang/asd-pure-nonsd_b128_speed_tp2/run1_asd-pure-nonsd_15.json
1	asd-pure-nonsd	16	16	1785143314150425957	1785143329331453011	15.181027	0	200	/home/user/vllm/logs/speed_test/sglang/asd-pure-nonsd_b128_speed_tp2/run1_asd-pure-nonsd_16.json
1	asd-pure-nonsd	17	17	1785143314150844240	1785143325763246863	11.612403	0	200	/home/user/vllm/logs/speed_test/sglang/asd-pure-nonsd_b128_speed_tp2/run1_asd-pure-nonsd_17.json
1	asd-pure-nonsd	18	18	1785143314151473569	1785143336465089669	22.313616	0	200	/home/user/vllm/logs/speed_test/sglang/asd-pure-nonsd_b128_speed_tp2/run1_asd-pure-nonsd_18.json
1	asd-pure-nonsd	19	19	1785143314152202952	1785143329526063742	15.373861	0	200	/home/user/vllm/logs/speed_test/sglang/asd-pure-nonsd_b128_speed_tp2/run1_asd-pure-nonsd_19.json
1	asd-pure-nonsd	20	20	1785143314152687230	1785143331048272382	16.895585	0	200	/home/user/vllm/logs/speed_test/sglang/asd-pure-nonsd_b128_speed_tp2/run1_asd-pure-nonsd_20.json
1	asd-pure-nonsd	21	21	1785143314153181873	1785143328688714165	14.535532	0	200	/home/user/vllm/logs/speed_test/sglang/asd-pure-nonsd_b128_speed_tp2/run1_asd-pure-nonsd_21.json
1	asd-pure-nonsd	22	22	1785143314153705442	1785143336464888309	22.311183	0	200	/home/user/vllm/logs/speed_test/sglang/asd-pure-nonsd_b128_speed_tp2/run1_asd-pure-nonsd_22.json
1	asd-pure-nonsd	23	23	1785143314154294202	1785143330921224542	16.766930	0	200	/home/user/vllm/logs/speed_test/sglang/asd-pure-nonsd_b128_speed_tp2/run1_asd-pure-nonsd_23.json
1	asd-pure-nonsd	24	24	1785143314154810105	1785143329911524295	15.756714	0	200	/home/user/vllm/logs/speed_test/sglang/asd-pure-nonsd_b128_speed_tp2/run1_asd-pure-nonsd_24.json
1	asd-pure-nonsd	25	25	1785143314155371890	1785143332825256085	18.669884	0	200	/home/user/vllm/logs/speed_test/sglang/asd-pure-nonsd_b128_speed_tp2/run1_asd-pure-nonsd_25.json
1	asd-pure-nonsd	26	26	1785143314156007811	1785143336464335770	22.308328	0	200	/home/user/vllm/logs/speed_test/sglang/asd-pure-nonsd_b128_speed_tp2/run1_asd-pure-nonsd_26.json
1	asd-pure-nonsd	27	27	1785143314156591620	1785143325212805043	11.056213	0	200	/home/user/vllm/logs/speed_test/sglang/asd-pure-nonsd_b128_speed_tp2/run1_asd-pure-nonsd_27.json
1	asd-pure-nonsd	28	28	1785143314157134912	1785143325172024570	11.014890	0	200	/home/user/vllm/logs/speed_test/sglang/asd-pure-nonsd_b128_speed_tp2/run1_asd-pure-nonsd_28.json
1	asd-pure-nonsd	29	29	1785143314157939122	1785143328926295356	14.768356	0	200	/home/user/vllm/logs/speed_test/sglang/asd-pure-nonsd_b128_speed_tp2/run1_asd-pure-nonsd_29.json
1	asd-pure-nonsd	30	30	1785143314158385938	1785143336463446056	22.305060	0	200	/home/user/vllm/logs/speed_test/sglang/asd-pure-nonsd_b128_speed_tp2/run1_asd-pure-nonsd_30.json
1	asd-pure-nonsd	31	31	1785143314158906113	1785143332040329750	17.881424	0	200	/home/user/vllm/logs/speed_test/sglang/asd-pure-nonsd_b128_speed_tp2/run1_asd-pure-nonsd_31.json
1	asd-pure-nonsd	32	32	1785143314159608281	1785143328766352050	14.606744	0	200	/home/user/vllm/logs/speed_test/sglang/asd-pure-nonsd_b128_speed_tp2/run1_asd-pure-nonsd_32.json
1	asd-pure-nonsd	33	33	1785143314160159677	1785143326557633675	12.397474	0	200	/home/user/vllm/logs/speed_test/sglang/asd-pure-nonsd_b128_speed_tp2/run1_asd-pure-nonsd_33.json
1	asd-pure-nonsd	34	34	1785143314160729824	1785143327862857781	13.702128	0	200	/home/user/vllm/logs/speed_test/sglang/asd-pure-nonsd_b128_speed_tp2/run1_asd-pure-nonsd_34.json
1	asd-pure-nonsd	35	35	1785143314161328116	1785143327260129596	13.098801	0	200	/home/user/vllm/logs/speed_test/sglang/asd-pure-nonsd_b128_speed_tp2/run1_asd-pure-nonsd_35.json
1	asd-pure-nonsd	36	36	1785143314162035768	1785143324142850170	9.980814	0	200	/home/user/vllm/logs/speed_test/sglang/asd-pure-nonsd_b128_speed_tp2/run1_asd-pure-nonsd_36.json
1	asd-pure-nonsd	37	37	1785143314162559684	1785143327461748385	13.299189	0	200	/home/user/vllm/logs/speed_test/sglang/asd-pure-nonsd_b128_speed_tp2/run1_asd-pure-nonsd_37.json
1	asd-pure-nonsd	38	38	1785143314163072204	1785143329203853009	15.040781	0	200	/home/user/vllm/logs/speed_test/sglang/asd-pure-nonsd_b128_speed_tp2/run1_asd-pure-nonsd_38.json
1	asd-pure-nonsd	39	39	1785143314163921881	1785143331086700598	16.922779	0	200	/home/user/vllm/logs/speed_test/sglang/asd-pure-nonsd_b128_speed_tp2/run1_asd-pure-nonsd_39.json
1	asd-pure-nonsd	40	40	1785143314164312282	1785143322802806583	8.638494	0	200	/home/user/vllm/logs/speed_test/sglang/asd-pure-nonsd_b128_speed_tp2/run1_asd-pure-nonsd_40.json
1	asd-pure-nonsd	41	41	1785143314164824609	1785143330260004993	16.095180	0	200	/home/user/vllm/logs/speed_test/sglang/asd-pure-nonsd_b128_speed_tp2/run1_asd-pure-nonsd_41.json
1	asd-pure-nonsd	42	42	1785143314165346257	1785143329083348158	14.918002	0	200	/home/user/vllm/logs/speed_test/sglang/asd-pure-nonsd_b128_speed_tp2/run1_asd-pure-nonsd_42.json
1	asd-pure-nonsd	43	43	1785143314165856059	1785143327789466932	13.623611	0	200	/home/user/vllm/logs/speed_test/sglang/asd-pure-nonsd_b128_speed_tp2/run1_asd-pure-nonsd_43.json
1	asd-pure-nonsd	44	44	1785143314166379639	1785143329004548307	14.838169	0	200	/home/user/vllm/logs/speed_test/sglang/asd-pure-nonsd_b128_speed_tp2/run1_asd-pure-nonsd_44.json
1	asd-pure-nonsd	45	45	1785143314166876884	1785143330806267261	16.639390	0	200	/home/user/vllm/logs/speed_test/sglang/asd-pure-nonsd_b128_speed_tp2/run1_asd-pure-nonsd_45.json
1	asd-pure-nonsd	46	46	1785143314167478462	1785143325351180400	11.183702	0	200	/home/user/vllm/logs/speed_test/sglang/asd-pure-nonsd_b128_speed_tp2/run1_asd-pure-nonsd_46.json
1	asd-pure-nonsd	47	47	1785143314167964795	1785143330259930908	16.091966	0	200	/home/user/vllm/logs/speed_test/sglang/asd-pure-nonsd_b128_speed_tp2/run1_asd-pure-nonsd_47.json
1	asd-pure-nonsd	48	48	1785143314168542516	1785143328888664354	14.720122	0	200	/home/user/vllm/logs/speed_test/sglang/asd-pure-nonsd_b128_speed_tp2/run1_asd-pure-nonsd_48.json
1	asd-pure-nonsd	49	49	1785143314168984422	1785143327944533857	13.775549	0	200	/home/user/vllm/logs/speed_test/sglang/asd-pure-nonsd_b128_speed_tp2/run1_asd-pure-nonsd_49.json
1	asd-pure-nonsd	50	50	1785143314169467245	1785143331680662131	17.511195	0	200	/home/user/vllm/logs/speed_test/sglang/asd-pure-nonsd_b128_speed_tp2/run1_asd-pure-nonsd_50.json
1	asd-pure-nonsd	51	51	1785143314170021910	1785143336096806098	21.926784	0	200	/home/user/vllm/logs/speed_test/sglang/asd-pure-nonsd_b128_speed_tp2/run1_asd-pure-nonsd_51.json
1	asd-pure-nonsd	52	52	1785143314170519028	1785143322008404275	7.837885	0	200	/home/user/vllm/logs/speed_test/sglang/asd-pure-nonsd_b128_speed_tp2/run1_asd-pure-nonsd_52.json
1	asd-pure-nonsd	53	53	1785143314170997465	1785143325849182170	11.678185	0	200	/home/user/vllm/logs/speed_test/sglang/asd-pure-nonsd_b128_speed_tp2/run1_asd-pure-nonsd_53.json
1	asd-pure-nonsd	54	54	1785143314171559050	1785143336465787135	22.294228	0	200	/home/user/vllm/logs/speed_test/sglang/asd-pure-nonsd_b128_speed_tp2/run1_asd-pure-nonsd_54.json
1	asd-pure-nonsd	55	55	1785143314172259467	1785143336463900626	22.291641	0	200	/home/user/vllm/logs/speed_test/sglang/asd-pure-nonsd_b128_speed_tp2/run1_asd-pure-nonsd_55.json
1	asd-pure-nonsd	56	56	1785143314172514335	1785143336465979461	22.293465	0	200	/home/user/vllm/logs/speed_test/sglang/asd-pure-nonsd_b128_speed_tp2/run1_asd-pure-nonsd_56.json
1	asd-pure-nonsd	57	57	1785143314172918122	1785143326693949081	12.521031	0	200	/home/user/vllm/logs/speed_test/sglang/asd-pure-nonsd_b128_speed_tp2/run1_asd-pure-nonsd_57.json
1	asd-pure-nonsd	58	58	1785143314173614245	1785143329409566085	15.235952	0	200	/home/user/vllm/logs/speed_test/sglang/asd-pure-nonsd_b128_speed_tp2/run1_asd-pure-nonsd_58.json
1	asd-pure-nonsd	59	59	1785143314173890571	1785143325129000428	10.955110	0	200	/home/user/vllm/logs/speed_test/sglang/asd-pure-nonsd_b128_speed_tp2/run1_asd-pure-nonsd_59.json
1	asd-pure-nonsd	60	60	1785143314174379606	1785143328617353155	14.442974	0	200	/home/user/vllm/logs/speed_test/sglang/asd-pure-nonsd_b128_speed_tp2/run1_asd-pure-nonsd_60.json
1	asd-pure-nonsd	61	61	1785143314174812466	1785143324230961801	10.056149	0	200	/home/user/vllm/logs/speed_test/sglang/asd-pure-nonsd_b128_speed_tp2/run1_asd-pure-nonsd_61.json
1	asd-pure-nonsd	62	62	1785143314175288966	1785143333332639230	19.157350	0	200	/home/user/vllm/logs/speed_test/sglang/asd-pure-nonsd_b128_speed_tp2/run1_asd-pure-nonsd_62.json
1	asd-pure-nonsd	63	63	1785143314175782291	1785143329910938176	15.735156	0	200	/home/user/vllm/logs/speed_test/sglang/asd-pure-nonsd_b128_speed_tp2/run1_asd-pure-nonsd_63.json
1	asd-pure-nonsd	64	64	1785143314176219305	1785143336463147190	22.286928	0	200	/home/user/vllm/logs/speed_test/sglang/asd-pure-nonsd_b128_speed_tp2/run1_asd-pure-nonsd_64.json
1	asd-pure-nonsd	65	65	1785143314176685165	1785143332119057038	17.942372	0	200	/home/user/vllm/logs/speed_test/sglang/asd-pure-nonsd_b128_speed_tp2/run1_asd-pure-nonsd_65.json
1	asd-pure-nonsd	66	66	1785143314177175644	1785143333518059835	19.340884	0	200	/home/user/vllm/logs/speed_test/sglang/asd-pure-nonsd_b128_speed_tp2/run1_asd-pure-nonsd_66.json
1	asd-pure-nonsd	67	67	1785143314177731842	1785143329563123153	15.385391	0	200	/home/user/vllm/logs/speed_test/sglang/asd-pure-nonsd_b128_speed_tp2/run1_asd-pure-nonsd_67.json
1	asd-pure-nonsd	68	68	1785143314178017155	1785143325212898990	11.034882	0	200	/home/user/vllm/logs/speed_test/sglang/asd-pure-nonsd_b128_speed_tp2/run1_asd-pure-nonsd_68.json
1	asd-pure-nonsd	69	69	1785143314178506506	1785143328257898247	14.079392	0	200	/home/user/vllm/logs/speed_test/sglang/asd-pure-nonsd_b128_speed_tp2/run1_asd-pure-nonsd_69.json
1	asd-pure-nonsd	70	70	1785143314179021605	1785143336466056803	22.287035	0	200	/home/user/vllm/logs/speed_test/sglang/asd-pure-nonsd_b128_speed_tp2/run1_asd-pure-nonsd_70.json
1	asd-pure-nonsd	71	71	1785143314179368805	1785143332305637506	18.126269	0	200	/home/user/vllm/logs/speed_test/sglang/asd-pure-nonsd_b128_speed_tp2/run1_asd-pure-nonsd_71.json
1	asd-pure-nonsd	72	72	1785143314179842871	1785143330586426205	16.406583	0	200	/home/user/vllm/logs/speed_test/sglang/asd-pure-nonsd_b128_speed_tp2/run1_asd-pure-nonsd_72.json
1	asd-pure-nonsd	73	73	1785143314180278710	1785143326438977028	12.258698	0	200	/home/user/vllm/logs/speed_test/sglang/asd-pure-nonsd_b128_speed_tp2/run1_asd-pure-nonsd_73.json
1	asd-pure-nonsd	74	74	1785143314180688721	1785143327055767470	12.875079	0	200	/home/user/vllm/logs/speed_test/sglang/asd-pure-nonsd_b128_speed_tp2/run1_asd-pure-nonsd_74.json
1	asd-pure-nonsd	75	75	1785143314181159090	1785143326897839547	12.716680	0	200	/home/user/vllm/logs/speed_test/sglang/asd-pure-nonsd_b128_speed_tp2/run1_asd-pure-nonsd_75.json
1	asd-pure-nonsd	76	76	1785143314181548764	1785143334485888085	20.304339	0	200	/home/user/vllm/logs/speed_test/sglang/asd-pure-nonsd_b128_speed_tp2/run1_asd-pure-nonsd_76.json
1	asd-pure-nonsd	77	77	1785143314181974772	1785143336465432123	22.283457	0	200	/home/user/vllm/logs/speed_test/sglang/asd-pure-nonsd_b128_speed_tp2/run1_asd-pure-nonsd_77.json
1	asd-pure-nonsd	78	78	1785143314182476869	1785143329331732366	15.149255	0	200	/home/user/vllm/logs/speed_test/sglang/asd-pure-nonsd_b128_speed_tp2/run1_asd-pure-nonsd_78.json
1	asd-pure-nonsd	79	79	1785143314183082444	1785143332702573573	18.519491	0	200	/home/user/vllm/logs/speed_test/sglang/asd-pure-nonsd_b128_speed_tp2/run1_asd-pure-nonsd_79.json
1	asd-pure-nonsd	80	80	1785143314183355366	1785143336464237682	22.280882	0	200	/home/user/vllm/logs/speed_test/sglang/asd-pure-nonsd_b128_speed_tp2/run1_asd-pure-nonsd_80.json
1	asd-pure-nonsd	81	81	1785143314183862976	1785143334947690182	20.763827	0	200	/home/user/vllm/logs/speed_test/sglang/asd-pure-nonsd_b128_speed_tp2/run1_asd-pure-nonsd_81.json
1	asd-pure-nonsd	82	82	1785143314184187522	1785143329294761815	15.110574	0	200	/home/user/vllm/logs/speed_test/sglang/asd-pure-nonsd_b128_speed_tp2/run1_asd-pure-nonsd_82.json
1	asd-pure-nonsd	83	83	1785143314184713967	1785143330033074644	15.848361	0	200	/home/user/vllm/logs/speed_test/sglang/asd-pure-nonsd_b128_speed_tp2/run1_asd-pure-nonsd_83.json
1	asd-pure-nonsd	84	84	1785143314185042710	1785143333912004146	19.726961	0	200	/home/user/vllm/logs/speed_test/sglang/asd-pure-nonsd_b128_speed_tp2/run1_asd-pure-nonsd_84.json
1	asd-pure-nonsd	85	85	1785143314185494570	1785143332228844192	18.043350	0	200	/home/user/vllm/logs/speed_test/sglang/asd-pure-nonsd_b128_speed_tp2/run1_asd-pure-nonsd_85.json
1	asd-pure-nonsd	86	86	1785143314185836452	1785143328687932764	14.502096	0	200	/home/user/vllm/logs/speed_test/sglang/asd-pure-nonsd_b128_speed_tp2/run1_asd-pure-nonsd_86.json
1	asd-pure-nonsd	87	87	1785143314186348363	1785143332627014613	18.440666	0	200	/home/user/vllm/logs/speed_test/sglang/asd-pure-nonsd_b128_speed_tp2/run1_asd-pure-nonsd_87.json
1	asd-pure-nonsd	88	88	1785143314186715537	1785143336466275471	22.279560	0	200	/home/user/vllm/logs/speed_test/sglang/asd-pure-nonsd_b128_speed_tp2/run1_asd-pure-nonsd_88.json
1	asd-pure-nonsd	89	89	1785143314187168972	1785143336465083235	22.277914	0	200	/home/user/vllm/logs/speed_test/sglang/asd-pure-nonsd_b128_speed_tp2/run1_asd-pure-nonsd_89.json
1	asd-pure-nonsd	90	90	1785143314187540838	1785143336389942559	22.202402	0	200	/home/user/vllm/logs/speed_test/sglang/asd-pure-nonsd_b128_speed_tp2/run1_asd-pure-nonsd_90.json
1	asd-pure-nonsd	91	91	1785143314188311900	1785143328888234752	14.699923	0	200	/home/user/vllm/logs/speed_test/sglang/asd-pure-nonsd_b128_speed_tp2/run1_asd-pure-nonsd_91.json
1	asd-pure-nonsd	92	92	1785143314188467961	1785143325893428755	11.704961	0	200	/home/user/vllm/logs/speed_test/sglang/asd-pure-nonsd_b128_speed_tp2/run1_asd-pure-nonsd_92.json
1	asd-pure-nonsd	93	93	1785143314188922701	1785143332626394081	18.437471	0	200	/home/user/vllm/logs/speed_test/sglang/asd-pure-nonsd_b128_speed_tp2/run1_asd-pure-nonsd_93.json
1	asd-pure-nonsd	94	94	1785143314190003826	1785143326558322760	12.368319	0	200	/home/user/vllm/logs/speed_test/sglang/asd-pure-nonsd_b128_speed_tp2/run1_asd-pure-nonsd_94.json
1	asd-pure-nonsd	95	95	1785143314189821333	1785143324744504185	10.554683	0	200	/home/user/vllm/logs/speed_test/sglang/asd-pure-nonsd_b128_speed_tp2/run1_asd-pure-nonsd_95.json
1	asd-pure-nonsd	96	96	1785143314190209732	1785143325892667994	11.702458	0	200	/home/user/vllm/logs/speed_test/sglang/asd-pure-nonsd_b128_speed_tp2/run1_asd-pure-nonsd_96.json
1	asd-pure-nonsd	97	97	1785143314190761569	1785143331798046004	17.607284	0	200	/home/user/vllm/logs/speed_test/sglang/asd-pure-nonsd_b128_speed_tp2/run1_asd-pure-nonsd_97.json
1	asd-pure-nonsd	98	98	1785143314191102176	1785143326480993305	12.289891	0	200	/home/user/vllm/logs/speed_test/sglang/asd-pure-nonsd_b128_speed_tp2/run1_asd-pure-nonsd_98.json
1	asd-pure-nonsd	99	99	1785143314191435133	1785143326976383874	12.784949	0	200	/home/user/vllm/logs/speed_test/sglang/asd-pure-nonsd_b128_speed_tp2/run1_asd-pure-nonsd_99.json
1	asd-pure-nonsd	100	100	1785143314191860636	1785143324012683049	9.820822	0	200	/home/user/vllm/logs/speed_test/sglang/asd-pure-nonsd_b128_speed_tp2/run1_asd-pure-nonsd_100.json
1	asd-pure-nonsd	101	101	1785143314192254928	1785143336466306385	22.274051	0	200	/home/user/vllm/logs/speed_test/sglang/asd-pure-nonsd_b128_speed_tp2/run1_asd-pure-nonsd_101.json
1	asd-pure-nonsd	102	102	1785143314192588977	1785143336465067800	22.272479	0	200	/home/user/vllm/logs/speed_test/sglang/asd-pure-nonsd_b128_speed_tp2/run1_asd-pure-nonsd_102.json
1	asd-pure-nonsd	103	103	1785143314192996037	1785143325043590809	10.850595	0	200	/home/user/vllm/logs/speed_test/sglang/asd-pure-nonsd_b128_speed_tp2/run1_asd-pure-nonsd_103.json
1	asd-pure-nonsd	104	104	1785143314193395610	1785143335292290108	21.098894	0	200	/home/user/vllm/logs/speed_test/sglang/asd-pure-nonsd_b128_speed_tp2/run1_asd-pure-nonsd_104.json
1	asd-pure-nonsd	105	105	1785143314193769049	1785143332587243010	18.393474	0	200	/home/user/vllm/logs/speed_test/sglang/asd-pure-nonsd_b128_speed_tp2/run1_asd-pure-nonsd_105.json
1	asd-pure-nonsd	106	106	1785143314194192940	1785143324829719358	10.635526	0	200	/home/user/vllm/logs/speed_test/sglang/asd-pure-nonsd_b128_speed_tp2/run1_asd-pure-nonsd_106.json
1	asd-pure-nonsd	107	107	1785143314194802597	1785143335065614370	20.870812	0	200	/home/user/vllm/logs/speed_test/sglang/asd-pure-nonsd_b128_speed_tp2/run1_asd-pure-nonsd_107.json
1	asd-pure-nonsd	108	108	1785143314195052629	1785143336471664516	22.276612	0	200	/home/user/vllm/logs/speed_test/sglang/asd-pure-nonsd_b128_speed_tp2/run1_asd-pure-nonsd_108.json
1	asd-pure-nonsd	109	109	1785143314195358481	1785143329795244785	15.599886	0	200	/home/user/vllm/logs/speed_test/sglang/asd-pure-nonsd_b128_speed_tp2/run1_asd-pure-nonsd_109.json
1	asd-pure-nonsd	110	110	1785143314195781532	1785143335564156269	21.368375	0	200	/home/user/vllm/logs/speed_test/sglang/asd-pure-nonsd_b128_speed_tp2/run1_asd-pure-nonsd_110.json
1	asd-pure-nonsd	111	111	1785143314196211107	1785143336150842277	21.954631	0	200	/home/user/vllm/logs/speed_test/sglang/asd-pure-nonsd_b128_speed_tp2/run1_asd-pure-nonsd_111.json
1	asd-pure-nonsd	112	112	1785143314196565096	1785143323711538172	9.514973	0	200	/home/user/vllm/logs/speed_test/sglang/asd-pure-nonsd_b128_speed_tp2/run1_asd-pure-nonsd_112.json
1	asd-pure-nonsd	113	113	1785143314196960226	1785143326813794477	12.616834	0	200	/home/user/vllm/logs/speed_test/sglang/asd-pure-nonsd_b128_speed_tp2/run1_asd-pure-nonsd_113.json
1	asd-pure-nonsd	114	114	1785143314197302945	1785143336473426125	22.276123	0	200	/home/user/vllm/logs/speed_test/sglang/asd-pure-nonsd_b128_speed_tp2/run1_asd-pure-nonsd_114.json
1	asd-pure-nonsd	115	115	1785143314197730013	1785143335678299001	21.480569	0	200	/home/user/vllm/logs/speed_test/sglang/asd-pure-nonsd_b128_speed_tp2/run1_asd-pure-nonsd_115.json
1	asd-pure-nonsd	116	116	1785143314198086364	1785143336471285296	22.273199	0	200	/home/user/vllm/logs/speed_test/sglang/asd-pure-nonsd_b128_speed_tp2/run1_asd-pure-nonsd_116.json
1	asd-pure-nonsd	117	117	1785143314198527886	1785143331127398695	16.928871	0	200	/home/user/vllm/logs/speed_test/sglang/asd-pure-nonsd_b128_speed_tp2/run1_asd-pure-nonsd_117.json
1	asd-pure-nonsd	118	118	1785143314198902770	1785143334519132984	20.320230	0	200	/home/user/vllm/logs/speed_test/sglang/asd-pure-nonsd_b128_speed_tp2/run1_asd-pure-nonsd_118.json
1	asd-pure-nonsd	119	119	1785143314199294054	1785143326815054526	12.615760	0	200	/home/user/vllm/logs/speed_test/sglang/asd-pure-nonsd_b128_speed_tp2/run1_asd-pure-nonsd_119.json
1	asd-pure-nonsd	120	120	1785143314199740115	1785143330844509075	16.644769	0	200	/home/user/vllm/logs/speed_test/sglang/asd-pure-nonsd_b128_speed_tp2/run1_asd-pure-nonsd_120.json
1	asd-pure-nonsd	121	121	1785143314200124366	1785143335747576983	21.547453	0	200	/home/user/vllm/logs/speed_test/sglang/asd-pure-nonsd_b128_speed_tp2/run1_asd-pure-nonsd_121.json
1	asd-pure-nonsd	122	122	1785143314200541078	1785143326271152516	12.070611	0	200	/home/user/vllm/logs/speed_test/sglang/asd-pure-nonsd_b128_speed_tp2/run1_asd-pure-nonsd_122.json
1	asd-pure-nonsd	123	123	1785143314200850891	1785143328298608237	14.097757	0	200	/home/user/vllm/logs/speed_test/sglang/asd-pure-nonsd_b128_speed_tp2/run1_asd-pure-nonsd_123.json
1	asd-pure-nonsd	124	124	1785143314201268378	1785143331243488640	17.042220	0	200	/home/user/vllm/logs/speed_test/sglang/asd-pure-nonsd_b128_speed_tp2/run1_asd-pure-nonsd_124.json
1	asd-pure-nonsd	125	125	1785143314201613291	1785143329525947825	15.324335	0	200	/home/user/vllm/logs/speed_test/sglang/asd-pure-nonsd_b128_speed_tp2/run1_asd-pure-nonsd_125.json
1	asd-pure-nonsd	126	126	1785143314202072959	1785143336471876794	22.269804	0	200	/home/user/vllm/logs/speed_test/sglang/asd-pure-nonsd_b128_speed_tp2/run1_asd-pure-nonsd_126.json
1	asd-pure-nonsd	127	127	1785143314202422889	1785143335926243933	21.723821	0	200	/home/user/vllm/logs/speed_test/sglang/asd-pure-nonsd_b128_speed_tp2/run1_asd-pure-nonsd_127.json
2	asd-pure-nonsd	0	0	1785143393679686610	1785143407392902202	13.713216	0	200	/home/user/vllm/logs/speed_test/sglang/asd-pure-nonsd_b128_speed_tp2/run2_asd-pure-nonsd_0.json
2	asd-pure-nonsd	1	1	1785143393680444853	1785143411375050129	17.694605	0	200	/home/user/vllm/logs/speed_test/sglang/asd-pure-nonsd_b128_speed_tp2/run2_asd-pure-nonsd_1.json
2	asd-pure-nonsd	2	2	1785143393681161199	1785143409064650482	15.383489	0	200	/home/user/vllm/logs/speed_test/sglang/asd-pure-nonsd_b128_speed_tp2/run2_asd-pure-nonsd_2.json
2	asd-pure-nonsd	3	3	1785143393681934273	1785143406014062060	12.332128	0	200	/home/user/vllm/logs/speed_test/sglang/asd-pure-nonsd_b128_speed_tp2/run2_asd-pure-nonsd_3.json
2	asd-pure-nonsd	4	4	1785143393683078693	1785143399641600268	5.958522	0	200	/home/user/vllm/logs/speed_test/sglang/asd-pure-nonsd_b128_speed_tp2/run2_asd-pure-nonsd_4.json
2	asd-pure-nonsd	5	5	1785143393684712652	1785143407808406978	14.123694	0	200	/home/user/vllm/logs/speed_test/sglang/asd-pure-nonsd_b128_speed_tp2/run2_asd-pure-nonsd_5.json
2	asd-pure-nonsd	6	6	1785143393684261256	1785143405404421270	11.720160	0	200	/home/user/vllm/logs/speed_test/sglang/asd-pure-nonsd_b128_speed_tp2/run2_asd-pure-nonsd_6.json
2	asd-pure-nonsd	7	7	1785143393684922343	1785143415085629118	21.400707	0	200	/home/user/vllm/logs/speed_test/sglang/asd-pure-nonsd_b128_speed_tp2/run2_asd-pure-nonsd_7.json
2	asd-pure-nonsd	8	8	1785143393686249053	1785143406134735048	12.448486	0	200	/home/user/vllm/logs/speed_test/sglang/asd-pure-nonsd_b128_speed_tp2/run2_asd-pure-nonsd_8.json
2	asd-pure-nonsd	9	9	1785143393686601043	1785143409141320563	15.454720	0	200	/home/user/vllm/logs/speed_test/sglang/asd-pure-nonsd_b128_speed_tp2/run2_asd-pure-nonsd_9.json
2	asd-pure-nonsd	10	10	1785143393687215023	1785143405405123021	11.717908	0	200	/home/user/vllm/logs/speed_test/sglang/asd-pure-nonsd_b128_speed_tp2/run2_asd-pure-nonsd_10.json
2	asd-pure-nonsd	11	11	1785143393687984295	1785143410297793837	16.609810	0	200	/home/user/vllm/logs/speed_test/sglang/asd-pure-nonsd_b128_speed_tp2/run2_asd-pure-nonsd_11.json
2	asd-pure-nonsd	12	12	1785143393688760731	1785143409714291427	16.025531	0	200	/home/user/vllm/logs/speed_test/sglang/asd-pure-nonsd_b128_speed_tp2/run2_asd-pure-nonsd_12.json
2	asd-pure-nonsd	13	13	1785143393689523606	1785143404536905098	10.847381	0	200	/home/user/vllm/logs/speed_test/sglang/asd-pure-nonsd_b128_speed_tp2/run2_asd-pure-nonsd_13.json
2	asd-pure-nonsd	14	14	1785143393690279831	1785143409524457670	15.834178	0	200	/home/user/vllm/logs/speed_test/sglang/asd-pure-nonsd_b128_speed_tp2/run2_asd-pure-nonsd_14.json
2	asd-pure-nonsd	15	15	1785143393690894336	1785143405266934259	11.576040	0	200	/home/user/vllm/logs/speed_test/sglang/asd-pure-nonsd_b128_speed_tp2/run2_asd-pure-nonsd_15.json
2	asd-pure-nonsd	16	16	1785143393691593882	1785143407882501714	14.190908	0	200	/home/user/vllm/logs/speed_test/sglang/asd-pure-nonsd_b128_speed_tp2/run2_asd-pure-nonsd_16.json
2	asd-pure-nonsd	17	17	1785143393692461427	1785143404198828675	10.506367	0	200	/home/user/vllm/logs/speed_test/sglang/asd-pure-nonsd_b128_speed_tp2/run2_asd-pure-nonsd_17.json
2	asd-pure-nonsd	18	18	1785143393693163028	1785143415268466054	21.575303	0	200	/home/user/vllm/logs/speed_test/sglang/asd-pure-nonsd_b128_speed_tp2/run2_asd-pure-nonsd_18.json
2	asd-pure-nonsd	19	19	1785143393693854847	1785143409405587791	15.711733	0	200	/home/user/vllm/logs/speed_test/sglang/asd-pure-nonsd_b128_speed_tp2/run2_asd-pure-nonsd_19.json
2	asd-pure-nonsd	20	20	1785143393694537871	1785143409671969882	15.977432	0	200	/home/user/vllm/logs/speed_test/sglang/asd-pure-nonsd_b128_speed_tp2/run2_asd-pure-nonsd_20.json
2	asd-pure-nonsd	21	21	1785143393695279439	1785143407233540352	13.538261	0	200	/home/user/vllm/logs/speed_test/sglang/asd-pure-nonsd_b128_speed_tp2/run2_asd-pure-nonsd_21.json
2	asd-pure-nonsd	22	22	1785143393695948470	1785143415268606199	21.572658	0	200	/home/user/vllm/logs/speed_test/sglang/asd-pure-nonsd_b128_speed_tp2/run2_asd-pure-nonsd_22.json
2	asd-pure-nonsd	23	23	1785143393696614878	1785143409554634112	15.858019	0	200	/home/user/vllm/logs/speed_test/sglang/asd-pure-nonsd_b128_speed_tp2/run2_asd-pure-nonsd_23.json
2	asd-pure-nonsd	24	24	1785143393697363955	1785143408557001847	14.859638	0	200	/home/user/vllm/logs/speed_test/sglang/asd-pure-nonsd_b128_speed_tp2/run2_asd-pure-nonsd_24.json
2	asd-pure-nonsd	25	25	1785143393698066484	1785143411610087909	17.912021	0	200	/home/user/vllm/logs/speed_test/sglang/asd-pure-nonsd_b128_speed_tp2/run2_asd-pure-nonsd_25.json
2	asd-pure-nonsd	26	26	1785143393698697721	1785143415269433697	21.570736	0	200	/home/user/vllm/logs/speed_test/sglang/asd-pure-nonsd_b128_speed_tp2/run2_asd-pure-nonsd_26.json
2	asd-pure-nonsd	27	27	1785143393699411604	1785143403665191564	9.965780	0	200	/home/user/vllm/logs/speed_test/sglang/asd-pure-nonsd_b128_speed_tp2/run2_asd-pure-nonsd_27.json
2	asd-pure-nonsd	28	28	1785143393700097184	1785143403626912743	9.926816	0	200	/home/user/vllm/logs/speed_test/sglang/asd-pure-nonsd_b128_speed_tp2/run2_asd-pure-nonsd_28.json
2	asd-pure-nonsd	29	29	1785143393700861008	1785143407482983620	13.782123	0	200	/home/user/vllm/logs/speed_test/sglang/asd-pure-nonsd_b128_speed_tp2/run2_asd-pure-nonsd_29.json
2	asd-pure-nonsd	30	30	1785143393701514319	1785143415268643422	21.567129	0	200	/home/user/vllm/logs/speed_test/sglang/asd-pure-nonsd_b128_speed_tp2/run2_asd-pure-nonsd_30.json
2	asd-pure-nonsd	31	31	1785143393702247166	1785143410727302717	17.025056	0	200	/home/user/vllm/logs/speed_test/sglang/asd-pure-nonsd_b128_speed_tp2/run2_asd-pure-nonsd_31.json
2	asd-pure-nonsd	32	32	1785143393702923330	1785143407318394809	13.615471	0	200	/home/user/vllm/logs/speed_test/sglang/asd-pure-nonsd_b128_speed_tp2/run2_asd-pure-nonsd_32.json
2	asd-pure-nonsd	33	33	1785143393703629142	1785143405037683480	11.334054	0	200	/home/user/vllm/logs/speed_test/sglang/asd-pure-nonsd_b128_speed_tp2/run2_asd-pure-nonsd_33.json
2	asd-pure-nonsd	34	34	1785143393704396749	1785143406385159814	12.680763	0	200	/home/user/vllm/logs/speed_test/sglang/asd-pure-nonsd_b128_speed_tp2/run2_asd-pure-nonsd_34.json
2	asd-pure-nonsd	35	35	1785143393705050714	1785143405768936682	12.063886	0	200	/home/user/vllm/logs/speed_test/sglang/asd-pure-nonsd_b128_speed_tp2/run2_asd-pure-nonsd_35.json
2	asd-pure-nonsd	36	36	1785143393705814962	1785143402603261595	8.897447	0	200	/home/user/vllm/logs/speed_test/sglang/asd-pure-nonsd_b128_speed_tp2/run2_asd-pure-nonsd_36.json
2	asd-pure-nonsd	37	37	1785143393706491633	1785143405973845382	12.267354	0	200	/home/user/vllm/logs/speed_test/sglang/asd-pure-nonsd_b128_speed_tp2/run2_asd-pure-nonsd_37.json
2	asd-pure-nonsd	38	38	1785143393707251628	1785143407769535561	14.062284	0	200	/home/user/vllm/logs/speed_test/sglang/asd-pure-nonsd_b128_speed_tp2/run2_asd-pure-nonsd_38.json
2	asd-pure-nonsd	39	39	1785143393707921692	1785143409671801368	15.963880	0	200	/home/user/vllm/logs/speed_test/sglang/asd-pure-nonsd_b128_speed_tp2/run2_asd-pure-nonsd_39.json
2	asd-pure-nonsd	40	40	1785143393708709394	1785143401258296376	7.549587	0	200	/home/user/vllm/logs/speed_test/sglang/asd-pure-nonsd_b128_speed_tp2/run2_asd-pure-nonsd_40.json
2	asd-pure-nonsd	41	41	1785143393709385466	1785143408910967495	15.201582	0	200	/home/user/vllm/logs/speed_test/sglang/asd-pure-nonsd_b128_speed_tp2/run2_asd-pure-nonsd_41.json
2	asd-pure-nonsd	42	42	1785143393710092665	1785143407641103082	13.931010	0	200	/home/user/vllm/logs/speed_test/sglang/asd-pure-nonsd_b128_speed_tp2/run2_asd-pure-nonsd_42.json
2	asd-pure-nonsd	43	43	1785143393710859082	1785143406014764565	12.303905	0	200	/home/user/vllm/logs/speed_test/sglang/asd-pure-nonsd_b128_speed_tp2/run2_asd-pure-nonsd_43.json
2	asd-pure-nonsd	44	44	1785143393711515623	1785143407563990739	13.852475	0	200	/home/user/vllm/logs/speed_test/sglang/asd-pure-nonsd_b128_speed_tp2/run2_asd-pure-nonsd_44.json
2	asd-pure-nonsd	45	45	1785143393712239035	1785143409442432457	15.730193	0	200	/home/user/vllm/logs/speed_test/sglang/asd-pure-nonsd_b128_speed_tp2/run2_asd-pure-nonsd_45.json
2	asd-pure-nonsd	46	46	1785143393713008330	1785143403789227345	10.076219	0	200	/home/user/vllm/logs/speed_test/sglang/asd-pure-nonsd_b128_speed_tp2/run2_asd-pure-nonsd_46.json
2	asd-pure-nonsd	47	47	1785143393713769362	1785143404979579270	11.265810	0	200	/home/user/vllm/logs/speed_test/sglang/asd-pure-nonsd_b128_speed_tp2/run2_asd-pure-nonsd_47.json
2	asd-pure-nonsd	48	48	1785143393714465137	1785143407438677378	13.724212	0	200	/home/user/vllm/logs/speed_test/sglang/asd-pure-nonsd_b128_speed_tp2/run2_asd-pure-nonsd_48.json
2	asd-pure-nonsd	49	49	1785143393715142698	1785143406470666785	12.755524	0	200	/home/user/vllm/logs/speed_test/sglang/asd-pure-nonsd_b128_speed_tp2/run2_asd-pure-nonsd_49.json
2	asd-pure-nonsd	50	50	1785143393715817794	1785143411299572888	17.583755	0	200	/home/user/vllm/logs/speed_test/sglang/asd-pure-nonsd_b128_speed_tp2/run2_asd-pure-nonsd_50.json
2	asd-pure-nonsd	51	51	1785143393716469888	1785143414936712013	21.220242	0	200	/home/user/vllm/logs/speed_test/sglang/asd-pure-nonsd_b128_speed_tp2/run2_asd-pure-nonsd_51.json
2	asd-pure-nonsd	52	52	1785143393717131068	1785143400481453328	6.764322	0	200	/home/user/vllm/logs/speed_test/sglang/asd-pure-nonsd_b128_speed_tp2/run2_asd-pure-nonsd_52.json
2	asd-pure-nonsd	53	53	1785143393717709718	1785143404278097869	10.560388	0	200	/home/user/vllm/logs/speed_test/sglang/asd-pure-nonsd_b128_speed_tp2/run2_asd-pure-nonsd_53.json
2	asd-pure-nonsd	54	54	1785143393718373564	1785143415270335559	21.551962	0	200	/home/user/vllm/logs/speed_test/sglang/asd-pure-nonsd_b128_speed_tp2/run2_asd-pure-nonsd_54.json
2	asd-pure-nonsd	55	55	1785143393718966770	1785143415269070365	21.550104	0	200	/home/user/vllm/logs/speed_test/sglang/asd-pure-nonsd_b128_speed_tp2/run2_asd-pure-nonsd_55.json
2	asd-pure-nonsd	56	56	1785143393719657849	1785143415204531507	21.484874	0	200	/home/user/vllm/logs/speed_test/sglang/asd-pure-nonsd_b128_speed_tp2/run2_asd-pure-nonsd_56.json
2	asd-pure-nonsd	57	57	1785143393720345873	1785143405189065167	11.468719	0	200	/home/user/vllm/logs/speed_test/sglang/asd-pure-nonsd_b128_speed_tp2/run2_asd-pure-nonsd_57.json
2	asd-pure-nonsd	58	58	1785143393720938892	1785143407970500788	14.249562	0	200	/home/user/vllm/logs/speed_test/sglang/asd-pure-nonsd_b128_speed_tp2/run2_asd-pure-nonsd_58.json
2	asd-pure-nonsd	59	59	1785143393721613219	1785143403583527130	9.861914	0	200	/home/user/vllm/logs/speed_test/sglang/asd-pure-nonsd_b128_speed_tp2/run2_asd-pure-nonsd_59.json
2	asd-pure-nonsd	60	60	1785143393722456009	1785143407163019970	13.440564	0	200	/home/user/vllm/logs/speed_test/sglang/asd-pure-nonsd_b128_speed_tp2/run2_asd-pure-nonsd_60.json
2	asd-pure-nonsd	61	61	1785143393722913356	1785143402686399085	8.963486	0	200	/home/user/vllm/logs/speed_test/sglang/asd-pure-nonsd_b128_speed_tp2/run2_asd-pure-nonsd_61.json
2	asd-pure-nonsd	62	62	1785143393723582823	1785143411610841831	17.887259	0	200	/home/user/vllm/logs/speed_test/sglang/asd-pure-nonsd_b128_speed_tp2/run2_asd-pure-nonsd_62.json
2	asd-pure-nonsd	63	63	1785143393724202236	1785143408556656933	14.832455	0	200	/home/user/vllm/logs/speed_test/sglang/asd-pure-nonsd_b128_speed_tp2/run2_asd-pure-nonsd_63.json
2	asd-pure-nonsd	64	64	1785143393724800826	1785143415268750720	21.543950	0	200	/home/user/vllm/logs/speed_test/sglang/asd-pure-nonsd_b128_speed_tp2/run2_asd-pure-nonsd_64.json
2	asd-pure-nonsd	65	65	1785143393725363115	1785143410803820790	17.078458	0	200	/home/user/vllm/logs/speed_test/sglang/asd-pure-nonsd_b128_speed_tp2/run2_asd-pure-nonsd_65.json
2	asd-pure-nonsd	66	66	1785143393725947118	1785143412249271969	18.523325	0	200	/home/user/vllm/logs/speed_test/sglang/asd-pure-nonsd_b128_speed_tp2/run2_asd-pure-nonsd_66.json
2	asd-pure-nonsd	67	67	1785143393726533887	1785143408152080652	14.425547	0	200	/home/user/vllm/logs/speed_test/sglang/asd-pure-nonsd_b128_speed_tp2/run2_asd-pure-nonsd_67.json
2	asd-pure-nonsd	68	68	1785143393727099555	1785143403665008044	9.937908	0	200	/home/user/vllm/logs/speed_test/sglang/asd-pure-nonsd_b128_speed_tp2/run2_asd-pure-nonsd_68.json
2	asd-pure-nonsd	69	69	1785143393727692383	1785143406305899893	12.578208	0	200	/home/user/vllm/logs/speed_test/sglang/asd-pure-nonsd_b128_speed_tp2/run2_asd-pure-nonsd_69.json
2	asd-pure-nonsd	70	70	1785143393728276532	1785143415270781086	21.542505	0	200	/home/user/vllm/logs/speed_test/sglang/asd-pure-nonsd_b128_speed_tp2/run2_asd-pure-nonsd_70.json
2	asd-pure-nonsd	71	71	1785143393728807111	1785143411492621004	17.763814	0	200	/home/user/vllm/logs/speed_test/sglang/asd-pure-nonsd_b128_speed_tp2/run2_asd-pure-nonsd_71.json
2	asd-pure-nonsd	72	72	1785143393729375114	1785143409234941373	15.505566	0	200	/home/user/vllm/logs/speed_test/sglang/asd-pure-nonsd_b128_speed_tp2/run2_asd-pure-nonsd_72.json
2	asd-pure-nonsd	73	73	1785143393729880326	1785143404775541118	11.045661	0	200	/home/user/vllm/logs/speed_test/sglang/asd-pure-nonsd_b128_speed_tp2/run2_asd-pure-nonsd_73.json
2	asd-pure-nonsd	74	74	1785143393730452563	1785143405559988491	11.829536	0	200	/home/user/vllm/logs/speed_test/sglang/asd-pure-nonsd_b128_speed_tp2/run2_asd-pure-nonsd_74.json
2	asd-pure-nonsd	75	75	1785143393730948183	1785143405439245014	11.708297	0	200	/home/user/vllm/logs/speed_test/sglang/asd-pure-nonsd_b128_speed_tp2/run2_asd-pure-nonsd_75.json
2	asd-pure-nonsd	76	76	1785143393731513080	1785143413139201631	19.407689	0	200	/home/user/vllm/logs/speed_test/sglang/asd-pure-nonsd_b128_speed_tp2/run2_asd-pure-nonsd_76.json
2	asd-pure-nonsd	77	77	1785143393732042256	1785143415269506926	21.537465	0	200	/home/user/vllm/logs/speed_test/sglang/asd-pure-nonsd_b128_speed_tp2/run2_asd-pure-nonsd_77.json
2	asd-pure-nonsd	78	78	1785143393732554832	1785143407484688582	13.752134	0	200	/home/user/vllm/logs/speed_test/sglang/asd-pure-nonsd_b128_speed_tp2/run2_asd-pure-nonsd_78.json
2	asd-pure-nonsd	79	79	1785143393733095186	1785143410765952984	17.032858	0	200	/home/user/vllm/logs/speed_test/sglang/asd-pure-nonsd_b128_speed_tp2/run2_asd-pure-nonsd_79.json
2	asd-pure-nonsd	80	80	1785143393733619727	1785143415267336457	21.533717	0	200	/home/user/vllm/logs/speed_test/sglang/asd-pure-nonsd_b128_speed_tp2/run2_asd-pure-nonsd_80.json
2	asd-pure-nonsd	81	81	1785143393734134744	1785143413595107211	19.860972	0	200	/home/user/vllm/logs/speed_test/sglang/asd-pure-nonsd_b128_speed_tp2/run2_asd-pure-nonsd_81.json
2	asd-pure-nonsd	82	82	1785143393734559651	1785143407843312315	14.108753	0	200	/home/user/vllm/logs/speed_test/sglang/asd-pure-nonsd_b128_speed_tp2/run2_asd-pure-nonsd_82.json
2	asd-pure-nonsd	83	83	1785143393735090325	1785143408244526952	14.509437	0	200	/home/user/vllm/logs/speed_test/sglang/asd-pure-nonsd_b128_speed_tp2/run2_asd-pure-nonsd_83.json
2	asd-pure-nonsd	84	84	1785143393735632929	1785143412552019690	18.816387	0	200	/home/user/vllm/logs/speed_test/sglang/asd-pure-nonsd_b128_speed_tp2/run2_asd-pure-nonsd_84.json
2	asd-pure-nonsd	85	85	1785143393736029916	1785143410843759711	17.107730	0	200	/home/user/vllm/logs/speed_test/sglang/asd-pure-nonsd_b128_speed_tp2/run2_asd-pure-nonsd_85.json
2	asd-pure-nonsd	86	86	1785143393736582497	1785143407195255923	13.458673	0	200	/home/user/vllm/logs/speed_test/sglang/asd-pure-nonsd_b128_speed_tp2/run2_asd-pure-nonsd_86.json
2	asd-pure-nonsd	87	87	1785143393737898522	1785143411224896313	17.486998	0	200	/home/user/vllm/logs/speed_test/sglang/asd-pure-nonsd_b128_speed_tp2/run2_asd-pure-nonsd_87.json
2	asd-pure-nonsd	88	88	1785143393737671574	1785143415268731536	21.531060	0	200	/home/user/vllm/logs/speed_test/sglang/asd-pure-nonsd_b128_speed_tp2/run2_asd-pure-nonsd_88.json
2	asd-pure-nonsd	89	89	1785143393738144104	1785143415269645944	21.531502	0	200	/home/user/vllm/logs/speed_test/sglang/asd-pure-nonsd_b128_speed_tp2/run2_asd-pure-nonsd_89.json
2	asd-pure-nonsd	90	90	1785143393738624337	1785143415085194804	21.346570	0	200	/home/user/vllm/logs/speed_test/sglang/asd-pure-nonsd_b128_speed_tp2/run2_asd-pure-nonsd_90.json
2	asd-pure-nonsd	91	91	1785143393739193802	1785143407483614727	13.744421	0	200	/home/user/vllm/logs/speed_test/sglang/asd-pure-nonsd_b128_speed_tp2/run2_asd-pure-nonsd_91.json
2	asd-pure-nonsd	92	92	1785143393739566521	1785143404321521133	10.581955	0	200	/home/user/vllm/logs/speed_test/sglang/asd-pure-nonsd_b128_speed_tp2/run2_asd-pure-nonsd_92.json
2	asd-pure-nonsd	93	93	1785143393739997931	1785143410766167035	17.026169	0	200	/home/user/vllm/logs/speed_test/sglang/asd-pure-nonsd_b128_speed_tp2/run2_asd-pure-nonsd_93.json
2	asd-pure-nonsd	94	94	1785143393740404113	1785143405038179528	11.297775	0	200	/home/user/vllm/logs/speed_test/sglang/asd-pure-nonsd_b128_speed_tp2/run2_asd-pure-nonsd_94.json
2	asd-pure-nonsd	95	95	1785143393740849973	1785143403202435204	9.461585	0	200	/home/user/vllm/logs/speed_test/sglang/asd-pure-nonsd_b128_speed_tp2/run2_asd-pure-nonsd_95.json
2	asd-pure-nonsd	96	96	1785143393741336427	1785143404321541068	10.580205	0	200	/home/user/vllm/logs/speed_test/sglang/asd-pure-nonsd_b128_speed_tp2/run2_asd-pure-nonsd_96.json
2	asd-pure-nonsd	97	97	1785143393743526050	1785143410410846685	16.667321	0	200	/home/user/vllm/logs/speed_test/sglang/asd-pure-nonsd_b128_speed_tp2/run2_asd-pure-nonsd_97.json
2	asd-pure-nonsd	98	98	1785143393743000909	1785143407563906842	13.820906	0	200	/home/user/vllm/logs/speed_test/sglang/asd-pure-nonsd_b128_speed_tp2/run2_asd-pure-nonsd_98.json
2	asd-pure-nonsd	99	99	1785143393742784350	1785143404979840845	11.237056	0	200	/home/user/vllm/logs/speed_test/sglang/asd-pure-nonsd_b128_speed_tp2/run2_asd-pure-nonsd_99.json
2	asd-pure-nonsd	100	100	1785143393743225225	1785143402472424660	8.729199	0	200	/home/user/vllm/logs/speed_test/sglang/asd-pure-nonsd_b128_speed_tp2/run2_asd-pure-nonsd_100.json
2	asd-pure-nonsd	101	101	1785143393743623293	1785143415271632956	21.528010	0	200	/home/user/vllm/logs/speed_test/sglang/asd-pure-nonsd_b128_speed_tp2/run2_asd-pure-nonsd_101.json
2	asd-pure-nonsd	102	102	1785143393744054908	1785143415269355798	21.525301	0	200	/home/user/vllm/logs/speed_test/sglang/asd-pure-nonsd_b128_speed_tp2/run2_asd-pure-nonsd_102.json
2	asd-pure-nonsd	103	103	1785143393744520732	1785143403500744049	9.756223	0	200	/home/user/vllm/logs/speed_test/sglang/asd-pure-nonsd_b128_speed_tp2/run2_asd-pure-nonsd_103.json
2	asd-pure-nonsd	104	104	1785143393744947836	1785143413933337439	20.188390	0	200	/home/user/vllm/logs/speed_test/sglang/asd-pure-nonsd_b128_speed_tp2/run2_asd-pure-nonsd_104.json
2	asd-pure-nonsd	105	105	1785143393745368079	1785143411224998295	17.479630	0	200	/home/user/vllm/logs/speed_test/sglang/asd-pure-nonsd_b128_speed_tp2/run2_asd-pure-nonsd_105.json
2	asd-pure-nonsd	106	106	1785143393745771418	1785143403294758675	9.548987	0	200	/home/user/vllm/logs/speed_test/sglang/asd-pure-nonsd_b128_speed_tp2/run2_asd-pure-nonsd_106.json
2	asd-pure-nonsd	107	107	1785143393746236645	1785143414082465399	20.336229	0	200	/home/user/vllm/logs/speed_test/sglang/asd-pure-nonsd_b128_speed_tp2/run2_asd-pure-nonsd_107.json
2	asd-pure-nonsd	108	108	1785143393746591316	1785143415268320919	21.521730	0	200	/home/user/vllm/logs/speed_test/sglang/asd-pure-nonsd_b128_speed_tp2/run2_asd-pure-nonsd_108.json
2	asd-pure-nonsd	109	109	1785143393747087036	1785143406135160540	12.388074	0	200	/home/user/vllm/logs/speed_test/sglang/asd-pure-nonsd_b128_speed_tp2/run2_asd-pure-nonsd_109.json
2	asd-pure-nonsd	110	110	1785143393747473124	1785143414234664577	20.487191	0	200	/home/user/vllm/logs/speed_test/sglang/asd-pure-nonsd_b128_speed_tp2/run2_asd-pure-nonsd_110.json
2	asd-pure-nonsd	111	111	1785143393748203699	1785143415268976657	21.520773	0	200	/home/user/vllm/logs/speed_test/sglang/asd-pure-nonsd_b128_speed_tp2/run2_asd-pure-nonsd_111.json
2	asd-pure-nonsd	112	112	1785143393748381980	1785143402167620073	8.419238	0	200	/home/user/vllm/logs/speed_test/sglang/asd-pure-nonsd_b128_speed_tp2/run2_asd-pure-nonsd_112.json
2	asd-pure-nonsd	113	113	1785143393748725342	1785143405681254177	11.932529	0	200	/home/user/vllm/logs/speed_test/sglang/asd-pure-nonsd_b128_speed_tp2/run2_asd-pure-nonsd_113.json
2	asd-pure-nonsd	114	114	1785143393749084918	1785143415269193168	21.520108	0	200	/home/user/vllm/logs/speed_test/sglang/asd-pure-nonsd_b128_speed_tp2/run2_asd-pure-nonsd_114.json
2	asd-pure-nonsd	115	115	1785143393749612756	1785143413484537705	19.734925	0	200	/home/user/vllm/logs/speed_test/sglang/asd-pure-nonsd_b128_speed_tp2/run2_asd-pure-nonsd_115.json
2	asd-pure-nonsd	116	116	1785143393750037044	1785143415270404541	21.520367	0	200	/home/user/vllm/logs/speed_test/sglang/asd-pure-nonsd_b128_speed_tp2/run2_asd-pure-nonsd_116.json
2	asd-pure-nonsd	117	117	1785143393751143001	1785143409674410067	15.923267	0	200	/home/user/vllm/logs/speed_test/sglang/asd-pure-nonsd_b128_speed_tp2/run2_asd-pure-nonsd_117.json
2	asd-pure-nonsd	118	118	1785143393750859906	1785143411226753065	17.475893	0	200	/home/user/vllm/logs/speed_test/sglang/asd-pure-nonsd_b128_speed_tp2/run2_asd-pure-nonsd_118.json
2	asd-pure-nonsd	119	119	1785143393751340672	1785143407602395710	13.851055	0	200	/home/user/vllm/logs/speed_test/sglang/asd-pure-nonsd_b128_speed_tp2/run2_asd-pure-nonsd_119.json
2	asd-pure-nonsd	120	120	1785143393751778094	1785143409524612919	15.772835	0	200	/home/user/vllm/logs/speed_test/sglang/asd-pure-nonsd_b128_speed_tp2/run2_asd-pure-nonsd_120.json
2	asd-pure-nonsd	121	121	1785143393752135486	1785143415268973537	21.516838	0	200	/home/user/vllm/logs/speed_test/sglang/asd-pure-nonsd_b128_speed_tp2/run2_asd-pure-nonsd_121.json
2	asd-pure-nonsd	122	122	1785143393752600982	1785143404816403915	11.063803	0	200	/home/user/vllm/logs/speed_test/sglang/asd-pure-nonsd_b128_speed_tp2/run2_asd-pure-nonsd_122.json
2	asd-pure-nonsd	123	123	1785143393752965734	1785143406821413955	13.068448	0	200	/home/user/vllm/logs/speed_test/sglang/asd-pure-nonsd_b128_speed_tp2/run2_asd-pure-nonsd_123.json
2	asd-pure-nonsd	124	124	1785143393754133913	1785143412856681895	19.102548	0	200	/home/user/vllm/logs/speed_test/sglang/asd-pure-nonsd_b128_speed_tp2/run2_asd-pure-nonsd_124.json
2	asd-pure-nonsd	125	125	1785143393753923762	1785143402862332363	9.108409	0	200	/home/user/vllm/logs/speed_test/sglang/asd-pure-nonsd_b128_speed_tp2/run2_asd-pure-nonsd_125.json
2	asd-pure-nonsd	126	126	1785143393754504710	1785143415269331238	21.514827	0	200	/home/user/vllm/logs/speed_test/sglang/asd-pure-nonsd_b128_speed_tp2/run2_asd-pure-nonsd_126.json
2	asd-pure-nonsd	127	127	1785143393754693822	1785143415230292469	21.475599	0	200	/home/user/vllm/logs/speed_test/sglang/asd-pure-nonsd_b128_speed_tp2/run2_asd-pure-nonsd_127.json
3	asd-pure-nonsd	0	0	1785143472621481966	1785143486533822074	13.912340	0	200	/home/user/vllm/logs/speed_test/sglang/asd-pure-nonsd_b128_speed_tp2/run3_asd-pure-nonsd_0.json
3	asd-pure-nonsd	1	1	1785143472622051769	1785143490390077137	17.768025	0	200	/home/user/vllm/logs/speed_test/sglang/asd-pure-nonsd_b128_speed_tp2/run3_asd-pure-nonsd_1.json
3	asd-pure-nonsd	2	2	1785143472622809740	1785143488133596000	15.510786	0	200	/home/user/vllm/logs/speed_test/sglang/asd-pure-nonsd_b128_speed_tp2/run3_asd-pure-nonsd_2.json
3	asd-pure-nonsd	3	3	1785143472623630081	1785143485191184026	12.567554	0	200	/home/user/vllm/logs/speed_test/sglang/asd-pure-nonsd_b128_speed_tp2/run3_asd-pure-nonsd_3.json
3	asd-pure-nonsd	4	4	1785143472624362515	1785143478618737881	5.994375	0	200	/home/user/vllm/logs/speed_test/sglang/asd-pure-nonsd_b128_speed_tp2/run3_asd-pure-nonsd_4.json
3	asd-pure-nonsd	5	5	1785143472625124555	1785143486942064601	14.316940	0	200	/home/user/vllm/logs/speed_test/sglang/asd-pure-nonsd_b128_speed_tp2/run3_asd-pure-nonsd_5.json
3	asd-pure-nonsd	6	6	1785143472627052824	1785143484593388923	11.966336	0	200	/home/user/vllm/logs/speed_test/sglang/asd-pure-nonsd_b128_speed_tp2/run3_asd-pure-nonsd_6.json
3	asd-pure-nonsd	7	7	1785143472626723833	1785143494112972008	21.486248	0	200	/home/user/vllm/logs/speed_test/sglang/asd-pure-nonsd_b128_speed_tp2/run3_asd-pure-nonsd_7.json
3	asd-pure-nonsd	8	8	1785143472627342052	1785143485301270531	12.673928	0	200	/home/user/vllm/logs/speed_test/sglang/asd-pure-nonsd_b128_speed_tp2/run3_asd-pure-nonsd_8.json
3	asd-pure-nonsd	9	9	1785143472628177395	1785143488213388547	15.585211	0	200	/home/user/vllm/logs/speed_test/sglang/asd-pure-nonsd_b128_speed_tp2/run3_asd-pure-nonsd_9.json
3	asd-pure-nonsd	10	10	1785143472628885539	1785143484593186711	11.964301	0	200	/home/user/vllm/logs/speed_test/sglang/asd-pure-nonsd_b128_speed_tp2/run3_asd-pure-nonsd_10.json
3	asd-pure-nonsd	11	11	1785143472629724421	1785143489443571074	16.813847	0	200	/home/user/vllm/logs/speed_test/sglang/asd-pure-nonsd_b128_speed_tp2/run3_asd-pure-nonsd_11.json
3	asd-pure-nonsd	12	12	1785143472630508402	1785143488843814387	16.213306	0	200	/home/user/vllm/logs/speed_test/sglang/asd-pure-nonsd_b128_speed_tp2/run3_asd-pure-nonsd_12.json
3	asd-pure-nonsd	13	13	1785143472631136853	1785143483649929354	11.018793	0	200	/home/user/vllm/logs/speed_test/sglang/asd-pure-nonsd_b128_speed_tp2/run3_asd-pure-nonsd_13.json
3	asd-pure-nonsd	14	14	1785143472631884040	1785143488629600789	15.997717	0	200	/home/user/vllm/logs/speed_test/sglang/asd-pure-nonsd_b128_speed_tp2/run3_asd-pure-nonsd_14.json
3	asd-pure-nonsd	15	15	1785143472632867974	1785143484472682145	11.839814	0	200	/home/user/vllm/logs/speed_test/sglang/asd-pure-nonsd_b128_speed_tp2/run3_asd-pure-nonsd_15.json
3	asd-pure-nonsd	16	16	1785143472633450550	1785143487026057075	14.392607	0	200	/home/user/vllm/logs/speed_test/sglang/asd-pure-nonsd_b128_speed_tp2/run3_asd-pure-nonsd_16.json
3	asd-pure-nonsd	17	17	1785143472634275994	1785143483282679876	10.648404	0	200	/home/user/vllm/logs/speed_test/sglang/asd-pure-nonsd_b128_speed_tp2/run3_asd-pure-nonsd_17.json
3	asd-pure-nonsd	18	18	1785143472634936137	1785143494327262158	21.692326	0	200	/home/user/vllm/logs/speed_test/sglang/asd-pure-nonsd_b128_speed_tp2/run3_asd-pure-nonsd_18.json
3	asd-pure-nonsd	19	19	1785143472635685024	1785143487222246926	14.586562	0	200	/home/user/vllm/logs/speed_test/sglang/asd-pure-nonsd_b128_speed_tp2/run3_asd-pure-nonsd_19.json
3	asd-pure-nonsd	20	20	1785143472636448271	1785143488714987511	16.078539	0	200	/home/user/vllm/logs/speed_test/sglang/asd-pure-nonsd_b128_speed_tp2/run3_asd-pure-nonsd_20.json
3	asd-pure-nonsd	21	21	1785143472637184180	1785143486368206463	13.731022	0	200	/home/user/vllm/logs/speed_test/sglang/asd-pure-nonsd_b128_speed_tp2/run3_asd-pure-nonsd_21.json
3	asd-pure-nonsd	22	22	1785143472637941100	1785143494327443332	21.689502	0	200	/home/user/vllm/logs/speed_test/sglang/asd-pure-nonsd_b128_speed_tp2/run3_asd-pure-nonsd_22.json
3	asd-pure-nonsd	23	23	1785143472638635928	1785143488670513750	16.031878	0	200	/home/user/vllm/logs/speed_test/sglang/asd-pure-nonsd_b128_speed_tp2/run3_asd-pure-nonsd_23.json
3	asd-pure-nonsd	24	24	1785143472639393996	1785143487627399775	14.988006	0	200	/home/user/vllm/logs/speed_test/sglang/asd-pure-nonsd_b128_speed_tp2/run3_asd-pure-nonsd_24.json
3	asd-pure-nonsd	25	25	1785143472640151398	1785143490588527286	17.948376	0	200	/home/user/vllm/logs/speed_test/sglang/asd-pure-nonsd_b128_speed_tp2/run3_asd-pure-nonsd_25.json
3	asd-pure-nonsd	26	26	1785143472640906857	1785143494329667741	21.688761	0	200	/home/user/vllm/logs/speed_test/sglang/asd-pure-nonsd_b128_speed_tp2/run3_asd-pure-nonsd_26.json
3	asd-pure-nonsd	27	27	1785143472641623695	1785143482683800153	10.042176	0	200	/home/user/vllm/logs/speed_test/sglang/asd-pure-nonsd_b128_speed_tp2/run3_asd-pure-nonsd_27.json
3	asd-pure-nonsd	28	28	1785143472642303899	1785143482643323370	10.001019	0	200	/home/user/vllm/logs/speed_test/sglang/asd-pure-nonsd_b128_speed_tp2/run3_asd-pure-nonsd_28.json
3	asd-pure-nonsd	29	29	1785143472643051148	1785143486326127276	13.683076	0	200	/home/user/vllm/logs/speed_test/sglang/asd-pure-nonsd_b128_speed_tp2/run3_asd-pure-nonsd_29.json
3	asd-pure-nonsd	30	30	1785143472643858376	1785143494327392663	21.683534	0	200	/home/user/vllm/logs/speed_test/sglang/asd-pure-nonsd_b128_speed_tp2/run3_asd-pure-nonsd_30.json
3	asd-pure-nonsd	31	31	1785143472644585447	1785143490040711302	17.396126	0	200	/home/user/vllm/logs/speed_test/sglang/asd-pure-nonsd_b128_speed_tp2/run3_asd-pure-nonsd_31.json
3	asd-pure-nonsd	32	32	1785143472645316206	1785143486444200914	13.798885	0	200	/home/user/vllm/logs/speed_test/sglang/asd-pure-nonsd_b128_speed_tp2/run3_asd-pure-nonsd_32.json
3	asd-pure-nonsd	33	33	1785143472646078763	1785143484230646327	11.584568	0	200	/home/user/vllm/logs/speed_test/sglang/asd-pure-nonsd_b128_speed_tp2/run3_asd-pure-nonsd_33.json
3	asd-pure-nonsd	34	34	1785143472646734738	1785143485541349624	12.894615	0	200	/home/user/vllm/logs/speed_test/sglang/asd-pure-nonsd_b128_speed_tp2/run3_asd-pure-nonsd_34.json
3	asd-pure-nonsd	35	35	1785143472647528084	1785143484950054372	12.302526	0	200	/home/user/vllm/logs/speed_test/sglang/asd-pure-nonsd_b128_speed_tp2/run3_asd-pure-nonsd_35.json
3	asd-pure-nonsd	36	36	1785143472648316114	1785143481626795842	8.978480	0	200	/home/user/vllm/logs/speed_test/sglang/asd-pure-nonsd_b128_speed_tp2/run3_asd-pure-nonsd_36.json
3	asd-pure-nonsd	37	37	1785143472648995625	1785143485145622691	12.496627	0	200	/home/user/vllm/logs/speed_test/sglang/asd-pure-nonsd_b128_speed_tp2/run3_asd-pure-nonsd_37.json
3	asd-pure-nonsd	38	38	1785143472649756184	1785143486897348241	14.247592	0	200	/home/user/vllm/logs/speed_test/sglang/asd-pure-nonsd_b128_speed_tp2/run3_asd-pure-nonsd_38.json
3	asd-pure-nonsd	39	39	1785143472650494675	1785143488807426094	16.156931	0	200	/home/user/vllm/logs/speed_test/sglang/asd-pure-nonsd_b128_speed_tp2/run3_asd-pure-nonsd_39.json
3	asd-pure-nonsd	40	40	1785143472651209026	1785143480271454835	7.620246	0	200	/home/user/vllm/logs/speed_test/sglang/asd-pure-nonsd_b128_speed_tp2/run3_asd-pure-nonsd_40.json
3	asd-pure-nonsd	41	41	1785143472651980777	1785143487976164552	15.324184	0	200	/home/user/vllm/logs/speed_test/sglang/asd-pure-nonsd_b128_speed_tp2/run3_asd-pure-nonsd_41.json
3	asd-pure-nonsd	42	42	1785143472652660828	1785143486774034343	14.121374	0	200	/home/user/vllm/logs/speed_test/sglang/asd-pure-nonsd_b128_speed_tp2/run3_asd-pure-nonsd_42.json
3	asd-pure-nonsd	43	43	1785143472653253894	1785143485191105851	12.537852	0	200	/home/user/vllm/logs/speed_test/sglang/asd-pure-nonsd_b128_speed_tp2/run3_asd-pure-nonsd_43.json
3	asd-pure-nonsd	44	44	1785143472654001124	1785143486694438220	14.040437	0	200	/home/user/vllm/logs/speed_test/sglang/asd-pure-nonsd_b128_speed_tp2/run3_asd-pure-nonsd_44.json
3	asd-pure-nonsd	45	45	1785143472654586727	1785143488548516390	15.893930	0	200	/home/user/vllm/logs/speed_test/sglang/asd-pure-nonsd_b128_speed_tp2/run3_asd-pure-nonsd_45.json
3	asd-pure-nonsd	46	46	1785143472655296439	1785143482809003527	10.153707	0	200	/home/user/vllm/logs/speed_test/sglang/asd-pure-nonsd_b128_speed_tp2/run3_asd-pure-nonsd_46.json
3	asd-pure-nonsd	47	47	1785143472655985645	1785143484187961736	11.531976	0	200	/home/user/vllm/logs/speed_test/sglang/asd-pure-nonsd_b128_speed_tp2/run3_asd-pure-nonsd_47.json
3	asd-pure-nonsd	48	48	1785143472656650432	1785143486575543547	13.918893	0	200	/home/user/vllm/logs/speed_test/sglang/asd-pure-nonsd_b128_speed_tp2/run3_asd-pure-nonsd_48.json
3	asd-pure-nonsd	49	49	1785143472657458062	1785143485658661940	13.001204	0	200	/home/user/vllm/logs/speed_test/sglang/asd-pure-nonsd_b128_speed_tp2/run3_asd-pure-nonsd_49.json
3	asd-pure-nonsd	50	50	1785143472657947350	1785143490471052800	17.813105	0	200	/home/user/vllm/logs/speed_test/sglang/asd-pure-nonsd_b128_speed_tp2/run3_asd-pure-nonsd_50.json
3	asd-pure-nonsd	51	51	1785143472658640588	1785143493978754353	21.320114	0	200	/home/user/vllm/logs/speed_test/sglang/asd-pure-nonsd_b128_speed_tp2/run3_asd-pure-nonsd_51.json
3	asd-pure-nonsd	52	52	1785143472659311596	1785143479469235706	6.809924	0	200	/home/user/vllm/logs/speed_test/sglang/asd-pure-nonsd_b128_speed_tp2/run3_asd-pure-nonsd_52.json
3	asd-pure-nonsd	53	53	1785143472659941628	1785143483373586220	10.713645	0	200	/home/user/vllm/logs/speed_test/sglang/asd-pure-nonsd_b128_speed_tp2/run3_asd-pure-nonsd_53.json
3	asd-pure-nonsd	54	54	1785143472660569017	1785143494328999273	21.668430	0	200	/home/user/vllm/logs/speed_test/sglang/asd-pure-nonsd_b128_speed_tp2/run3_asd-pure-nonsd_54.json
3	asd-pure-nonsd	55	55	1785143472661172717	1785143494327710231	21.666538	0	200	/home/user/vllm/logs/speed_test/sglang/asd-pure-nonsd_b128_speed_tp2/run3_asd-pure-nonsd_55.json
3	asd-pure-nonsd	56	56	1785143472661811611	1785143494327638510	21.665827	0	200	/home/user/vllm/logs/speed_test/sglang/asd-pure-nonsd_b128_speed_tp2/run3_asd-pure-nonsd_56.json
3	asd-pure-nonsd	57	57	1785143472662372523	1785143484392843433	11.730471	0	200	/home/user/vllm/logs/speed_test/sglang/asd-pure-nonsd_b128_speed_tp2/run3_asd-pure-nonsd_57.json
3	asd-pure-nonsd	58	58	1785143472662957117	1785143487103677256	14.440720	0	200	/home/user/vllm/logs/speed_test/sglang/asd-pure-nonsd_b128_speed_tp2/run3_asd-pure-nonsd_58.json
3	asd-pure-nonsd	59	59	1785143472663547162	1785143482602243214	9.938696	0	200	/home/user/vllm/logs/speed_test/sglang/asd-pure-nonsd_b128_speed_tp2/run3_asd-pure-nonsd_59.json
3	asd-pure-nonsd	60	60	1785143472664194738	1785143486304222418	13.640028	0	200	/home/user/vllm/logs/speed_test/sglang/asd-pure-nonsd_b128_speed_tp2/run3_asd-pure-nonsd_60.json
3	asd-pure-nonsd	61	61	1785143472664737069	1785143481710432023	9.045695	0	200	/home/user/vllm/logs/speed_test/sglang/asd-pure-nonsd_b128_speed_tp2/run3_asd-pure-nonsd_61.json
3	asd-pure-nonsd	62	62	1785143472665252003	1785143490784026608	18.118775	0	200	/home/user/vllm/logs/speed_test/sglang/asd-pure-nonsd_b128_speed_tp2/run3_asd-pure-nonsd_62.json
3	asd-pure-nonsd	63	63	1785143472665881844	1785143487666628869	15.000747	0	200	/home/user/vllm/logs/speed_test/sglang/asd-pure-nonsd_b128_speed_tp2/run3_asd-pure-nonsd_63.json
3	asd-pure-nonsd	64	64	1785143472666439480	1785143494330806898	21.664367	0	200	/home/user/vllm/logs/speed_test/sglang/asd-pure-nonsd_b128_speed_tp2/run3_asd-pure-nonsd_64.json
3	asd-pure-nonsd	65	65	1785143472667075679	1785143489885273427	17.218198	0	200	/home/user/vllm/logs/speed_test/sglang/asd-pure-nonsd_b128_speed_tp2/run3_asd-pure-nonsd_65.json
3	asd-pure-nonsd	66	66	1785143472667613172	1785143491289944494	18.622331	0	200	/home/user/vllm/logs/speed_test/sglang/asd-pure-nonsd_b128_speed_tp2/run3_asd-pure-nonsd_66.json
3	asd-pure-nonsd	67	67	1785143472668163768	1785143487261439661	14.593276	0	200	/home/user/vllm/logs/speed_test/sglang/asd-pure-nonsd_b128_speed_tp2/run3_asd-pure-nonsd_67.json
3	asd-pure-nonsd	68	68	1785143472668621678	1785143482685139812	10.016518	0	200	/home/user/vllm/logs/speed_test/sglang/asd-pure-nonsd_b128_speed_tp2/run3_asd-pure-nonsd_68.json
3	asd-pure-nonsd	69	69	1785143472669185715	1785143485465524845	12.796339	0	200	/home/user/vllm/logs/speed_test/sglang/asd-pure-nonsd_b128_speed_tp2/run3_asd-pure-nonsd_69.json
3	asd-pure-nonsd	70	70	1785143472669750650	1785143494330606301	21.660856	0	200	/home/user/vllm/logs/speed_test/sglang/asd-pure-nonsd_b128_speed_tp2/run3_asd-pure-nonsd_70.json
3	asd-pure-nonsd	71	71	1785143472670283583	1785143490667276352	17.996993	0	200	/home/user/vllm/logs/speed_test/sglang/asd-pure-nonsd_b128_speed_tp2/run3_asd-pure-nonsd_71.json
3	asd-pure-nonsd	72	72	1785143472670782760	1785143489959327546	17.288545	0	200	/home/user/vllm/logs/speed_test/sglang/asd-pure-nonsd_b128_speed_tp2/run3_asd-pure-nonsd_72.json
3	asd-pure-nonsd	73	73	1785143472671387806	1785143484009471685	11.338084	0	200	/home/user/vllm/logs/speed_test/sglang/asd-pure-nonsd_b128_speed_tp2/run3_asd-pure-nonsd_73.json
3	asd-pure-nonsd	74	74	1785143472671828745	1785143484748854125	12.077025	0	200	/home/user/vllm/logs/speed_test/sglang/asd-pure-nonsd_b128_speed_tp2/run3_asd-pure-nonsd_74.json
3	asd-pure-nonsd	75	75	1785143472672328344	1785143484638931774	11.966603	0	200	/home/user/vllm/logs/speed_test/sglang/asd-pure-nonsd_b128_speed_tp2/run3_asd-pure-nonsd_75.json
3	asd-pure-nonsd	76	76	1785143472672801496	1785143492275722982	19.602921	0	200	/home/user/vllm/logs/speed_test/sglang/asd-pure-nonsd_b128_speed_tp2/run3_asd-pure-nonsd_76.json
3	asd-pure-nonsd	77	77	1785143472673295909	1785143494330546333	21.657250	0	200	/home/user/vllm/logs/speed_test/sglang/asd-pure-nonsd_b128_speed_tp2/run3_asd-pure-nonsd_77.json
3	asd-pure-nonsd	78	78	1785143472673794214	1785143487024565205	14.350771	0	200	/home/user/vllm/logs/speed_test/sglang/asd-pure-nonsd_b128_speed_tp2/run3_asd-pure-nonsd_78.json
3	asd-pure-nonsd	79	79	1785143472674242511	1785143489844639623	17.170397	0	200	/home/user/vllm/logs/speed_test/sglang/asd-pure-nonsd_b128_speed_tp2/run3_asd-pure-nonsd_79.json
3	asd-pure-nonsd	80	80	1785143472674711795	1785143494328374959	21.653663	0	200	/home/user/vllm/logs/speed_test/sglang/asd-pure-nonsd_b128_speed_tp2/run3_asd-pure-nonsd_80.json
3	asd-pure-nonsd	81	81	1785143472675257142	1785143492945423728	20.270167	0	200	/home/user/vllm/logs/speed_test/sglang/asd-pure-nonsd_b128_speed_tp2/run3_asd-pure-nonsd_81.json
3	asd-pure-nonsd	82	82	1785143472675714203	1785143486984645129	14.308931	0	200	/home/user/vllm/logs/speed_test/sglang/asd-pure-nonsd_b128_speed_tp2/run3_asd-pure-nonsd_82.json
3	asd-pure-nonsd	83	83	1785143472676238855	1785143487185097769	14.508859	0	200	/home/user/vllm/logs/speed_test/sglang/asd-pure-nonsd_b128_speed_tp2/run3_asd-pure-nonsd_83.json
3	asd-pure-nonsd	84	84	1785143472676690319	1785143491675834080	18.999144	0	200	/home/user/vllm/logs/speed_test/sglang/asd-pure-nonsd_b128_speed_tp2/run3_asd-pure-nonsd_84.json
3	asd-pure-nonsd	85	85	1785143472677097966	1785143489998818023	17.321720	0	200	/home/user/vllm/logs/speed_test/sglang/asd-pure-nonsd_b128_speed_tp2/run3_asd-pure-nonsd_85.json
3	asd-pure-nonsd	86	86	1785143472677654107	1785143486325209412	13.647555	0	200	/home/user/vllm/logs/speed_test/sglang/asd-pure-nonsd_b128_speed_tp2/run3_asd-pure-nonsd_86.json
3	asd-pure-nonsd	87	87	1785143472678093822	1785143490389927683	17.711834	0	200	/home/user/vllm/logs/speed_test/sglang/asd-pure-nonsd_b128_speed_tp2/run3_asd-pure-nonsd_87.json
3	asd-pure-nonsd	88	88	1785143472678557496	1785143494329422996	21.650865	0	200	/home/user/vllm/logs/speed_test/sglang/asd-pure-nonsd_b128_speed_tp2/run3_asd-pure-nonsd_88.json
3	asd-pure-nonsd	89	89	1785143472678989382	1785143494327432027	21.648443	0	200	/home/user/vllm/logs/speed_test/sglang/asd-pure-nonsd_b128_speed_tp2/run3_asd-pure-nonsd_89.json
3	asd-pure-nonsd	90	90	1785143472679412337	1785143494329901262	21.650489	0	200	/home/user/vllm/logs/speed_test/sglang/asd-pure-nonsd_b128_speed_tp2/run3_asd-pure-nonsd_90.json
3	asd-pure-nonsd	91	91	1785143472679898155	1785143486618932742	13.939035	0	200	/home/user/vllm/logs/speed_test/sglang/asd-pure-nonsd_b128_speed_tp2/run3_asd-pure-nonsd_91.json
3	asd-pure-nonsd	92	92	1785143472680355623	1785143483420062683	10.739707	0	200	/home/user/vllm/logs/speed_test/sglang/asd-pure-nonsd_b128_speed_tp2/run3_asd-pure-nonsd_92.json
3	asd-pure-nonsd	93	93	1785143472682368075	1785143488630554290	15.948186	0	200	/home/user/vllm/logs/speed_test/sglang/asd-pure-nonsd_b128_speed_tp2/run3_asd-pure-nonsd_93.json
3	asd-pure-nonsd	94	94	1785143472681158769	1785143484230248369	11.549090	0	200	/home/user/vllm/logs/speed_test/sglang/asd-pure-nonsd_b128_speed_tp2/run3_asd-pure-nonsd_94.json
3	asd-pure-nonsd	95	95	1785143472681675573	1785143482220872658	9.539197	0	200	/home/user/vllm/logs/speed_test/sglang/asd-pure-nonsd_b128_speed_tp2/run3_asd-pure-nonsd_95.json
3	asd-pure-nonsd	96	96	1785143472682105039	1785143483424281231	10.742176	0	200	/home/user/vllm/logs/speed_test/sglang/asd-pure-nonsd_b128_speed_tp2/run3_asd-pure-nonsd_96.json
3	asd-pure-nonsd	97	97	1785143472682527579	1785143489562786187	16.880259	0	200	/home/user/vllm/logs/speed_test/sglang/asd-pure-nonsd_b128_speed_tp2/run3_asd-pure-nonsd_97.json
3	asd-pure-nonsd	98	98	1785143472682993335	1785143486693879109	14.010886	0	200	/home/user/vllm/logs/speed_test/sglang/asd-pure-nonsd_b128_speed_tp2/run3_asd-pure-nonsd_98.json
3	asd-pure-nonsd	99	99	1785143472683436135	1785143484187616761	11.504181	0	200	/home/user/vllm/logs/speed_test/sglang/asd-pure-nonsd_b128_speed_tp2/run3_asd-pure-nonsd_99.json
3	asd-pure-nonsd	100	100	1785143472684095779	1785143481494263699	8.810168	0	200	/home/user/vllm/logs/speed_test/sglang/asd-pure-nonsd_b128_speed_tp2/run3_asd-pure-nonsd_100.json
3	asd-pure-nonsd	101	101	1785143472684410600	1785143494329344403	21.644934	0	200	/home/user/vllm/logs/speed_test/sglang/asd-pure-nonsd_b128_speed_tp2/run3_asd-pure-nonsd_101.json
3	asd-pure-nonsd	102	102	1785143472684809608	1785143494329507172	21.644698	0	200	/home/user/vllm/logs/speed_test/sglang/asd-pure-nonsd_b128_speed_tp2/run3_asd-pure-nonsd_102.json
3	asd-pure-nonsd	103	103	1785143472685288544	1785143482517695706	9.832407	0	200	/home/user/vllm/logs/speed_test/sglang/asd-pure-nonsd_b128_speed_tp2/run3_asd-pure-nonsd_103.json
3	asd-pure-nonsd	104	104	1785143472685697503	1785143492625268137	19.939571	0	200	/home/user/vllm/logs/speed_test/sglang/asd-pure-nonsd_b128_speed_tp2/run3_asd-pure-nonsd_104.json
3	asd-pure-nonsd	105	105	1785143472686160949	1785143490351894414	17.665733	0	200	/home/user/vllm/logs/speed_test/sglang/asd-pure-nonsd_b128_speed_tp2/run3_asd-pure-nonsd_105.json
3	asd-pure-nonsd	106	106	1785143472686587339	1785143482306447689	9.619860	0	200	/home/user/vllm/logs/speed_test/sglang/asd-pure-nonsd_b128_speed_tp2/run3_asd-pure-nonsd_106.json
3	asd-pure-nonsd	107	107	1785143472686971767	1785143493259336266	20.572364	0	200	/home/user/vllm/logs/speed_test/sglang/asd-pure-nonsd_b128_speed_tp2/run3_asd-pure-nonsd_107.json
3	asd-pure-nonsd	108	108	1785143472687371126	1785143494330778783	21.643408	0	200	/home/user/vllm/logs/speed_test/sglang/asd-pure-nonsd_b128_speed_tp2/run3_asd-pure-nonsd_108.json
3	asd-pure-nonsd	109	109	1785143472687850669	1785143487510327071	14.822476	0	200	/home/user/vllm/logs/speed_test/sglang/asd-pure-nonsd_b128_speed_tp2/run3_asd-pure-nonsd_109.json
3	asd-pure-nonsd	110	110	1785143472688195326	1785143493577703024	20.889508	0	200	/home/user/vllm/logs/speed_test/sglang/asd-pure-nonsd_b128_speed_tp2/run3_asd-pure-nonsd_110.json
3	asd-pure-nonsd	111	111	1785143472688614363	1785143493977559651	21.288945	0	200	/home/user/vllm/logs/speed_test/sglang/asd-pure-nonsd_b128_speed_tp2/run3_asd-pure-nonsd_111.json
3	asd-pure-nonsd	112	112	1785143472689032551	1785143481193807103	8.504775	0	200	/home/user/vllm/logs/speed_test/sglang/asd-pure-nonsd_b128_speed_tp2/run3_asd-pure-nonsd_112.json
3	asd-pure-nonsd	113	113	1785143472689393305	1785143484297833490	11.608440	0	200	/home/user/vllm/logs/speed_test/sglang/asd-pure-nonsd_b128_speed_tp2/run3_asd-pure-nonsd_113.json
3	asd-pure-nonsd	114	114	1785143472689828741	1785143494328841770	21.639013	0	200	/home/user/vllm/logs/speed_test/sglang/asd-pure-nonsd_b128_speed_tp2/run3_asd-pure-nonsd_114.json
3	asd-pure-nonsd	115	115	1785143472690230341	1785143492625634358	19.935404	0	200	/home/user/vllm/logs/speed_test/sglang/asd-pure-nonsd_b128_speed_tp2/run3_asd-pure-nonsd_115.json
3	asd-pure-nonsd	116	116	1785143472690661049	1785143494329641524	21.638980	0	200	/home/user/vllm/logs/speed_test/sglang/asd-pure-nonsd_b128_speed_tp2/run3_asd-pure-nonsd_116.json
3	asd-pure-nonsd	117	117	1785143472691045100	1785143488883084695	16.192040	0	200	/home/user/vllm/logs/speed_test/sglang/asd-pure-nonsd_b128_speed_tp2/run3_asd-pure-nonsd_117.json
3	asd-pure-nonsd	118	118	1785143472691464095	1785143492745787642	20.054324	0	200	/home/user/vllm/logs/speed_test/sglang/asd-pure-nonsd_b128_speed_tp2/run3_asd-pure-nonsd_118.json
3	asd-pure-nonsd	119	119	1785143472691849454	1785143484507665397	11.815816	0	200	/home/user/vllm/logs/speed_test/sglang/asd-pure-nonsd_b128_speed_tp2/run3_asd-pure-nonsd_119.json
3	asd-pure-nonsd	120	120	1785143472692245842	1785143488588500263	15.896254	0	200	/home/user/vllm/logs/speed_test/sglang/asd-pure-nonsd_b128_speed_tp2/run3_asd-pure-nonsd_120.json
3	asd-pure-nonsd	121	121	1785143472692562597	1785143493703454384	21.010892	0	200	/home/user/vllm/logs/speed_test/sglang/asd-pure-nonsd_b128_speed_tp2/run3_asd-pure-nonsd_121.json
3	asd-pure-nonsd	122	122	1785143472693697100	1785143484187484840	11.493788	0	200	/home/user/vllm/logs/speed_test/sglang/asd-pure-nonsd_b128_speed_tp2/run3_asd-pure-nonsd_122.json
3	asd-pure-nonsd	123	123	1785143472693390543	1785143485972238882	13.278848	0	200	/home/user/vllm/logs/speed_test/sglang/asd-pure-nonsd_b128_speed_tp2/run3_asd-pure-nonsd_123.json
3	asd-pure-nonsd	124	124	1785143472694268528	1785143491951559565	19.257291	0	200	/home/user/vllm/logs/speed_test/sglang/asd-pure-nonsd_b128_speed_tp2/run3_asd-pure-nonsd_124.json
3	asd-pure-nonsd	125	125	1785143472694235378	1785143481879555672	9.185320	0	200	/home/user/vllm/logs/speed_test/sglang/asd-pure-nonsd_b128_speed_tp2/run3_asd-pure-nonsd_125.json
3	asd-pure-nonsd	126	126	1785143472694561667	1785143494328494066	21.633932	0	200	/home/user/vllm/logs/speed_test/sglang/asd-pure-nonsd_b128_speed_tp2/run3_asd-pure-nonsd_126.json
3	asd-pure-nonsd	127	127	1785143472694889882	1785143493703619632	21.008730	0	200	/home/user/vllm/logs/speed_test/sglang/asd-pure-nonsd_b128_speed_tp2/run3_asd-pure-nonsd_127.json
4	asd-pure-nonsd	0	0	1785143551358922068	1785143565058278853	13.699357	0	200	/home/user/vllm/logs/speed_test/sglang/asd-pure-nonsd_b128_speed_tp2/run4_asd-pure-nonsd_0.json
4	asd-pure-nonsd	1	1	1785143551359206519	1785143568892613233	17.533407	0	200	/home/user/vllm/logs/speed_test/sglang/asd-pure-nonsd_b128_speed_tp2/run4_asd-pure-nonsd_1.json
4	asd-pure-nonsd	2	2	1785143551359454963	1785143566637979787	15.278525	0	200	/home/user/vllm/logs/speed_test/sglang/asd-pure-nonsd_b128_speed_tp2/run4_asd-pure-nonsd_2.json
4	asd-pure-nonsd	3	3	1785143551359745858	1785143563690532403	12.330787	0	200	/home/user/vllm/logs/speed_test/sglang/asd-pure-nonsd_b128_speed_tp2/run4_asd-pure-nonsd_3.json
4	asd-pure-nonsd	4	4	1785143551360041005	1785143557232098898	5.872058	0	200	/home/user/vllm/logs/speed_test/sglang/asd-pure-nonsd_b128_speed_tp2/run4_asd-pure-nonsd_4.json
4	asd-pure-nonsd	5	5	1785143551360329460	1785143565454197242	14.093868	0	200	/home/user/vllm/logs/speed_test/sglang/asd-pure-nonsd_b128_speed_tp2/run4_asd-pure-nonsd_5.json
4	asd-pure-nonsd	6	6	1785143551361195878	1785143563088733095	11.727537	0	200	/home/user/vllm/logs/speed_test/sglang/asd-pure-nonsd_b128_speed_tp2/run4_asd-pure-nonsd_6.json
4	asd-pure-nonsd	7	7	1785143551360974607	1785143572754028773	21.393054	0	200	/home/user/vllm/logs/speed_test/sglang/asd-pure-nonsd_b128_speed_tp2/run4_asd-pure-nonsd_7.json
4	asd-pure-nonsd	8	8	1785143551362611013	1785143563856457295	12.493846	0	200	/home/user/vllm/logs/speed_test/sglang/asd-pure-nonsd_b128_speed_tp2/run4_asd-pure-nonsd_8.json
4	asd-pure-nonsd	9	9	1785143551361487018	1785143566718046058	15.356559	0	200	/home/user/vllm/logs/speed_test/sglang/asd-pure-nonsd_b128_speed_tp2/run4_asd-pure-nonsd_9.json
4	asd-pure-nonsd	10	10	1785143551361928477	1785143563087494934	11.725566	0	200	/home/user/vllm/logs/speed_test/sglang/asd-pure-nonsd_b128_speed_tp2/run4_asd-pure-nonsd_10.json
4	asd-pure-nonsd	11	11	1785143551362306520	1785143567895479979	16.533173	0	200	/home/user/vllm/logs/speed_test/sglang/asd-pure-nonsd_b128_speed_tp2/run4_asd-pure-nonsd_11.json
4	asd-pure-nonsd	12	12	1785143551362628349	1785143567308176350	15.945548	0	200	/home/user/vllm/logs/speed_test/sglang/asd-pure-nonsd_b128_speed_tp2/run4_asd-pure-nonsd_12.json
4	asd-pure-nonsd	13	13	1785143551363008428	1785143562275453751	10.912445	0	200	/home/user/vllm/logs/speed_test/sglang/asd-pure-nonsd_b128_speed_tp2/run4_asd-pure-nonsd_13.json
4	asd-pure-nonsd	14	14	1785143551363286132	1785143567118948003	15.755662	0	200	/home/user/vllm/logs/speed_test/sglang/asd-pure-nonsd_b128_speed_tp2/run4_asd-pure-nonsd_14.json
4	asd-pure-nonsd	15	15	1785143551363376186	1785143562957520423	11.594144	0	200	/home/user/vllm/logs/speed_test/sglang/asd-pure-nonsd_b128_speed_tp2/run4_asd-pure-nonsd_15.json
4	asd-pure-nonsd	16	16	1785143551364312357	1785143565542032969	14.177721	0	200	/home/user/vllm/logs/speed_test/sglang/asd-pure-nonsd_b128_speed_tp2/run4_asd-pure-nonsd_16.json
4	asd-pure-nonsd	17	17	1785143551365014548	1785143561933862890	10.568848	0	200	/home/user/vllm/logs/speed_test/sglang/asd-pure-nonsd_b128_speed_tp2/run4_asd-pure-nonsd_17.json
4	asd-pure-nonsd	18	18	1785143551364435617	1785143572753190428	21.388755	0	200	/home/user/vllm/logs/speed_test/sglang/asd-pure-nonsd_b128_speed_tp2/run4_asd-pure-nonsd_18.json
4	asd-pure-nonsd	19	19	1785143551364776897	1785143565732073041	14.367296	0	200	/home/user/vllm/logs/speed_test/sglang/asd-pure-nonsd_b128_speed_tp2/run4_asd-pure-nonsd_19.json
4	asd-pure-nonsd	20	20	1785143551365049809	1785143567273491042	15.908441	0	200	/home/user/vllm/logs/speed_test/sglang/asd-pure-nonsd_b128_speed_tp2/run4_asd-pure-nonsd_20.json
4	asd-pure-nonsd	21	21	1785143551365384534	1785143564900625289	13.535241	0	200	/home/user/vllm/logs/speed_test/sglang/asd-pure-nonsd_b128_speed_tp2/run4_asd-pure-nonsd_21.json
4	asd-pure-nonsd	22	22	1785143551365776937	1785143572752974942	21.387198	0	200	/home/user/vllm/logs/speed_test/sglang/asd-pure-nonsd_b128_speed_tp2/run4_asd-pure-nonsd_22.json
4	asd-pure-nonsd	23	23	1785143551366123376	1785143567153141387	15.787018	0	200	/home/user/vllm/logs/speed_test/sglang/asd-pure-nonsd_b128_speed_tp2/run4_asd-pure-nonsd_23.json
4	asd-pure-nonsd	24	24	1785143551366857895	1785143566124490848	14.757633	0	200	/home/user/vllm/logs/speed_test/sglang/asd-pure-nonsd_b128_speed_tp2/run4_asd-pure-nonsd_24.json
4	asd-pure-nonsd	25	25	1785143551366808575	1785143569044241724	17.677433	0	200	/home/user/vllm/logs/speed_test/sglang/asd-pure-nonsd_b128_speed_tp2/run4_asd-pure-nonsd_25.json
4	asd-pure-nonsd	26	26	1785143551367006765	1785143572746935440	21.379929	0	200	/home/user/vllm/logs/speed_test/sglang/asd-pure-nonsd_b128_speed_tp2/run4_asd-pure-nonsd_26.json
4	asd-pure-nonsd	27	27	1785143551367426068	1785143561373555510	10.006129	0	200	/home/user/vllm/logs/speed_test/sglang/asd-pure-nonsd_b128_speed_tp2/run4_asd-pure-nonsd_27.json
4	asd-pure-nonsd	28	28	1785143551367773464	1785143561329492470	9.961719	0	200	/home/user/vllm/logs/speed_test/sglang/asd-pure-nonsd_b128_speed_tp2/run4_asd-pure-nonsd_28.json
4	asd-pure-nonsd	29	29	1785143551367970112	1785143565136544421	13.768574	0	200	/home/user/vllm/logs/speed_test/sglang/asd-pure-nonsd_b128_speed_tp2/run4_asd-pure-nonsd_29.json
4	asd-pure-nonsd	30	30	1785143551368332273	1785143569930883137	18.562551	0	200	/home/user/vllm/logs/speed_test/sglang/asd-pure-nonsd_b128_speed_tp2/run4_asd-pure-nonsd_30.json
4	asd-pure-nonsd	31	31	1785143551369330685	1785143568538960081	17.169629	0	200	/home/user/vllm/logs/speed_test/sglang/asd-pure-nonsd_b128_speed_tp2/run4_asd-pure-nonsd_31.json
4	asd-pure-nonsd	32	32	1785143551369053359	1785143564980735216	13.611682	0	200	/home/user/vllm/logs/speed_test/sglang/asd-pure-nonsd_b128_speed_tp2/run4_asd-pure-nonsd_32.json
4	asd-pure-nonsd	33	33	1785143551369483927	1785143562753381769	11.383898	0	200	/home/user/vllm/logs/speed_test/sglang/asd-pure-nonsd_b128_speed_tp2/run4_asd-pure-nonsd_33.json
4	asd-pure-nonsd	34	34	1785143551369739196	1785143564054495559	12.684756	0	200	/home/user/vllm/logs/speed_test/sglang/asd-pure-nonsd_b128_speed_tp2/run4_asd-pure-nonsd_34.json
4	asd-pure-nonsd	35	35	1785143551370054838	1785143563446806596	12.076752	0	200	/home/user/vllm/logs/speed_test/sglang/asd-pure-nonsd_b128_speed_tp2/run4_asd-pure-nonsd_35.json
4	asd-pure-nonsd	36	36	1785143551370362965	1785143560277309111	8.906946	0	200	/home/user/vllm/logs/speed_test/sglang/asd-pure-nonsd_b128_speed_tp2/run4_asd-pure-nonsd_36.json
4	asd-pure-nonsd	37	37	1785143551370853909	1785143563647502233	12.276648	0	200	/home/user/vllm/logs/speed_test/sglang/asd-pure-nonsd_b128_speed_tp2/run4_asd-pure-nonsd_37.json
4	asd-pure-nonsd	38	38	1785143551371013561	1785143565412749957	14.041736	0	200	/home/user/vllm/logs/speed_test/sglang/asd-pure-nonsd_b128_speed_tp2/run4_asd-pure-nonsd_38.json
4	asd-pure-nonsd	39	39	1785143551371316837	1785143567274111579	15.902795	0	200	/home/user/vllm/logs/speed_test/sglang/asd-pure-nonsd_b128_speed_tp2/run4_asd-pure-nonsd_39.json
4	asd-pure-nonsd	40	40	1785143551371663112	1785143558890513529	7.518850	0	200	/home/user/vllm/logs/speed_test/sglang/asd-pure-nonsd_b128_speed_tp2/run4_asd-pure-nonsd_40.json
4	asd-pure-nonsd	41	41	1785143551372064872	1785143566481287640	15.109223	0	200	/home/user/vllm/logs/speed_test/sglang/asd-pure-nonsd_b128_speed_tp2/run4_asd-pure-nonsd_41.json
4	asd-pure-nonsd	42	42	1785143551372278517	1785143565294164448	13.921886	0	200	/home/user/vllm/logs/speed_test/sglang/asd-pure-nonsd_b128_speed_tp2/run4_asd-pure-nonsd_42.json
4	asd-pure-nonsd	43	43	1785143551372574545	1785143563690621636	12.318047	0	200	/home/user/vllm/logs/speed_test/sglang/asd-pure-nonsd_b128_speed_tp2/run4_asd-pure-nonsd_43.json
4	asd-pure-nonsd	44	44	1785143551372894160	1785143565217478175	13.844584	0	200	/home/user/vllm/logs/speed_test/sglang/asd-pure-nonsd_b128_speed_tp2/run4_asd-pure-nonsd_44.json
4	asd-pure-nonsd	45	45	1785143551373197176	1785143567033567040	15.660370	0	200	/home/user/vllm/logs/speed_test/sglang/asd-pure-nonsd_b128_speed_tp2/run4_asd-pure-nonsd_45.json
4	asd-pure-nonsd	46	46	1785143551373409099	1785143561496021545	10.122612	0	200	/home/user/vllm/logs/speed_test/sglang/asd-pure-nonsd_b128_speed_tp2/run4_asd-pure-nonsd_46.json
4	asd-pure-nonsd	47	47	1785143551373773229	1785143566445067787	15.071295	0	200	/home/user/vllm/logs/speed_test/sglang/asd-pure-nonsd_b128_speed_tp2/run4_asd-pure-nonsd_47.json
4	asd-pure-nonsd	48	48	1785143551374004133	1785143565099009859	13.725006	0	200	/home/user/vllm/logs/speed_test/sglang/asd-pure-nonsd_b128_speed_tp2/run4_asd-pure-nonsd_48.json
4	asd-pure-nonsd	49	49	1785143551374286056	1785143564136538579	12.762253	0	200	/home/user/vllm/logs/speed_test/sglang/asd-pure-nonsd_b128_speed_tp2/run4_asd-pure-nonsd_49.json
4	asd-pure-nonsd	50	50	1785143551374620152	1785143567896601929	16.521982	0	200	/home/user/vllm/logs/speed_test/sglang/asd-pure-nonsd_b128_speed_tp2/run4_asd-pure-nonsd_50.json
4	asd-pure-nonsd	51	51	1785143551374922080	1785143572381054677	21.006133	0	200	/home/user/vllm/logs/speed_test/sglang/asd-pure-nonsd_b128_speed_tp2/run4_asd-pure-nonsd_51.json
4	asd-pure-nonsd	52	52	1785143551375407988	1785143558083135418	6.707727	0	200	/home/user/vllm/logs/speed_test/sglang/asd-pure-nonsd_b128_speed_tp2/run4_asd-pure-nonsd_52.json
4	asd-pure-nonsd	53	53	1785143551375563266	1785143562022327864	10.646765	0	200	/home/user/vllm/logs/speed_test/sglang/asd-pure-nonsd_b128_speed_tp2/run4_asd-pure-nonsd_53.json
4	asd-pure-nonsd	54	54	1785143551375869890	1785143572754260852	21.378391	0	200	/home/user/vllm/logs/speed_test/sglang/asd-pure-nonsd_b128_speed_tp2/run4_asd-pure-nonsd_54.json
4	asd-pure-nonsd	55	55	1785143551376192482	1785143572752255845	21.376063	0	200	/home/user/vllm/logs/speed_test/sglang/asd-pure-nonsd_b128_speed_tp2/run4_asd-pure-nonsd_55.json
4	asd-pure-nonsd	56	56	1785143551376536443	1785143572752960102	21.376424	0	200	/home/user/vllm/logs/speed_test/sglang/asd-pure-nonsd_b128_speed_tp2/run4_asd-pure-nonsd_56.json
4	asd-pure-nonsd	57	57	1785143551376834226	1785143562876390337	11.499556	0	200	/home/user/vllm/logs/speed_test/sglang/asd-pure-nonsd_b128_speed_tp2/run4_asd-pure-nonsd_57.json
4	asd-pure-nonsd	58	58	1785143551377178303	1785143565613316022	14.236138	0	200	/home/user/vllm/logs/speed_test/sglang/asd-pure-nonsd_b128_speed_tp2/run4_asd-pure-nonsd_58.json
4	asd-pure-nonsd	59	59	1785143551377559445	1785143561290763623	9.913204	0	200	/home/user/vllm/logs/speed_test/sglang/asd-pure-nonsd_b128_speed_tp2/run4_asd-pure-nonsd_59.json
4	asd-pure-nonsd	60	60	1785143551377954898	1785143564837697126	13.459742	0	200	/home/user/vllm/logs/speed_test/sglang/asd-pure-nonsd_b128_speed_tp2/run4_asd-pure-nonsd_60.json
4	asd-pure-nonsd	61	61	1785143551378261817	1785143560360862651	8.982601	0	200	/home/user/vllm/logs/speed_test/sglang/asd-pure-nonsd_b128_speed_tp2/run4_asd-pure-nonsd_61.json
4	asd-pure-nonsd	62	62	1785143551378492463	1785143569275014701	17.896522	0	200	/home/user/vllm/logs/speed_test/sglang/asd-pure-nonsd_b128_speed_tp2/run4_asd-pure-nonsd_62.json
4	asd-pure-nonsd	63	63	1785143551378888292	1785143566125056101	14.746168	0	200	/home/user/vllm/logs/speed_test/sglang/asd-pure-nonsd_b128_speed_tp2/run4_asd-pure-nonsd_63.json
4	asd-pure-nonsd	64	64	1785143551379202920	1785143572754229583	21.375027	0	200	/home/user/vllm/logs/speed_test/sglang/asd-pure-nonsd_b128_speed_tp2/run4_asd-pure-nonsd_64.json
4	asd-pure-nonsd	65	65	1785143551379519414	1785143568372657794	16.993138	0	200	/home/user/vllm/logs/speed_test/sglang/asd-pure-nonsd_b128_speed_tp2/run4_asd-pure-nonsd_65.json
4	asd-pure-nonsd	66	66	1785143551379697018	1785143569778215639	18.398519	0	200	/home/user/vllm/logs/speed_test/sglang/asd-pure-nonsd_b128_speed_tp2/run4_asd-pure-nonsd_66.json
4	asd-pure-nonsd	67	67	1785143551380072719	1785143565773909847	14.393837	0	200	/home/user/vllm/logs/speed_test/sglang/asd-pure-nonsd_b128_speed_tp2/run4_asd-pure-nonsd_67.json
4	asd-pure-nonsd	68	68	1785143551380534232	1785143561372199008	9.991665	0	200	/home/user/vllm/logs/speed_test/sglang/asd-pure-nonsd_b128_speed_tp2/run4_asd-pure-nonsd_68.json
4	asd-pure-nonsd	69	69	1785143551380782692	1785143564458369360	13.077587	0	200	/home/user/vllm/logs/speed_test/sglang/asd-pure-nonsd_b128_speed_tp2/run4_asd-pure-nonsd_69.json
4	asd-pure-nonsd	70	70	1785143551381070030	1785143572755116925	21.374047	0	200	/home/user/vllm/logs/speed_test/sglang/asd-pure-nonsd_b128_speed_tp2/run4_asd-pure-nonsd_70.json
4	asd-pure-nonsd	71	71	1785143551381319985	1785143568573603257	17.192283	0	200	/home/user/vllm/logs/speed_test/sglang/asd-pure-nonsd_b128_speed_tp2/run4_asd-pure-nonsd_71.json
4	asd-pure-nonsd	72	72	1785143551382186530	1785143568454652900	17.072466	0	200	/home/user/vllm/logs/speed_test/sglang/asd-pure-nonsd_b128_speed_tp2/run4_asd-pure-nonsd_72.json
4	asd-pure-nonsd	73	73	1785143551382200964	1785143562626300887	11.244100	0	200	/home/user/vllm/logs/speed_test/sglang/asd-pure-nonsd_b128_speed_tp2/run4_asd-pure-nonsd_73.json
4	asd-pure-nonsd	74	74	1785143551382422227	1785143563241731770	11.859310	0	200	/home/user/vllm/logs/speed_test/sglang/asd-pure-nonsd_b128_speed_tp2/run4_asd-pure-nonsd_74.json
4	asd-pure-nonsd	75	75	1785143551382718867	1785143563089560524	11.706842	0	200	/home/user/vllm/logs/speed_test/sglang/asd-pure-nonsd_b128_speed_tp2/run4_asd-pure-nonsd_75.json
4	asd-pure-nonsd	76	76	1785143551382979134	1785143570752987748	19.370009	0	200	/home/user/vllm/logs/speed_test/sglang/asd-pure-nonsd_b128_speed_tp2/run4_asd-pure-nonsd_76.json
4	asd-pure-nonsd	77	77	1785143551383393123	1785143572746370799	21.362978	0	200	/home/user/vllm/logs/speed_test/sglang/asd-pure-nonsd_b128_speed_tp2/run4_asd-pure-nonsd_77.json
4	asd-pure-nonsd	78	78	1785143551383741962	1785143565539905520	14.156164	0	200	/home/user/vllm/logs/speed_test/sglang/asd-pure-nonsd_b128_speed_tp2/run4_asd-pure-nonsd_78.json
4	asd-pure-nonsd	79	79	1785143551384021949	1785143568310722175	16.926700	0	200	/home/user/vllm/logs/speed_test/sglang/asd-pure-nonsd_b128_speed_tp2/run4_asd-pure-nonsd_79.json
4	asd-pure-nonsd	80	80	1785143551384320702	1785143572753494061	21.369173	0	200	/home/user/vllm/logs/speed_test/sglang/asd-pure-nonsd_b128_speed_tp2/run4_asd-pure-nonsd_80.json
4	asd-pure-nonsd	81	81	1785143551384663563	1785143571544284364	20.159621	0	200	/home/user/vllm/logs/speed_test/sglang/asd-pure-nonsd_b128_speed_tp2/run4_asd-pure-nonsd_81.json
4	asd-pure-nonsd	82	82	1785143551385002362	1785143565496019440	14.111017	0	200	/home/user/vllm/logs/speed_test/sglang/asd-pure-nonsd_b128_speed_tp2/run4_asd-pure-nonsd_82.json
4	asd-pure-nonsd	83	83	1785143551385366770	1785143565692800614	14.307434	0	200	/home/user/vllm/logs/speed_test/sglang/asd-pure-nonsd_b128_speed_tp2/run4_asd-pure-nonsd_83.json
4	asd-pure-nonsd	84	84	1785143551385683512	1785143570173115844	18.787432	0	200	/home/user/vllm/logs/speed_test/sglang/asd-pure-nonsd_b128_speed_tp2/run4_asd-pure-nonsd_84.json
4	asd-pure-nonsd	85	85	1785143551386012848	1785143568539397395	17.153385	0	200	/home/user/vllm/logs/speed_test/sglang/asd-pure-nonsd_b128_speed_tp2/run4_asd-pure-nonsd_85.json
4	asd-pure-nonsd	86	86	1785143551386328856	1785143564900695767	13.514367	0	200	/home/user/vllm/logs/speed_test/sglang/asd-pure-nonsd_b128_speed_tp2/run4_asd-pure-nonsd_86.json
4	asd-pure-nonsd	87	87	1785143551386942890	1785143568893172264	17.506229	0	200	/home/user/vllm/logs/speed_test/sglang/asd-pure-nonsd_b128_speed_tp2/run4_asd-pure-nonsd_87.json
4	asd-pure-nonsd	88	88	1785143551386964152	1785143572744836643	21.357872	0	200	/home/user/vllm/logs/speed_test/sglang/asd-pure-nonsd_b128_speed_tp2/run4_asd-pure-nonsd_88.json
4	asd-pure-nonsd	89	89	1785143551387176801	1785143572752973476	21.365797	0	200	/home/user/vllm/logs/speed_test/sglang/asd-pure-nonsd_b128_speed_tp2/run4_asd-pure-nonsd_89.json
4	asd-pure-nonsd	90	90	1785143551387508806	1785143572754601493	21.367093	0	200	/home/user/vllm/logs/speed_test/sglang/asd-pure-nonsd_b128_speed_tp2/run4_asd-pure-nonsd_90.json
4	asd-pure-nonsd	91	91	1785143551387766198	1785143565099042572	13.711276	0	200	/home/user/vllm/logs/speed_test/sglang/asd-pure-nonsd_b128_speed_tp2/run4_asd-pure-nonsd_91.json
4	asd-pure-nonsd	92	92	1785143551388113183	1785143562067319988	10.679207	0	200	/home/user/vllm/logs/speed_test/sglang/asd-pure-nonsd_b128_speed_tp2/run4_asd-pure-nonsd_92.json
4	asd-pure-nonsd	93	93	1785143551388395805	1785143567120603032	15.732207	0	200	/home/user/vllm/logs/speed_test/sglang/asd-pure-nonsd_b128_speed_tp2/run4_asd-pure-nonsd_93.json
4	asd-pure-nonsd	94	94	1785143551388805055	1785143562750898167	11.362093	0	200	/home/user/vllm/logs/speed_test/sglang/asd-pure-nonsd_b128_speed_tp2/run4_asd-pure-nonsd_94.json
4	asd-pure-nonsd	95	95	1785143551389081687	1785143560889831231	9.500750	0	200	/home/user/vllm/logs/speed_test/sglang/asd-pure-nonsd_b128_speed_tp2/run4_asd-pure-nonsd_95.json
4	asd-pure-nonsd	96	96	1785143551389397780	1785143562068447789	10.679050	0	200	/home/user/vllm/logs/speed_test/sglang/asd-pure-nonsd_b128_speed_tp2/run4_asd-pure-nonsd_96.json
4	asd-pure-nonsd	97	97	1785143551389675375	1785143568014350313	16.624675	0	200	/home/user/vllm/logs/speed_test/sglang/asd-pure-nonsd_b128_speed_tp2/run4_asd-pure-nonsd_97.json
4	asd-pure-nonsd	98	98	1785143551390008242	1785143565217253498	13.827245	0	200	/home/user/vllm/logs/speed_test/sglang/asd-pure-nonsd_b128_speed_tp2/run4_asd-pure-nonsd_98.json
4	asd-pure-nonsd	99	99	1785143551390290760	1785143562709499893	11.319209	0	200	/home/user/vllm/logs/speed_test/sglang/asd-pure-nonsd_b128_speed_tp2/run4_asd-pure-nonsd_99.json
4	asd-pure-nonsd	100	100	1785143551390617016	1785143560137116121	8.746499	0	200	/home/user/vllm/logs/speed_test/sglang/asd-pure-nonsd_b128_speed_tp2/run4_asd-pure-nonsd_100.json
4	asd-pure-nonsd	101	101	1785143551391003302	1785143572751898009	21.360895	0	200	/home/user/vllm/logs/speed_test/sglang/asd-pure-nonsd_b128_speed_tp2/run4_asd-pure-nonsd_101.json
4	asd-pure-nonsd	102	102	1785143551391335623	1785143572751536219	21.360201	0	200	/home/user/vllm/logs/speed_test/sglang/asd-pure-nonsd_b128_speed_tp2/run4_asd-pure-nonsd_102.json
4	asd-pure-nonsd	103	103	1785143551391562858	1785143561196206375	9.804644	0	200	/home/user/vllm/logs/speed_test/sglang/asd-pure-nonsd_b128_speed_tp2/run4_asd-pure-nonsd_103.json
4	asd-pure-nonsd	104	104	1785143551391940701	1785143571145700264	19.753760	0	200	/home/user/vllm/logs/speed_test/sglang/asd-pure-nonsd_b128_speed_tp2/run4_asd-pure-nonsd_104.json
4	asd-pure-nonsd	105	105	1785143551392211443	1785143568850661185	17.458450	0	200	/home/user/vllm/logs/speed_test/sglang/asd-pure-nonsd_b128_speed_tp2/run4_asd-pure-nonsd_105.json
4	asd-pure-nonsd	106	106	1785143551392616307	1785143561373314870	9.980699	0	200	/home/user/vllm/logs/speed_test/sglang/asd-pure-nonsd_b128_speed_tp2/run4_asd-pure-nonsd_106.json
4	asd-pure-nonsd	107	107	1785143551392852582	1785143571145301730	19.752449	0	200	/home/user/vllm/logs/speed_test/sglang/asd-pure-nonsd_b128_speed_tp2/run4_asd-pure-nonsd_107.json
4	asd-pure-nonsd	108	108	1785143551393316695	1785143572137223927	20.743907	0	200	/home/user/vllm/logs/speed_test/sglang/asd-pure-nonsd_b128_speed_tp2/run4_asd-pure-nonsd_108.json
4	asd-pure-nonsd	109	109	1785143551393609521	1785143563812282439	12.418673	0	200	/home/user/vllm/logs/speed_test/sglang/asd-pure-nonsd_b128_speed_tp2/run4_asd-pure-nonsd_109.json
4	asd-pure-nonsd	110	110	1785143551393952090	1785143571939944986	20.545993	0	200	/home/user/vllm/logs/speed_test/sglang/asd-pure-nonsd_b128_speed_tp2/run4_asd-pure-nonsd_110.json
4	asd-pure-nonsd	111	111	1785143551394311114	1785143572757584134	21.363273	0	200	/home/user/vllm/logs/speed_test/sglang/asd-pure-nonsd_b128_speed_tp2/run4_asd-pure-nonsd_111.json
4	asd-pure-nonsd	112	112	1785143551394538569	1785143559823103506	8.428565	0	200	/home/user/vllm/logs/speed_test/sglang/asd-pure-nonsd_b128_speed_tp2/run4_asd-pure-nonsd_112.json
4	asd-pure-nonsd	113	113	1785143551394868242	1785143563364846099	11.969978	0	200	/home/user/vllm/logs/speed_test/sglang/asd-pure-nonsd_b128_speed_tp2/run4_asd-pure-nonsd_113.json
4	asd-pure-nonsd	114	114	1785143551395270303	1785143572757996418	21.362726	0	200	/home/user/vllm/logs/speed_test/sglang/asd-pure-nonsd_b128_speed_tp2/run4_asd-pure-nonsd_114.json
4	asd-pure-nonsd	115	115	1785143551395595351	1785143571100143257	19.704548	0	200	/home/user/vllm/logs/speed_test/sglang/asd-pure-nonsd_b128_speed_tp2/run4_asd-pure-nonsd_115.json
4	asd-pure-nonsd	116	116	1785143551395977646	1785143572758229254	21.362252	0	200	/home/user/vllm/logs/speed_test/sglang/asd-pure-nonsd_b128_speed_tp2/run4_asd-pure-nonsd_116.json
4	asd-pure-nonsd	117	117	1785143551396216185	1785143567271675193	15.875459	0	200	/home/user/vllm/logs/speed_test/sglang/asd-pure-nonsd_b128_speed_tp2/run4_asd-pure-nonsd_117.json
4	asd-pure-nonsd	118	118	1785143551396540962	1785143568892712707	17.496172	0	200	/home/user/vllm/logs/speed_test/sglang/asd-pure-nonsd_b128_speed_tp2/run4_asd-pure-nonsd_118.json
4	asd-pure-nonsd	119	119	1785143551396898144	1785143565255499528	13.858601	0	200	/home/user/vllm/logs/speed_test/sglang/asd-pure-nonsd_b128_speed_tp2/run4_asd-pure-nonsd_119.json
4	asd-pure-nonsd	120	120	1785143551397242891	1785143567119433328	15.722190	0	200	/home/user/vllm/logs/speed_test/sglang/asd-pure-nonsd_b128_speed_tp2/run4_asd-pure-nonsd_120.json
4	asd-pure-nonsd	121	121	1785143551397579231	1785143572757012280	21.359433	0	200	/home/user/vllm/logs/speed_test/sglang/asd-pure-nonsd_b128_speed_tp2/run4_asd-pure-nonsd_121.json
4	asd-pure-nonsd	122	122	1785143551397901877	1785143562577722129	11.179820	0	200	/home/user/vllm/logs/speed_test/sglang/asd-pure-nonsd_b128_speed_tp2/run4_asd-pure-nonsd_122.json
4	asd-pure-nonsd	123	123	1785143551398282046	1785143564497814770	13.099533	0	200	/home/user/vllm/logs/speed_test/sglang/asd-pure-nonsd_b128_speed_tp2/run4_asd-pure-nonsd_123.json
4	asd-pure-nonsd	124	124	1785143551398686034	1785143570477367806	19.078682	0	200	/home/user/vllm/logs/speed_test/sglang/asd-pure-nonsd_b128_speed_tp2/run4_asd-pure-nonsd_124.json
4	asd-pure-nonsd	125	125	1785143551398957719	1785143560536620922	9.137663	0	200	/home/user/vllm/logs/speed_test/sglang/asd-pure-nonsd_b128_speed_tp2/run4_asd-pure-nonsd_125.json
4	asd-pure-nonsd	126	126	1785143551399203559	1785143572757800901	21.358597	0	200	/home/user/vllm/logs/speed_test/sglang/asd-pure-nonsd_b128_speed_tp2/run4_asd-pure-nonsd_126.json
4	asd-pure-nonsd	127	127	1785143551399531847	1785143572694705460	21.295174	0	200	/home/user/vllm/logs/speed_test/sglang/asd-pure-nonsd_b128_speed_tp2/run4_asd-pure-nonsd_127.json
5	asd-pure-nonsd	0	0	1785143630148840738	1785143644474745978	14.325905	0	200	/home/user/vllm/logs/speed_test/sglang/asd-pure-nonsd_b128_speed_tp2/run5_asd-pure-nonsd_0.json
5	asd-pure-nonsd	1	1	1785143630149129791	1785143648319408477	18.170279	0	200	/home/user/vllm/logs/speed_test/sglang/asd-pure-nonsd_b128_speed_tp2/run5_asd-pure-nonsd_1.json
5	asd-pure-nonsd	2	2	1785143630149470542	1785143646021897601	15.872427	0	200	/home/user/vllm/logs/speed_test/sglang/asd-pure-nonsd_b128_speed_tp2/run5_asd-pure-nonsd_2.json
5	asd-pure-nonsd	3	3	1785143630150582528	1785143643122646725	12.972064	0	200	/home/user/vllm/logs/speed_test/sglang/asd-pure-nonsd_b128_speed_tp2/run5_asd-pure-nonsd_3.json
5	asd-pure-nonsd	4	4	1785143630150663346	1785143636380296620	6.229633	0	200	/home/user/vllm/logs/speed_test/sglang/asd-pure-nonsd_b128_speed_tp2/run5_asd-pure-nonsd_4.json
5	asd-pure-nonsd	5	5	1785143630150538843	1785143644859847931	14.709309	0	200	/home/user/vllm/logs/speed_test/sglang/asd-pure-nonsd_b128_speed_tp2/run5_asd-pure-nonsd_5.json
5	asd-pure-nonsd	6	6	1785143630152167002	1785143642517156257	12.364989	0	200	/home/user/vllm/logs/speed_test/sglang/asd-pure-nonsd_b128_speed_tp2/run5_asd-pure-nonsd_6.json
5	asd-pure-nonsd	7	7	1785143630151146749	1785143651805335636	21.654189	0	200	/home/user/vllm/logs/speed_test/sglang/asd-pure-nonsd_b128_speed_tp2/run5_asd-pure-nonsd_7.json
5	asd-pure-nonsd	8	8	1785143630152942333	1785143643242766293	13.089824	0	200	/home/user/vllm/logs/speed_test/sglang/asd-pure-nonsd_b128_speed_tp2/run5_asd-pure-nonsd_8.json
5	asd-pure-nonsd	9	9	1785143630153182363	1785143646096308000	15.943126	0	200	/home/user/vllm/logs/speed_test/sglang/asd-pure-nonsd_b128_speed_tp2/run5_asd-pure-nonsd_9.json
5	asd-pure-nonsd	10	10	1785143630152335865	1785143642515699354	12.363363	0	200	/home/user/vllm/logs/speed_test/sglang/asd-pure-nonsd_b128_speed_tp2/run5_asd-pure-nonsd_10.json
5	asd-pure-nonsd	11	11	1785143630153244460	1785143647257323351	17.104079	0	200	/home/user/vllm/logs/speed_test/sglang/asd-pure-nonsd_b128_speed_tp2/run5_asd-pure-nonsd_11.json
5	asd-pure-nonsd	12	12	1785143630153152190	1785143646680845911	16.527694	0	200	/home/user/vllm/logs/speed_test/sglang/asd-pure-nonsd_b128_speed_tp2/run5_asd-pure-nonsd_12.json
5	asd-pure-nonsd	13	13	1785143630153999864	1785143641717513004	11.563513	0	200	/home/user/vllm/logs/speed_test/sglang/asd-pure-nonsd_b128_speed_tp2/run5_asd-pure-nonsd_13.json
5	asd-pure-nonsd	14	14	1785143630153842201	1785143646491203969	16.337362	0	200	/home/user/vllm/logs/speed_test/sglang/asd-pure-nonsd_b128_speed_tp2/run5_asd-pure-nonsd_14.json
5	asd-pure-nonsd	15	15	1785143630154241035	1785143642390738260	12.236497	0	200	/home/user/vllm/logs/speed_test/sglang/asd-pure-nonsd_b128_speed_tp2/run5_asd-pure-nonsd_15.json
5	asd-pure-nonsd	16	16	1785143630154619735	1785143644940112664	14.785493	0	200	/home/user/vllm/logs/speed_test/sglang/asd-pure-nonsd_b128_speed_tp2/run5_asd-pure-nonsd_16.json
5	asd-pure-nonsd	17	17	1785143630154811006	1785143641370567870	11.215757	0	200	/home/user/vllm/logs/speed_test/sglang/asd-pure-nonsd_b128_speed_tp2/run5_asd-pure-nonsd_17.json
5	asd-pure-nonsd	18	18	1785143630155401899	1785143651909387703	21.753986	0	200	/home/user/vllm/logs/speed_test/sglang/asd-pure-nonsd_b128_speed_tp2/run5_asd-pure-nonsd_18.json
5	asd-pure-nonsd	19	19	1785143630155701868	1785143646370630041	16.214928	0	200	/home/user/vllm/logs/speed_test/sglang/asd-pure-nonsd_b128_speed_tp2/run5_asd-pure-nonsd_19.json
5	asd-pure-nonsd	20	20	1785143630155826580	1785143646645944445	16.490118	0	200	/home/user/vllm/logs/speed_test/sglang/asd-pure-nonsd_b128_speed_tp2/run5_asd-pure-nonsd_20.json
5	asd-pure-nonsd	21	21	1785143630156180725	1785143644322111911	14.165931	0	200	/home/user/vllm/logs/speed_test/sglang/asd-pure-nonsd_b128_speed_tp2/run5_asd-pure-nonsd_21.json
5	asd-pure-nonsd	22	22	1785143630156652133	1785143651909467766	21.752816	0	200	/home/user/vllm/logs/speed_test/sglang/asd-pure-nonsd_b128_speed_tp2/run5_asd-pure-nonsd_22.json
5	asd-pure-nonsd	23	23	1785143630156801285	1785143646524795302	16.367994	0	200	/home/user/vllm/logs/speed_test/sglang/asd-pure-nonsd_b128_speed_tp2/run5_asd-pure-nonsd_23.json
5	asd-pure-nonsd	24	24	1785143630157361287	1785143645520332676	15.362971	0	200	/home/user/vllm/logs/speed_test/sglang/asd-pure-nonsd_b128_speed_tp2/run5_asd-pure-nonsd_24.json
5	asd-pure-nonsd	25	25	1785143630157568673	1785143648551093215	18.393525	0	200	/home/user/vllm/logs/speed_test/sglang/asd-pure-nonsd_b128_speed_tp2/run5_asd-pure-nonsd_25.json
5	asd-pure-nonsd	26	26	1785143630157897614	1785143651910280002	21.752382	0	200	/home/user/vllm/logs/speed_test/sglang/asd-pure-nonsd_b128_speed_tp2/run5_asd-pure-nonsd_26.json
5	asd-pure-nonsd	27	27	1785143630158261787	1785143640802711692	10.644450	0	200	/home/user/vllm/logs/speed_test/sglang/asd-pure-nonsd_b128_speed_tp2/run5_asd-pure-nonsd_27.json
5	asd-pure-nonsd	28	28	1785143630158828282	1785143640752388107	10.593560	0	200	/home/user/vllm/logs/speed_test/sglang/asd-pure-nonsd_b128_speed_tp2/run5_asd-pure-nonsd_28.json
5	asd-pure-nonsd	29	29	1785143630159218837	1785143644559023165	14.399804	0	200	/home/user/vllm/logs/speed_test/sglang/asd-pure-nonsd_b128_speed_tp2/run5_asd-pure-nonsd_29.json
5	asd-pure-nonsd	30	30	1785143630159250500	1785143651910419996	21.751169	0	200	/home/user/vllm/logs/speed_test/sglang/asd-pure-nonsd_b128_speed_tp2/run5_asd-pure-nonsd_30.json
5	asd-pure-nonsd	31	31	1785143630159687229	1785143647594969462	17.435282	0	200	/home/user/vllm/logs/speed_test/sglang/asd-pure-nonsd_b128_speed_tp2/run5_asd-pure-nonsd_31.json
5	asd-pure-nonsd	32	32	1785143630160127975	1785143644397649242	14.237521	0	200	/home/user/vllm/logs/speed_test/sglang/asd-pure-nonsd_b128_speed_tp2/run5_asd-pure-nonsd_32.json
5	asd-pure-nonsd	33	33	1785143630160864291	1785143642187089389	12.026225	0	200	/home/user/vllm/logs/speed_test/sglang/asd-pure-nonsd_b128_speed_tp2/run5_asd-pure-nonsd_33.json
5	asd-pure-nonsd	34	34	1785143630160645388	1785143643480893591	13.320248	0	200	/home/user/vllm/logs/speed_test/sglang/asd-pure-nonsd_b128_speed_tp2/run5_asd-pure-nonsd_34.json
5	asd-pure-nonsd	35	35	1785143630161023979	1785143642882442236	12.721418	0	200	/home/user/vllm/logs/speed_test/sglang/asd-pure-nonsd_b128_speed_tp2/run5_asd-pure-nonsd_35.json
5	asd-pure-nonsd	36	36	1785143630161364957	1785143639639606008	9.478241	0	200	/home/user/vllm/logs/speed_test/sglang/asd-pure-nonsd_b128_speed_tp2/run5_asd-pure-nonsd_36.json
5	asd-pure-nonsd	37	37	1785143630161710163	1785143643086616709	12.924907	0	200	/home/user/vllm/logs/speed_test/sglang/asd-pure-nonsd_b128_speed_tp2/run5_asd-pure-nonsd_37.json
5	asd-pure-nonsd	38	38	1785143630162236849	1785143644822989218	14.660752	0	200	/home/user/vllm/logs/speed_test/sglang/asd-pure-nonsd_b128_speed_tp2/run5_asd-pure-nonsd_38.json
5	asd-pure-nonsd	39	39	1785143630162697428	1785143646187029543	16.024332	0	200	/home/user/vllm/logs/speed_test/sglang/asd-pure-nonsd_b128_speed_tp2/run5_asd-pure-nonsd_39.json
5	asd-pure-nonsd	40	40	1785143630162833781	1785143638163403163	8.000569	0	200	/home/user/vllm/logs/speed_test/sglang/asd-pure-nonsd_b128_speed_tp2/run5_asd-pure-nonsd_40.json
5	asd-pure-nonsd	41	41	1785143630163192358	1785143645864642420	15.701450	0	200	/home/user/vllm/logs/speed_test/sglang/asd-pure-nonsd_b128_speed_tp2/run5_asd-pure-nonsd_41.json
5	asd-pure-nonsd	42	42	1785143630163573000	1785143644711156211	14.547583	0	200	/home/user/vllm/logs/speed_test/sglang/asd-pure-nonsd_b128_speed_tp2/run5_asd-pure-nonsd_42.json
5	asd-pure-nonsd	43	43	1785143630163704173	1785143643124162854	12.960459	0	200	/home/user/vllm/logs/speed_test/sglang/asd-pure-nonsd_b128_speed_tp2/run5_asd-pure-nonsd_43.json
5	asd-pure-nonsd	44	44	1785143630164188754	1785143644633564709	14.469376	0	200	/home/user/vllm/logs/speed_test/sglang/asd-pure-nonsd_b128_speed_tp2/run5_asd-pure-nonsd_44.json
5	asd-pure-nonsd	45	45	1785143630164527879	1785143646406621125	16.242093	0	200	/home/user/vllm/logs/speed_test/sglang/asd-pure-nonsd_b128_speed_tp2/run5_asd-pure-nonsd_45.json
5	asd-pure-nonsd	46	46	1785143630164902977	1785143640928634843	10.763732	0	200	/home/user/vllm/logs/speed_test/sglang/asd-pure-nonsd_b128_speed_tp2/run5_asd-pure-nonsd_46.json
5	asd-pure-nonsd	47	47	1785143630165306211	1785143642145835596	11.980529	0	200	/home/user/vllm/logs/speed_test/sglang/asd-pure-nonsd_b128_speed_tp2/run5_asd-pure-nonsd_47.json
5	asd-pure-nonsd	48	48	1785143630165474051	1785143644515016040	14.349542	0	200	/home/user/vllm/logs/speed_test/sglang/asd-pure-nonsd_b128_speed_tp2/run5_asd-pure-nonsd_48.json
5	asd-pure-nonsd	49	49	1785143630165872145	1785143643560915123	13.395043	0	200	/home/user/vllm/logs/speed_test/sglang/asd-pure-nonsd_b128_speed_tp2/run5_asd-pure-nonsd_49.json
5	asd-pure-nonsd	50	50	1785143630166148591	1785143648242848137	18.076700	0	200	/home/user/vllm/logs/speed_test/sglang/asd-pure-nonsd_b128_speed_tp2/run5_asd-pure-nonsd_50.json
5	asd-pure-nonsd	51	51	1785143630166683079	1785143651462858324	21.296175	0	200	/home/user/vllm/logs/speed_test/sglang/asd-pure-nonsd_b128_speed_tp2/run5_asd-pure-nonsd_51.json
5	asd-pure-nonsd	52	52	1785143630166861754	1785143637297732539	7.130871	0	200	/home/user/vllm/logs/speed_test/sglang/asd-pure-nonsd_b128_speed_tp2/run5_asd-pure-nonsd_52.json
5	asd-pure-nonsd	53	53	1785143630167139233	1785143641458565686	11.291426	0	200	/home/user/vllm/logs/speed_test/sglang/asd-pure-nonsd_b128_speed_tp2/run5_asd-pure-nonsd_53.json
5	asd-pure-nonsd	54	54	1785143630167518840	1785143651910064088	21.742545	0	200	/home/user/vllm/logs/speed_test/sglang/asd-pure-nonsd_b128_speed_tp2/run5_asd-pure-nonsd_54.json
5	asd-pure-nonsd	55	55	1785143630167839104	1785143651910433032	21.742594	0	200	/home/user/vllm/logs/speed_test/sglang/asd-pure-nonsd_b128_speed_tp2/run5_asd-pure-nonsd_55.json
5	asd-pure-nonsd	56	56	1785143630168280832	1785143651910436061	21.742155	0	200	/home/user/vllm/logs/speed_test/sglang/asd-pure-nonsd_b128_speed_tp2/run5_asd-pure-nonsd_56.json
5	asd-pure-nonsd	57	57	1785143630168629717	1785143642309354101	12.140724	0	200	/home/user/vllm/logs/speed_test/sglang/asd-pure-nonsd_b128_speed_tp2/run5_asd-pure-nonsd_57.json
5	asd-pure-nonsd	58	58	1785143630168826910	1785143645017377964	14.848551	0	200	/home/user/vllm/logs/speed_test/sglang/asd-pure-nonsd_b128_speed_tp2/run5_asd-pure-nonsd_58.json
5	asd-pure-nonsd	59	59	1785143630169179118	1785143640705922311	10.536743	0	200	/home/user/vllm/logs/speed_test/sglang/asd-pure-nonsd_b128_speed_tp2/run5_asd-pure-nonsd_59.json
5	asd-pure-nonsd	60	60	1785143630169604045	1785143644262201101	14.092597	0	200	/home/user/vllm/logs/speed_test/sglang/asd-pure-nonsd_b128_speed_tp2/run5_asd-pure-nonsd_60.json
5	asd-pure-nonsd	61	61	1785143630170056341	1785143639741364404	9.571308	0	200	/home/user/vllm/logs/speed_test/sglang/asd-pure-nonsd_b128_speed_tp2/run5_asd-pure-nonsd_61.json
5	asd-pure-nonsd	62	62	1785143630170300608	1785143648550780977	18.380480	0	200	/home/user/vllm/logs/speed_test/sglang/asd-pure-nonsd_b128_speed_tp2/run5_asd-pure-nonsd_62.json
5	asd-pure-nonsd	63	63	1785143630170903052	1785143645518717201	15.347814	0	200	/home/user/vllm/logs/speed_test/sglang/asd-pure-nonsd_b128_speed_tp2/run5_asd-pure-nonsd_63.json
5	asd-pure-nonsd	64	64	1785143630171077306	1785143651910967727	21.739890	0	200	/home/user/vllm/logs/speed_test/sglang/asd-pure-nonsd_b128_speed_tp2/run5_asd-pure-nonsd_64.json
5	asd-pure-nonsd	65	65	1785143630171339124	1785143647671642552	17.500303	0	200	/home/user/vllm/logs/speed_test/sglang/asd-pure-nonsd_b128_speed_tp2/run5_asd-pure-nonsd_65.json
5	asd-pure-nonsd	66	66	1785143630171644331	1785143649041441367	18.869797	0	200	/home/user/vllm/logs/speed_test/sglang/asd-pure-nonsd_b128_speed_tp2/run5_asd-pure-nonsd_66.json
5	asd-pure-nonsd	67	67	1785143630172016196	1785143645168605436	14.996589	0	200	/home/user/vllm/logs/speed_test/sglang/asd-pure-nonsd_b128_speed_tp2/run5_asd-pure-nonsd_67.json
5	asd-pure-nonsd	68	68	1785143630172362200	1785143640802026594	10.629664	0	200	/home/user/vllm/logs/speed_test/sglang/asd-pure-nonsd_b128_speed_tp2/run5_asd-pure-nonsd_68.json
5	asd-pure-nonsd	69	69	1785143630172611175	1785143643406523890	13.233913	0	200	/home/user/vllm/logs/speed_test/sglang/asd-pure-nonsd_b128_speed_tp2/run5_asd-pure-nonsd_69.json
5	asd-pure-nonsd	70	70	1785143630172993109	1785143651910743663	21.737751	0	200	/home/user/vllm/logs/speed_test/sglang/asd-pure-nonsd_b128_speed_tp2/run5_asd-pure-nonsd_70.json
5	asd-pure-nonsd	71	71	1785143630173266104	1785143647861920998	17.688655	0	200	/home/user/vllm/logs/speed_test/sglang/asd-pure-nonsd_b128_speed_tp2/run5_asd-pure-nonsd_71.json
5	asd-pure-nonsd	72	72	1785143630173691422	1785143646188172307	16.014481	0	200	/home/user/vllm/logs/speed_test/sglang/asd-pure-nonsd_b128_speed_tp2/run5_asd-pure-nonsd_72.json
5	asd-pure-nonsd	73	73	1785143630173901628	1785143641976120891	11.802219	0	200	/home/user/vllm/logs/speed_test/sglang/asd-pure-nonsd_b128_speed_tp2/run5_asd-pure-nonsd_73.json
5	asd-pure-nonsd	74	74	1785143630174477935	1785143642678751886	12.504274	0	200	/home/user/vllm/logs/speed_test/sglang/asd-pure-nonsd_b128_speed_tp2/run5_asd-pure-nonsd_74.json
5	asd-pure-nonsd	75	75	1785143630174715690	1785143642555557924	12.380842	0	200	/home/user/vllm/logs/speed_test/sglang/asd-pure-nonsd_b128_speed_tp2/run5_asd-pure-nonsd_75.json
5	asd-pure-nonsd	76	76	1785143630175015371	1785143650000901874	19.825887	0	200	/home/user/vllm/logs/speed_test/sglang/asd-pure-nonsd_b128_speed_tp2/run5_asd-pure-nonsd_76.json
5	asd-pure-nonsd	77	77	1785143630175339894	1785143651910682292	21.735342	0	200	/home/user/vllm/logs/speed_test/sglang/asd-pure-nonsd_b128_speed_tp2/run5_asd-pure-nonsd_77.json
5	asd-pure-nonsd	78	78	1785143630175618042	1785143644558543597	14.382926	0	200	/home/user/vllm/logs/speed_test/sglang/asd-pure-nonsd_b128_speed_tp2/run5_asd-pure-nonsd_78.json
5	asd-pure-nonsd	79	79	1785143630176039008	1785143647633896191	17.457857	0	200	/home/user/vllm/logs/speed_test/sglang/asd-pure-nonsd_b128_speed_tp2/run5_asd-pure-nonsd_79.json
5	asd-pure-nonsd	80	80	1785143630176490412	1785143651907472358	21.730982	0	200	/home/user/vllm/logs/speed_test/sglang/asd-pure-nonsd_b128_speed_tp2/run5_asd-pure-nonsd_80.json
5	asd-pure-nonsd	81	81	1785143630176880551	1785143650440727829	20.263847	0	200	/home/user/vllm/logs/speed_test/sglang/asd-pure-nonsd_b128_speed_tp2/run5_asd-pure-nonsd_81.json
5	asd-pure-nonsd	82	82	1785143630177182618	1785143644900272225	14.723090	0	200	/home/user/vllm/logs/speed_test/sglang/asd-pure-nonsd_b128_speed_tp2/run5_asd-pure-nonsd_82.json
5	asd-pure-nonsd	83	83	1785143630177354474	1785143645630957056	15.453603	0	200	/home/user/vllm/logs/speed_test/sglang/asd-pure-nonsd_b128_speed_tp2/run5_asd-pure-nonsd_83.json
5	asd-pure-nonsd	84	84	1785143630177874421	1785143649421793530	19.243919	0	200	/home/user/vllm/logs/speed_test/sglang/asd-pure-nonsd_b128_speed_tp2/run5_asd-pure-nonsd_84.json
5	asd-pure-nonsd	85	85	1785143630178086280	1785143647790939015	17.612853	0	200	/home/user/vllm/logs/speed_test/sglang/asd-pure-nonsd_b128_speed_tp2/run5_asd-pure-nonsd_85.json
5	asd-pure-nonsd	86	86	1785143630178499799	1785143644279142476	14.100643	0	200	/home/user/vllm/logs/speed_test/sglang/asd-pure-nonsd_b128_speed_tp2/run5_asd-pure-nonsd_86.json
5	asd-pure-nonsd	87	87	1785143630178783188	1785143648169261695	17.990479	0	200	/home/user/vllm/logs/speed_test/sglang/asd-pure-nonsd_b128_speed_tp2/run5_asd-pure-nonsd_87.json
5	asd-pure-nonsd	88	88	1785143630179096902	1785143651909790195	21.730693	0	200	/home/user/vllm/logs/speed_test/sglang/asd-pure-nonsd_b128_speed_tp2/run5_asd-pure-nonsd_88.json
5	asd-pure-nonsd	89	89	1785143630179455714	1785143651910412300	21.730957	0	200	/home/user/vllm/logs/speed_test/sglang/asd-pure-nonsd_b128_speed_tp2/run5_asd-pure-nonsd_89.json
5	asd-pure-nonsd	90	90	1785143630179809974	1785143651704594524	21.524785	0	200	/home/user/vllm/logs/speed_test/sglang/asd-pure-nonsd_b128_speed_tp2/run5_asd-pure-nonsd_90.json
5	asd-pure-nonsd	91	91	1785143630180063136	1785143644558739683	14.378677	0	200	/home/user/vllm/logs/speed_test/sglang/asd-pure-nonsd_b128_speed_tp2/run5_asd-pure-nonsd_91.json
5	asd-pure-nonsd	92	92	1785143630180653752	1785143641501133420	11.320480	0	200	/home/user/vllm/logs/speed_test/sglang/asd-pure-nonsd_b128_speed_tp2/run5_asd-pure-nonsd_92.json
5	asd-pure-nonsd	93	93	1785143630180799662	1785143646490656994	16.309857	0	200	/home/user/vllm/logs/speed_test/sglang/asd-pure-nonsd_b128_speed_tp2/run5_asd-pure-nonsd_93.json
5	asd-pure-nonsd	94	94	1785143630181232750	1785143642187598725	12.006366	0	200	/home/user/vllm/logs/speed_test/sglang/asd-pure-nonsd_b128_speed_tp2/run5_asd-pure-nonsd_94.json
5	asd-pure-nonsd	95	95	1785143630181446763	1785143640293133083	10.111686	0	200	/home/user/vllm/logs/speed_test/sglang/asd-pure-nonsd_b128_speed_tp2/run5_asd-pure-nonsd_95.json
5	asd-pure-nonsd	96	96	1785143630182003864	1785143641502204906	11.320201	0	200	/home/user/vllm/logs/speed_test/sglang/asd-pure-nonsd_b128_speed_tp2/run5_asd-pure-nonsd_96.json
5	asd-pure-nonsd	97	97	1785143630182180534	1785143647331004817	17.148824	0	200	/home/user/vllm/logs/speed_test/sglang/asd-pure-nonsd_b128_speed_tp2/run5_asd-pure-nonsd_97.json
5	asd-pure-nonsd	98	98	1785143630182508589	1785143644634048276	14.451540	0	200	/home/user/vllm/logs/speed_test/sglang/asd-pure-nonsd_b128_speed_tp2/run5_asd-pure-nonsd_98.json
5	asd-pure-nonsd	99	99	1785143630183058855	1785143642145102603	11.962044	0	200	/home/user/vllm/logs/speed_test/sglang/asd-pure-nonsd_b128_speed_tp2/run5_asd-pure-nonsd_99.json
5	asd-pure-nonsd	100	100	1785143630183357057	1785143639497375160	9.314018	0	200	/home/user/vllm/logs/speed_test/sglang/asd-pure-nonsd_b128_speed_tp2/run5_asd-pure-nonsd_100.json
5	asd-pure-nonsd	101	101	1785143630183536043	1785143651908511364	21.724975	0	200	/home/user/vllm/logs/speed_test/sglang/asd-pure-nonsd_b128_speed_tp2/run5_asd-pure-nonsd_101.json
5	asd-pure-nonsd	102	102	1785143630184008678	1785143651910436056	21.726427	0	200	/home/user/vllm/logs/speed_test/sglang/asd-pure-nonsd_b128_speed_tp2/run5_asd-pure-nonsd_102.json
5	asd-pure-nonsd	103	103	1785143630184276015	1785143640616302500	10.432026	0	200	/home/user/vllm/logs/speed_test/sglang/asd-pure-nonsd_b128_speed_tp2/run5_asd-pure-nonsd_103.json
5	asd-pure-nonsd	104	104	1785143630184737201	1785143650325693173	20.140956	0	200	/home/user/vllm/logs/speed_test/sglang/asd-pure-nonsd_b128_speed_tp2/run5_asd-pure-nonsd_104.json
5	asd-pure-nonsd	105	105	1785143630184992994	1785143648129896850	17.944904	0	200	/home/user/vllm/logs/speed_test/sglang/asd-pure-nonsd_b128_speed_tp2/run5_asd-pure-nonsd_105.json
5	asd-pure-nonsd	106	106	1785143630185223295	1785143640386715494	10.201492	0	200	/home/user/vllm/logs/speed_test/sglang/asd-pure-nonsd_b128_speed_tp2/run5_asd-pure-nonsd_106.json
5	asd-pure-nonsd	107	107	1785143630185543437	1785143650513296121	20.327753	0	200	/home/user/vllm/logs/speed_test/sglang/asd-pure-nonsd_b128_speed_tp2/run5_asd-pure-nonsd_107.json
5	asd-pure-nonsd	108	108	1785143630185854847	1785143645399996571	15.214142	0	200	/home/user/vllm/logs/speed_test/sglang/asd-pure-nonsd_b128_speed_tp2/run5_asd-pure-nonsd_108.json
5	asd-pure-nonsd	109	109	1785143630186335408	1785143645401383973	15.215049	0	200	/home/user/vllm/logs/speed_test/sglang/asd-pure-nonsd_b128_speed_tp2/run5_asd-pure-nonsd_109.json
5	asd-pure-nonsd	110	110	1785143630186581985	1785143651081801954	20.895220	0	200	/home/user/vllm/logs/speed_test/sglang/asd-pure-nonsd_b128_speed_tp2/run5_asd-pure-nonsd_110.json
5	asd-pure-nonsd	111	111	1785143630186905237	1785143651532179770	21.345275	0	200	/home/user/vllm/logs/speed_test/sglang/asd-pure-nonsd_b128_speed_tp2/run5_asd-pure-nonsd_111.json
5	asd-pure-nonsd	112	112	1785143630187236074	1785143639164282754	8.977047	0	200	/home/user/vllm/logs/speed_test/sglang/asd-pure-nonsd_b128_speed_tp2/run5_asd-pure-nonsd_112.json
5	asd-pure-nonsd	113	113	1785143630187554068	1785143642800278148	12.612724	0	200	/home/user/vllm/logs/speed_test/sglang/asd-pure-nonsd_b128_speed_tp2/run5_asd-pure-nonsd_113.json
5	asd-pure-nonsd	114	114	1785143630187884130	1785143651910015710	21.722132	0	200	/home/user/vllm/logs/speed_test/sglang/asd-pure-nonsd_b128_speed_tp2/run5_asd-pure-nonsd_114.json
5	asd-pure-nonsd	115	115	1785143630188371667	1785143651081373246	20.893002	0	200	/home/user/vllm/logs/speed_test/sglang/asd-pure-nonsd_b128_speed_tp2/run5_asd-pure-nonsd_115.json
5	asd-pure-nonsd	116	116	1785143630188640556	1785143651910845409	21.722205	0	200	/home/user/vllm/logs/speed_test/sglang/asd-pure-nonsd_b128_speed_tp2/run5_asd-pure-nonsd_116.json
5	asd-pure-nonsd	117	117	1785143630188924542	1785143646645330920	16.456406	0	200	/home/user/vllm/logs/speed_test/sglang/asd-pure-nonsd_b128_speed_tp2/run5_asd-pure-nonsd_117.json
5	asd-pure-nonsd	118	118	1785143630189275177	1785143648168283286	17.979008	0	200	/home/user/vllm/logs/speed_test/sglang/asd-pure-nonsd_b128_speed_tp2/run5_asd-pure-nonsd_118.json
5	asd-pure-nonsd	119	119	1785143630189517727	1785143644671275601	14.481758	0	200	/home/user/vllm/logs/speed_test/sglang/asd-pure-nonsd_b128_speed_tp2/run5_asd-pure-nonsd_119.json
5	asd-pure-nonsd	120	120	1785143630190027542	1785143646491028048	16.301001	0	200	/home/user/vllm/logs/speed_test/sglang/asd-pure-nonsd_b128_speed_tp2/run5_asd-pure-nonsd_120.json
5	asd-pure-nonsd	121	121	1785143630190204053	1785143651910022609	21.719819	0	200	/home/user/vllm/logs/speed_test/sglang/asd-pure-nonsd_b128_speed_tp2/run5_asd-pure-nonsd_121.json
5	asd-pure-nonsd	122	122	1785143630190741129	1785143642021250424	11.830509	0	200	/home/user/vllm/logs/speed_test/sglang/asd-pure-nonsd_b128_speed_tp2/run5_asd-pure-nonsd_122.json
5	asd-pure-nonsd	123	123	1785143630190949888	1785143643924856799	13.733907	0	200	/home/user/vllm/logs/speed_test/sglang/asd-pure-nonsd_b128_speed_tp2/run5_asd-pure-nonsd_123.json
5	asd-pure-nonsd	124	124	1785143630191287823	1785143649730466434	19.539179	0	200	/home/user/vllm/logs/speed_test/sglang/asd-pure-nonsd_b128_speed_tp2/run5_asd-pure-nonsd_124.json
5	asd-pure-nonsd	125	125	1785143630191564700	1785143639921883043	9.730318	0	200	/home/user/vllm/logs/speed_test/sglang/asd-pure-nonsd_b128_speed_tp2/run5_asd-pure-nonsd_125.json
5	asd-pure-nonsd	126	126	1785143630192109905	1785143651910867561	21.718758	0	200	/home/user/vllm/logs/speed_test/sglang/asd-pure-nonsd_b128_speed_tp2/run5_asd-pure-nonsd_126.json
5	asd-pure-nonsd	127	127	1785143630192271827	1785143651855220936	21.662949	0	200	/home/user/vllm/logs/speed_test/sglang/asd-pure-nonsd_b128_speed_tp2/run5_asd-pure-nonsd_127.json
