run_id	label	request_index	sample_index	start_ns	end_ns	jct_s	status	http_code	json_path
1	sglang-purenonsd	0	0	1785225357439689006	1785225373936928219	16.497239	0	200	/home/user/vllm/logs/speed_test/sglang-purenonsd_b128_speed_tp2/run1_sglang-purenonsd_0.json
1	sglang-purenonsd	1	1	1785225357440398991	1785225377890294647	20.449896	0	200	/home/user/vllm/logs/speed_test/sglang-purenonsd_b128_speed_tp2/run1_sglang-purenonsd_1.json
1	sglang-purenonsd	2	2	1785225357440499793	1785225375928001694	18.487502	0	200	/home/user/vllm/logs/speed_test/sglang-purenonsd_b128_speed_tp2/run1_sglang-purenonsd_2.json
1	sglang-purenonsd	3	3	1785225357440504205	1785225372229418590	14.788914	0	200	/home/user/vllm/logs/speed_test/sglang-purenonsd_b128_speed_tp2/run1_sglang-purenonsd_3.json
1	sglang-purenonsd	4	4	1785225357440866242	1785225364624704142	7.183838	0	200	/home/user/vllm/logs/speed_test/sglang-purenonsd_b128_speed_tp2/run1_sglang-purenonsd_4.json
1	sglang-purenonsd	5	5	1785225357441405524	1785225374580438377	17.139033	0	200	/home/user/vllm/logs/speed_test/sglang-purenonsd_b128_speed_tp2/run1_sglang-purenonsd_5.json
1	sglang-purenonsd	6	6	1785225357441680046	1785225371483578367	14.041898	0	200	/home/user/vllm/logs/speed_test/sglang-purenonsd_b128_speed_tp2/run1_sglang-purenonsd_6.json
1	sglang-purenonsd	7	7	1785225357442037435	1785225380043070892	22.601033	0	200	/home/user/vllm/logs/speed_test/sglang-purenonsd_b128_speed_tp2/run1_sglang-purenonsd_7.json
1	sglang-purenonsd	8	8	1785225357442437497	1785225372574726080	15.132289	0	200	/home/user/vllm/logs/speed_test/sglang-purenonsd_b128_speed_tp2/run1_sglang-purenonsd_8.json
1	sglang-purenonsd	9	9	1785225357442699828	1785225375886838658	18.444139	0	200	/home/user/vllm/logs/speed_test/sglang-purenonsd_b128_speed_tp2/run1_sglang-purenonsd_9.json
1	sglang-purenonsd	10	10	1785225357443050752	1785225371483871342	14.040821	0	200	/home/user/vllm/logs/speed_test/sglang-purenonsd_b128_speed_tp2/run1_sglang-purenonsd_10.json
1	sglang-purenonsd	11	11	1785225357443270361	1785225371280678610	13.837408	0	200	/home/user/vllm/logs/speed_test/sglang-purenonsd_b128_speed_tp2/run1_sglang-purenonsd_11.json
1	sglang-purenonsd	12	12	1785225357443636023	1785225376522274761	19.078639	0	200	/home/user/vllm/logs/speed_test/sglang-purenonsd_b128_speed_tp2/run1_sglang-purenonsd_12.json
1	sglang-purenonsd	13	13	1785225357443942623	1785225370529661894	13.085719	0	200	/home/user/vllm/logs/speed_test/sglang-purenonsd_b128_speed_tp2/run1_sglang-purenonsd_13.json
1	sglang-purenonsd	14	14	1785225357444306750	1785225378524217495	21.079911	0	200	/home/user/vllm/logs/speed_test/sglang-purenonsd_b128_speed_tp2/run1_sglang-purenonsd_14.json
1	sglang-purenonsd	15	15	1785225357444651585	1785225371326672635	13.882021	0	200	/home/user/vllm/logs/speed_test/sglang-purenonsd_b128_speed_tp2/run1_sglang-purenonsd_15.json
1	sglang-purenonsd	16	16	1785225357444951112	1785225374530153753	17.085203	0	200	/home/user/vllm/logs/speed_test/sglang-purenonsd_b128_speed_tp2/run1_sglang-purenonsd_16.json
1	sglang-purenonsd	17	17	1785225357445246306	1785225370118866960	12.673621	0	200	/home/user/vllm/logs/speed_test/sglang-purenonsd_b128_speed_tp2/run1_sglang-purenonsd_17.json
1	sglang-purenonsd	18	18	1785225357445733505	1785225381285185924	23.839452	0	200	/home/user/vllm/logs/speed_test/sglang-purenonsd_b128_speed_tp2/run1_sglang-purenonsd_18.json
1	sglang-purenonsd	19	19	1785225357445977125	1785225374581145942	17.135169	0	200	/home/user/vllm/logs/speed_test/sglang-purenonsd_b128_speed_tp2/run1_sglang-purenonsd_19.json
1	sglang-purenonsd	20	20	1785225357446331039	1785225376492138631	19.045808	0	200	/home/user/vllm/logs/speed_test/sglang-purenonsd_b128_speed_tp2/run1_sglang-purenonsd_20.json
1	sglang-purenonsd	21	21	1785225357446759208	1785225374630010732	17.183252	0	200	/home/user/vllm/logs/speed_test/sglang-purenonsd_b128_speed_tp2/run1_sglang-purenonsd_21.json
1	sglang-purenonsd	22	22	1785225357446936111	1785225378158756510	20.711820	0	200	/home/user/vllm/logs/speed_test/sglang-purenonsd_b128_speed_tp2/run1_sglang-purenonsd_22.json
1	sglang-purenonsd	23	23	1785225357446932097	1785225376170387534	18.723455	0	200	/home/user/vllm/logs/speed_test/sglang-purenonsd_b128_speed_tp2/run1_sglang-purenonsd_23.json
1	sglang-purenonsd	24	24	1785225357447643076	1785225377922696745	20.475054	0	200	/home/user/vllm/logs/speed_test/sglang-purenonsd_b128_speed_tp2/run1_sglang-purenonsd_24.json
1	sglang-purenonsd	25	25	1785225357448003766	1785225378222640125	20.774636	0	200	/home/user/vllm/logs/speed_test/sglang-purenonsd_b128_speed_tp2/run1_sglang-purenonsd_25.json
1	sglang-purenonsd	26	26	1785225357448301460	1785225381283062419	23.834761	0	200	/home/user/vllm/logs/speed_test/sglang-purenonsd_b128_speed_tp2/run1_sglang-purenonsd_26.json
1	sglang-purenonsd	27	27	1785225357448538299	1785225369480805070	12.032267	0	200	/home/user/vllm/logs/speed_test/sglang-purenonsd_b128_speed_tp2/run1_sglang-purenonsd_27.json
1	sglang-purenonsd	28	28	1785225357448743809	1785225369433069359	11.984326	0	200	/home/user/vllm/logs/speed_test/sglang-purenonsd_b128_speed_tp2/run1_sglang-purenonsd_28.json
1	sglang-purenonsd	29	29	1785225357449248872	1785225373655961870	16.206713	0	200	/home/user/vllm/logs/speed_test/sglang-purenonsd_b128_speed_tp2/run1_sglang-purenonsd_29.json
1	sglang-purenonsd	30	30	1785225357449716912	1785225381285212512	23.835496	0	200	/home/user/vllm/logs/speed_test/sglang-purenonsd_b128_speed_tp2/run1_sglang-purenonsd_30.json
1	sglang-purenonsd	31	31	1785225357449974476	1785225377858084887	20.408110	0	200	/home/user/vllm/logs/speed_test/sglang-purenonsd_b128_speed_tp2/run1_sglang-purenonsd_31.json
1	sglang-purenonsd	32	32	1785225357450329324	1785225373887956874	16.437628	0	200	/home/user/vllm/logs/speed_test/sglang-purenonsd_b128_speed_tp2/run1_sglang-purenonsd_32.json
1	sglang-purenonsd	33	33	1785225357450670634	1785225371080078571	13.629408	0	200	/home/user/vllm/logs/speed_test/sglang-purenonsd_b128_speed_tp2/run1_sglang-purenonsd_33.json
1	sglang-purenonsd	34	34	1785225357450909782	1785225372674914929	15.224005	0	200	/home/user/vllm/logs/speed_test/sglang-purenonsd_b128_speed_tp2/run1_sglang-purenonsd_34.json
1	sglang-purenonsd	35	35	1785225357451350908	1785225371926809597	14.475459	0	200	/home/user/vllm/logs/speed_test/sglang-purenonsd_b128_speed_tp2/run1_sglang-purenonsd_35.json
1	sglang-purenonsd	36	36	1785225357451607608	1785225368080629365	10.629022	0	200	/home/user/vllm/logs/speed_test/sglang-purenonsd_b128_speed_tp2/run1_sglang-purenonsd_36.json
1	sglang-purenonsd	37	37	1785225357452044837	1785225372178736165	14.726691	0	200	/home/user/vllm/logs/speed_test/sglang-purenonsd_b128_speed_tp2/run1_sglang-purenonsd_37.json
1	sglang-purenonsd	38	38	1785225357452460832	1785225374330697235	16.878236	0	200	/home/user/vllm/logs/speed_test/sglang-purenonsd_b128_speed_tp2/run1_sglang-purenonsd_38.json
1	sglang-purenonsd	39	39	1785225357452667726	1785225376699995012	19.247327	0	200	/home/user/vllm/logs/speed_test/sglang-purenonsd_b128_speed_tp2/run1_sglang-purenonsd_39.json
1	sglang-purenonsd	40	40	1785225357452978337	1785225366800699769	9.347721	0	200	/home/user/vllm/logs/speed_test/sglang-purenonsd_b128_speed_tp2/run1_sglang-purenonsd_40.json
1	sglang-purenonsd	41	41	1785225357453354822	1785225375733251050	18.279896	0	200	/home/user/vllm/logs/speed_test/sglang-purenonsd_b128_speed_tp2/run1_sglang-purenonsd_41.json
1	sglang-purenonsd	42	42	1785225357453721989	1785225373740462224	16.286740	0	200	/home/user/vllm/logs/speed_test/sglang-purenonsd_b128_speed_tp2/run1_sglang-purenonsd_42.json
1	sglang-purenonsd	43	43	1785225357454151860	1785225372228639618	14.774488	0	200	/home/user/vllm/logs/speed_test/sglang-purenonsd_b128_speed_tp2/run1_sglang-purenonsd_43.json
1	sglang-purenonsd	44	44	1785225357454392457	1785225380793462830	23.339070	0	200	/home/user/vllm/logs/speed_test/sglang-purenonsd_b128_speed_tp2/run1_sglang-purenonsd_44.json
1	sglang-purenonsd	45	45	1785225357454809541	1785225376274851454	18.820042	0	200	/home/user/vllm/logs/speed_test/sglang-purenonsd_b128_speed_tp2/run1_sglang-purenonsd_45.json
1	sglang-purenonsd	46	46	1785225357455042818	1785225369621593023	12.166550	0	200	/home/user/vllm/logs/speed_test/sglang-purenonsd_b128_speed_tp2/run1_sglang-purenonsd_46.json
1	sglang-purenonsd	47	47	1785225357455387350	1785225375686253509	18.230866	0	200	/home/user/vllm/logs/speed_test/sglang-purenonsd_b128_speed_tp2/run1_sglang-purenonsd_47.json
1	sglang-purenonsd	48	48	1785225357455905758	1785225374241629847	16.785724	0	200	/home/user/vllm/logs/speed_test/sglang-purenonsd_b128_speed_tp2/run1_sglang-purenonsd_48.json
1	sglang-purenonsd	49	49	1785225357456159440	1785225372777595466	15.321436	0	200	/home/user/vllm/logs/speed_test/sglang-purenonsd_b128_speed_tp2/run1_sglang-purenonsd_49.json
1	sglang-purenonsd	50	50	1785225357456571985	1785225381284105336	23.827533	0	200	/home/user/vllm/logs/speed_test/sglang-purenonsd_b128_speed_tp2/run1_sglang-purenonsd_50.json
1	sglang-purenonsd	51	51	1785225357457045975	1785225376032707666	18.575662	0	200	/home/user/vllm/logs/speed_test/sglang-purenonsd_b128_speed_tp2/run1_sglang-purenonsd_51.json
1	sglang-purenonsd	52	52	1785225357457279180	1785225365960397486	8.503118	0	200	/home/user/vllm/logs/speed_test/sglang-purenonsd_b128_speed_tp2/run1_sglang-purenonsd_52.json
1	sglang-purenonsd	53	53	1785225357458148178	1785225369820701818	12.362554	0	200	/home/user/vllm/logs/speed_test/sglang-purenonsd_b128_speed_tp2/run1_sglang-purenonsd_53.json
1	sglang-purenonsd	54	54	1785225357457966838	1785225381285264442	23.827298	0	200	/home/user/vllm/logs/speed_test/sglang-purenonsd_b128_speed_tp2/run1_sglang-purenonsd_54.json
1	sglang-purenonsd	55	55	1785225357458308819	1785225381285392497	23.827084	0	200	/home/user/vllm/logs/speed_test/sglang-purenonsd_b128_speed_tp2/run1_sglang-purenonsd_55.json
1	sglang-purenonsd	56	56	1785225357458700369	1785225381284273237	23.825573	0	200	/home/user/vllm/logs/speed_test/sglang-purenonsd_b128_speed_tp2/run1_sglang-purenonsd_56.json
1	sglang-purenonsd	57	57	1785225357459020092	1785225373585418449	16.126398	0	200	/home/user/vllm/logs/speed_test/sglang-purenonsd_b128_speed_tp2/run1_sglang-purenonsd_57.json
1	sglang-purenonsd	58	58	1785225357459150473	1785225374827873975	17.368724	0	200	/home/user/vllm/logs/speed_test/sglang-purenonsd_b128_speed_tp2/run1_sglang-purenonsd_58.json
1	sglang-purenonsd	59	59	1785225357459856024	1785225369385202449	11.925346	0	200	/home/user/vllm/logs/speed_test/sglang-purenonsd_b128_speed_tp2/run1_sglang-purenonsd_59.json
1	sglang-purenonsd	60	60	1785225357460212688	1785225377860650842	20.400438	0	200	/home/user/vllm/logs/speed_test/sglang-purenonsd_b128_speed_tp2/run1_sglang-purenonsd_60.json
1	sglang-purenonsd	61	61	1785225357460506092	1785225370422540915	12.962035	0	200	/home/user/vllm/logs/speed_test/sglang-purenonsd_b128_speed_tp2/run1_sglang-purenonsd_61.json
1	sglang-purenonsd	62	62	1785225357461104334	1785225378288802568	20.827698	0	200	/home/user/vllm/logs/speed_test/sglang-purenonsd_b128_speed_tp2/run1_sglang-purenonsd_62.json
1	sglang-purenonsd	63	63	1785225357461315269	1785225376103434027	18.642119	0	200	/home/user/vllm/logs/speed_test/sglang-purenonsd_b128_speed_tp2/run1_sglang-purenonsd_63.json
1	sglang-purenonsd	64	64	1785225357461718422	1785225381283133310	23.821415	0	200	/home/user/vllm/logs/speed_test/sglang-purenonsd_b128_speed_tp2/run1_sglang-purenonsd_64.json
1	sglang-purenonsd	65	65	1785225357462085476	1785225377436260113	19.974175	0	200	/home/user/vllm/logs/speed_test/sglang-purenonsd_b128_speed_tp2/run1_sglang-purenonsd_65.json
1	sglang-purenonsd	66	66	1785225357462450249	1785225381283062354	23.820612	0	200	/home/user/vllm/logs/speed_test/sglang-purenonsd_b128_speed_tp2/run1_sglang-purenonsd_66.json
1	sglang-purenonsd	67	67	1785225357462909305	1785225373476978595	16.014069	0	200	/home/user/vllm/logs/speed_test/sglang-purenonsd_b128_speed_tp2/run1_sglang-purenonsd_67.json
1	sglang-purenonsd	68	68	1785225357463196776	1785225369434196561	11.971000	0	200	/home/user/vllm/logs/speed_test/sglang-purenonsd_b128_speed_tp2/run1_sglang-purenonsd_68.json
1	sglang-purenonsd	69	69	1785225357463606397	1785225373029566629	15.565960	0	200	/home/user/vllm/logs/speed_test/sglang-purenonsd_b128_speed_tp2/run1_sglang-purenonsd_69.json
1	sglang-purenonsd	70	70	1785225357463956711	1785225381285133553	23.821177	0	200	/home/user/vllm/logs/speed_test/sglang-purenonsd_b128_speed_tp2/run1_sglang-purenonsd_70.json
1	sglang-purenonsd	71	71	1785225357464385481	1785225377609215471	20.144830	0	200	/home/user/vllm/logs/speed_test/sglang-purenonsd_b128_speed_tp2/run1_sglang-purenonsd_71.json
1	sglang-purenonsd	72	72	1785225357464779899	1785225376074973466	18.610194	0	200	/home/user/vllm/logs/speed_test/sglang-purenonsd_b128_speed_tp2/run1_sglang-purenonsd_72.json
1	sglang-purenonsd	73	73	1785225357465214376	1785225370828696014	13.363482	0	200	/home/user/vllm/logs/speed_test/sglang-purenonsd_b128_speed_tp2/run1_sglang-purenonsd_73.json
1	sglang-purenonsd	74	74	1785225357465508192	1785225371678630568	14.213122	0	200	/home/user/vllm/logs/speed_test/sglang-purenonsd_b128_speed_tp2/run1_sglang-purenonsd_74.json
1	sglang-purenonsd	75	75	1785225357466096423	1785225368903988940	11.437893	0	200	/home/user/vllm/logs/speed_test/sglang-purenonsd_b128_speed_tp2/run1_sglang-purenonsd_75.json
1	sglang-purenonsd	76	76	1785225357465982295	1785225379754981515	22.288999	0	200	/home/user/vllm/logs/speed_test/sglang-purenonsd_b128_speed_tp2/run1_sglang-purenonsd_76.json
1	sglang-purenonsd	77	77	1785225357466780039	1785225381284275141	23.817495	0	200	/home/user/vllm/logs/speed_test/sglang-purenonsd_b128_speed_tp2/run1_sglang-purenonsd_77.json
1	sglang-purenonsd	78	78	1785225357466950334	1785225374243019572	16.776069	0	200	/home/user/vllm/logs/speed_test/sglang-purenonsd_b128_speed_tp2/run1_sglang-purenonsd_78.json
1	sglang-purenonsd	79	79	1785225357467491649	1785225380404250330	22.936759	0	200	/home/user/vllm/logs/speed_test/sglang-purenonsd_b128_speed_tp2/run1_sglang-purenonsd_79.json
1	sglang-purenonsd	80	80	1785225357467778678	1785225381284023150	23.816244	0	200	/home/user/vllm/logs/speed_test/sglang-purenonsd_b128_speed_tp2/run1_sglang-purenonsd_80.json
1	sglang-purenonsd	81	81	1785225357468250850	1785225380018615863	22.550365	0	200	/home/user/vllm/logs/speed_test/sglang-purenonsd_b128_speed_tp2/run1_sglang-purenonsd_81.json
1	sglang-purenonsd	82	82	1785225357468489497	1785225375278559009	17.810070	0	200	/home/user/vllm/logs/speed_test/sglang-purenonsd_b128_speed_tp2/run1_sglang-purenonsd_82.json
1	sglang-purenonsd	83	83	1785225357468963774	1785225375840261401	18.371298	0	200	/home/user/vllm/logs/speed_test/sglang-purenonsd_b128_speed_tp2/run1_sglang-purenonsd_83.json
1	sglang-purenonsd	84	84	1785225357469385032	1785225378989494978	21.520110	0	200	/home/user/vllm/logs/speed_test/sglang-purenonsd_b128_speed_tp2/run1_sglang-purenonsd_84.json
1	sglang-purenonsd	85	85	1785225357469722436	1785225377580087417	20.110365	0	200	/home/user/vllm/logs/speed_test/sglang-purenonsd_b128_speed_tp2/run1_sglang-purenonsd_85.json
1	sglang-purenonsd	86	86	1785225357470208263	1785225373740799036	16.270591	0	200	/home/user/vllm/logs/speed_test/sglang-purenonsd_b128_speed_tp2/run1_sglang-purenonsd_86.json
1	sglang-purenonsd	87	87	1785225357470612919	1785225377889888376	20.419275	0	200	/home/user/vllm/logs/speed_test/sglang-purenonsd_b128_speed_tp2/run1_sglang-purenonsd_87.json
1	sglang-purenonsd	88	88	1785225357470951351	1785225381283600528	23.812649	0	200	/home/user/vllm/logs/speed_test/sglang-purenonsd_b128_speed_tp2/run1_sglang-purenonsd_88.json
1	sglang-purenonsd	89	89	1785225357471356117	1785225381284597617	23.813242	0	200	/home/user/vllm/logs/speed_test/sglang-purenonsd_b128_speed_tp2/run1_sglang-purenonsd_89.json
1	sglang-purenonsd	90	90	1785225357471753630	1785225381284532274	23.812779	0	200	/home/user/vllm/logs/speed_test/sglang-purenonsd_b128_speed_tp2/run1_sglang-purenonsd_90.json
1	sglang-purenonsd	91	91	1785225357472272979	1785225374281614604	16.809342	0	200	/home/user/vllm/logs/speed_test/sglang-purenonsd_b128_speed_tp2/run1_sglang-purenonsd_91.json
1	sglang-purenonsd	92	92	1785225357472534576	1785225370277158824	12.804624	0	200	/home/user/vllm/logs/speed_test/sglang-purenonsd_b128_speed_tp2/run1_sglang-purenonsd_92.json
1	sglang-purenonsd	93	93	1785225357472983348	1785225376311041109	18.838058	0	200	/home/user/vllm/logs/speed_test/sglang-purenonsd_b128_speed_tp2/run1_sglang-purenonsd_93.json
1	sglang-purenonsd	94	94	1785225357473466568	1785225371080262347	13.606796	0	200	/home/user/vllm/logs/speed_test/sglang-purenonsd_b128_speed_tp2/run1_sglang-purenonsd_94.json
1	sglang-purenonsd	95	95	1785225357473924119	1785225368954725533	11.480801	0	200	/home/user/vllm/logs/speed_test/sglang-purenonsd_b128_speed_tp2/run1_sglang-purenonsd_95.json
1	sglang-purenonsd	96	96	1785225357474112024	1785225370277695512	12.803583	0	200	/home/user/vllm/logs/speed_test/sglang-purenonsd_b128_speed_tp2/run1_sglang-purenonsd_96.json
1	sglang-purenonsd	97	97	1785225357474718016	1785225377860546268	20.385828	0	200	/home/user/vllm/logs/speed_test/sglang-purenonsd_b128_speed_tp2/run1_sglang-purenonsd_97.json
1	sglang-purenonsd	98	98	1785225357475118173	1785225370980461177	13.505343	0	200	/home/user/vllm/logs/speed_test/sglang-purenonsd_b128_speed_tp2/run1_sglang-purenonsd_98.json
1	sglang-purenonsd	99	99	1785225357475410057	1785225371580868565	14.105459	0	200	/home/user/vllm/logs/speed_test/sglang-purenonsd_b128_speed_tp2/run1_sglang-purenonsd_99.json
1	sglang-purenonsd	100	100	1785225357475789298	1785225368128263541	10.652474	0	200	/home/user/vllm/logs/speed_test/sglang-purenonsd_b128_speed_tp2/run1_sglang-purenonsd_100.json
1	sglang-purenonsd	101	101	1785225357476202208	1785225381284778991	23.808577	0	200	/home/user/vllm/logs/speed_test/sglang-purenonsd_b128_speed_tp2/run1_sglang-purenonsd_101.json
1	sglang-purenonsd	102	102	1785225357476661873	1785225381289651977	23.812990	0	200	/home/user/vllm/logs/speed_test/sglang-purenonsd_b128_speed_tp2/run1_sglang-purenonsd_102.json
1	sglang-purenonsd	103	103	1785225357477092999	1785225369921344210	12.444251	0	200	/home/user/vllm/logs/speed_test/sglang-purenonsd_b128_speed_tp2/run1_sglang-purenonsd_103.json
1	sglang-purenonsd	104	104	1785225357477477229	1785225380324613335	22.847136	0	200	/home/user/vllm/logs/speed_test/sglang-purenonsd_b128_speed_tp2/run1_sglang-purenonsd_104.json
1	sglang-purenonsd	105	105	1785225357477865673	1785225377860890890	20.383025	0	200	/home/user/vllm/logs/speed_test/sglang-purenonsd_b128_speed_tp2/run1_sglang-purenonsd_105.json
1	sglang-purenonsd	106	106	1785225357478201562	1785225369481612232	12.003411	0	200	/home/user/vllm/logs/speed_test/sglang-purenonsd_b128_speed_tp2/run1_sglang-purenonsd_106.json
1	sglang-purenonsd	107	107	1785225357478868415	1785225380265302007	22.786434	0	200	/home/user/vllm/logs/speed_test/sglang-purenonsd_b128_speed_tp2/run1_sglang-purenonsd_107.json
1	sglang-purenonsd	108	108	1785225357479080715	1785225381289237469	23.810157	0	200	/home/user/vllm/logs/speed_test/sglang-purenonsd_b128_speed_tp2/run1_sglang-purenonsd_108.json
1	sglang-purenonsd	109	109	1785225357479524478	1785225375126995332	17.647471	0	200	/home/user/vllm/logs/speed_test/sglang-purenonsd_b128_speed_tp2/run1_sglang-purenonsd_109.json
1	sglang-purenonsd	110	110	1785225357479939736	1785225380322498371	22.842559	0	200	/home/user/vllm/logs/speed_test/sglang-purenonsd_b128_speed_tp2/run1_sglang-purenonsd_110.json
1	sglang-purenonsd	111	111	1785225357480370801	1785225381289730874	23.809360	0	200	/home/user/vllm/logs/speed_test/sglang-purenonsd_b128_speed_tp2/run1_sglang-purenonsd_111.json
1	sglang-purenonsd	112	112	1785225357480843208	1785225367799024323	10.318181	0	200	/home/user/vllm/logs/speed_test/sglang-purenonsd_b128_speed_tp2/run1_sglang-purenonsd_112.json
1	sglang-purenonsd	113	113	1785225357481275223	1785225371380414915	13.899140	0	200	/home/user/vllm/logs/speed_test/sglang-purenonsd_b128_speed_tp2/run1_sglang-purenonsd_113.json
1	sglang-purenonsd	114	114	1785225357481687442	1785225381289063442	23.807376	0	200	/home/user/vllm/logs/speed_test/sglang-purenonsd_b128_speed_tp2/run1_sglang-purenonsd_114.json
1	sglang-purenonsd	115	115	1785225357482169404	1785225380350981864	22.868812	0	200	/home/user/vllm/logs/speed_test/sglang-purenonsd_b128_speed_tp2/run1_sglang-purenonsd_115.json
1	sglang-purenonsd	116	116	1785225357482534013	1785225381289007266	23.806473	0	200	/home/user/vllm/logs/speed_test/sglang-purenonsd_b128_speed_tp2/run1_sglang-purenonsd_116.json
1	sglang-purenonsd	117	117	1785225357482878298	1785225376491172366	19.008294	0	200	/home/user/vllm/logs/speed_test/sglang-purenonsd_b128_speed_tp2/run1_sglang-purenonsd_117.json
1	sglang-purenonsd	118	118	1785225357483365775	1785225379792370881	22.309005	0	200	/home/user/vllm/logs/speed_test/sglang-purenonsd_b128_speed_tp2/run1_sglang-purenonsd_118.json
1	sglang-purenonsd	119	119	1785225357483867879	1785225371279455570	13.795588	0	200	/home/user/vllm/logs/speed_test/sglang-purenonsd_b128_speed_tp2/run1_sglang-purenonsd_119.json
1	sglang-purenonsd	120	120	1785225357484147419	1785225376490916758	19.006769	0	200	/home/user/vllm/logs/speed_test/sglang-purenonsd_b128_speed_tp2/run1_sglang-purenonsd_120.json
1	sglang-purenonsd	121	121	1785225357484641131	1785225380018542448	22.533901	0	200	/home/user/vllm/logs/speed_test/sglang-purenonsd_b128_speed_tp2/run1_sglang-purenonsd_121.json
1	sglang-purenonsd	122	122	1785225357485040279	1785225370736345860	13.251306	0	200	/home/user/vllm/logs/speed_test/sglang-purenonsd_b128_speed_tp2/run1_sglang-purenonsd_122.json
1	sglang-purenonsd	123	123	1785225357485392598	1785225377993283948	20.507891	0	200	/home/user/vllm/logs/speed_test/sglang-purenonsd_b128_speed_tp2/run1_sglang-purenonsd_123.json
1	sglang-purenonsd	124	124	1785225357485844547	1785225376628594110	19.142750	0	200	/home/user/vllm/logs/speed_test/sglang-purenonsd_b128_speed_tp2/run1_sglang-purenonsd_124.json
1	sglang-purenonsd	125	125	1785225357486316520	1785225373583804571	16.097488	0	200	/home/user/vllm/logs/speed_test/sglang-purenonsd_b128_speed_tp2/run1_sglang-purenonsd_125.json
1	sglang-purenonsd	126	126	1785225357486622474	1785225381289450891	23.802828	0	200	/home/user/vllm/logs/speed_test/sglang-purenonsd_b128_speed_tp2/run1_sglang-purenonsd_126.json
1	sglang-purenonsd	127	127	1785225357487060368	1785225381289663993	23.802604	0	200	/home/user/vllm/logs/speed_test/sglang-purenonsd_b128_speed_tp2/run1_sglang-purenonsd_127.json
2	sglang-purenonsd	0	0	1785225438588767063	1785225452535000514	13.946233	0	200	/home/user/vllm/logs/speed_test/sglang-purenonsd_b128_speed_tp2/run2_sglang-purenonsd_0.json
2	sglang-purenonsd	1	1	1785225438589290521	1785225456420238580	17.830948	0	200	/home/user/vllm/logs/speed_test/sglang-purenonsd_b128_speed_tp2/run2_sglang-purenonsd_1.json
2	sglang-purenonsd	2	2	1785225438589650960	1785225454464777113	15.875126	0	200	/home/user/vllm/logs/speed_test/sglang-purenonsd_b128_speed_tp2/run2_sglang-purenonsd_2.json
2	sglang-purenonsd	3	3	1785225438589907172	1785225450890864880	12.300958	0	200	/home/user/vllm/logs/speed_test/sglang-purenonsd_b128_speed_tp2/run2_sglang-purenonsd_3.json
2	sglang-purenonsd	4	4	1785225438590319860	1785225443502092223	4.911772	0	200	/home/user/vllm/logs/speed_test/sglang-purenonsd_b128_speed_tp2/run2_sglang-purenonsd_4.json
2	sglang-purenonsd	5	5	1785225438590731377	1785225453168634637	14.577903	0	200	/home/user/vllm/logs/speed_test/sglang-purenonsd_b128_speed_tp2/run2_sglang-purenonsd_5.json
2	sglang-purenonsd	6	6	1785225438591051142	1785225450162900704	11.571850	0	200	/home/user/vllm/logs/speed_test/sglang-purenonsd_b128_speed_tp2/run2_sglang-purenonsd_6.json
2	sglang-purenonsd	7	7	1785225438591466598	1785225459910959085	21.319492	0	200	/home/user/vllm/logs/speed_test/sglang-purenonsd_b128_speed_tp2/run2_sglang-purenonsd_7.json
2	sglang-purenonsd	8	8	1785225438591970846	1785225451228846185	12.636875	0	200	/home/user/vllm/logs/speed_test/sglang-purenonsd_b128_speed_tp2/run2_sglang-purenonsd_8.json
2	sglang-purenonsd	9	9	1785225438592316852	1785225454429034465	15.836718	0	200	/home/user/vllm/logs/speed_test/sglang-purenonsd_b128_speed_tp2/run2_sglang-purenonsd_9.json
2	sglang-purenonsd	10	10	1785225438592280995	1785225450163162053	11.570881	0	200	/home/user/vllm/logs/speed_test/sglang-purenonsd_b128_speed_tp2/run2_sglang-purenonsd_10.json
2	sglang-purenonsd	11	11	1785225438593155932	1785225449970339225	11.377183	0	200	/home/user/vllm/logs/speed_test/sglang-purenonsd_b128_speed_tp2/run2_sglang-purenonsd_11.json
2	sglang-purenonsd	12	12	1785225438593552998	1785225455062650544	16.469098	0	200	/home/user/vllm/logs/speed_test/sglang-purenonsd_b128_speed_tp2/run2_sglang-purenonsd_12.json
2	sglang-purenonsd	13	13	1785225438594062283	1785225449236003713	10.641941	0	200	/home/user/vllm/logs/speed_test/sglang-purenonsd_b128_speed_tp2/run2_sglang-purenonsd_13.json
2	sglang-purenonsd	14	14	1785225438594645211	1785225457069132398	18.474487	0	200	/home/user/vllm/logs/speed_test/sglang-purenonsd_b128_speed_tp2/run2_sglang-purenonsd_14.json
2	sglang-purenonsd	15	15	1785225438594884663	1785225450018320233	11.423436	0	200	/home/user/vllm/logs/speed_test/sglang-purenonsd_b128_speed_tp2/run2_sglang-purenonsd_15.json
2	sglang-purenonsd	16	16	1785225438595261157	1785225453112363003	14.517102	0	200	/home/user/vllm/logs/speed_test/sglang-purenonsd_b128_speed_tp2/run2_sglang-purenonsd_16.json
2	sglang-purenonsd	17	17	1785225438595739310	1785225448848599460	10.252860	0	200	/home/user/vllm/logs/speed_test/sglang-purenonsd_b128_speed_tp2/run2_sglang-purenonsd_17.json
2	sglang-purenonsd	18	18	1785225438596395804	1785225459910566188	21.314170	0	200	/home/user/vllm/logs/speed_test/sglang-purenonsd_b128_speed_tp2/run2_sglang-purenonsd_18.json
2	sglang-purenonsd	19	19	1785225438596650893	1785225453167742628	14.571092	0	200	/home/user/vllm/logs/speed_test/sglang-purenonsd_b128_speed_tp2/run2_sglang-purenonsd_19.json
2	sglang-purenonsd	20	20	1785225438597051383	1785225455031999235	16.434948	0	200	/home/user/vllm/logs/speed_test/sglang-purenonsd_b128_speed_tp2/run2_sglang-purenonsd_20.json
2	sglang-purenonsd	21	21	1785225438597367811	1785225453213051151	14.615683	0	200	/home/user/vllm/logs/speed_test/sglang-purenonsd_b128_speed_tp2/run2_sglang-purenonsd_21.json
2	sglang-purenonsd	22	22	1785225438597785591	1785225456932667702	18.334882	0	200	/home/user/vllm/logs/speed_test/sglang-purenonsd_b128_speed_tp2/run2_sglang-purenonsd_22.json
2	sglang-purenonsd	23	23	1785225438598180335	1785225454726164689	16.127984	0	200	/home/user/vllm/logs/speed_test/sglang-purenonsd_b128_speed_tp2/run2_sglang-purenonsd_23.json
2	sglang-purenonsd	24	24	1785225438598371769	1785225456446090758	17.847719	0	200	/home/user/vllm/logs/speed_test/sglang-purenonsd_b128_speed_tp2/run2_sglang-purenonsd_24.json
2	sglang-purenonsd	25	25	1785225438598834630	1785225456763073784	18.164239	0	200	/home/user/vllm/logs/speed_test/sglang-purenonsd_b128_speed_tp2/run2_sglang-purenonsd_25.json
2	sglang-purenonsd	26	26	1785225438599037560	1785225459910589047	21.311551	0	200	/home/user/vllm/logs/speed_test/sglang-purenonsd_b128_speed_tp2/run2_sglang-purenonsd_26.json
2	sglang-purenonsd	27	27	1785225438599471015	1785225448216132944	9.616662	0	200	/home/user/vllm/logs/speed_test/sglang-purenonsd_b128_speed_tp2/run2_sglang-purenonsd_27.json
2	sglang-purenonsd	28	28	1785225438599913784	1785225448165343847	9.565430	0	200	/home/user/vllm/logs/speed_test/sglang-purenonsd_b128_speed_tp2/run2_sglang-purenonsd_28.json
2	sglang-purenonsd	29	29	1785225438600201642	1785225452264662563	13.664461	0	200	/home/user/vllm/logs/speed_test/sglang-purenonsd_b128_speed_tp2/run2_sglang-purenonsd_29.json
2	sglang-purenonsd	30	30	1785225438600673431	1785225459910952396	21.310279	0	200	/home/user/vllm/logs/speed_test/sglang-purenonsd_b128_speed_tp2/run2_sglang-purenonsd_30.json
2	sglang-purenonsd	31	31	1785225438601128620	1785225456480279028	17.879150	0	200	/home/user/vllm/logs/speed_test/sglang-purenonsd_b128_speed_tp2/run2_sglang-purenonsd_31.json
2	sglang-purenonsd	32	32	1785225438601539906	1785225452488167001	13.886627	0	200	/home/user/vllm/logs/speed_test/sglang-purenonsd_b128_speed_tp2/run2_sglang-purenonsd_32.json
2	sglang-purenonsd	33	33	1785225438601931558	1785225449773546153	11.171615	0	200	/home/user/vllm/logs/speed_test/sglang-purenonsd_b128_speed_tp2/run2_sglang-purenonsd_33.json
2	sglang-purenonsd	34	34	1785225438602210316	1785225451324112521	12.721902	0	200	/home/user/vllm/logs/speed_test/sglang-purenonsd_b128_speed_tp2/run2_sglang-purenonsd_34.json
2	sglang-purenonsd	35	35	1785225438602392957	1785225450598158538	11.995766	0	200	/home/user/vllm/logs/speed_test/sglang-purenonsd_b128_speed_tp2/run2_sglang-purenonsd_35.json
2	sglang-purenonsd	36	36	1785225438602866968	1785225446800566995	8.197700	0	200	/home/user/vllm/logs/speed_test/sglang-purenonsd_b128_speed_tp2/run2_sglang-purenonsd_36.json
2	sglang-purenonsd	37	37	1785225438603494503	1785225450839765092	12.236271	0	200	/home/user/vllm/logs/speed_test/sglang-purenonsd_b128_speed_tp2/run2_sglang-purenonsd_37.json
2	sglang-purenonsd	38	38	1785225438603816176	1785225452914792565	14.310976	0	200	/home/user/vllm/logs/speed_test/sglang-purenonsd_b128_speed_tp2/run2_sglang-purenonsd_38.json
2	sglang-purenonsd	39	39	1785225438604255576	1785225455237483715	16.633228	0	200	/home/user/vllm/logs/speed_test/sglang-purenonsd_b128_speed_tp2/run2_sglang-purenonsd_39.json
2	sglang-purenonsd	40	40	1785225438604614272	1785225445498431416	6.893817	0	200	/home/user/vllm/logs/speed_test/sglang-purenonsd_b128_speed_tp2/run2_sglang-purenonsd_40.json
2	sglang-purenonsd	41	41	1785225438605046074	1785225454310204730	15.705159	0	200	/home/user/vllm/logs/speed_test/sglang-purenonsd_b128_speed_tp2/run2_sglang-purenonsd_41.json
2	sglang-purenonsd	42	42	1785225438605507147	1785225452348818530	13.743311	0	200	/home/user/vllm/logs/speed_test/sglang-purenonsd_b128_speed_tp2/run2_sglang-purenonsd_42.json
2	sglang-purenonsd	43	43	1785225438605873746	1785225450891190695	12.285317	0	200	/home/user/vllm/logs/speed_test/sglang-purenonsd_b128_speed_tp2/run2_sglang-purenonsd_43.json
2	sglang-purenonsd	44	44	1785225438606306642	1785225459397503071	20.791196	0	200	/home/user/vllm/logs/speed_test/sglang-purenonsd_b128_speed_tp2/run2_sglang-purenonsd_44.json
2	sglang-purenonsd	45	45	1785225438606715076	1785225454820587019	16.213872	0	200	/home/user/vllm/logs/speed_test/sglang-purenonsd_b128_speed_tp2/run2_sglang-purenonsd_45.json
2	sglang-purenonsd	46	46	1785225438607168774	1785225448358519504	9.751351	0	200	/home/user/vllm/logs/speed_test/sglang-purenonsd_b128_speed_tp2/run2_sglang-purenonsd_46.json
2	sglang-purenonsd	47	47	1785225438607561336	1785225454265487716	15.657926	0	200	/home/user/vllm/logs/speed_test/sglang-purenonsd_b128_speed_tp2/run2_sglang-purenonsd_47.json
2	sglang-purenonsd	48	48	1785225438607986067	1785225452821419349	14.213433	0	200	/home/user/vllm/logs/speed_test/sglang-purenonsd_b128_speed_tp2/run2_sglang-purenonsd_48.json
2	sglang-purenonsd	49	49	1785225438608412255	1785225451422710908	12.814299	0	200	/home/user/vllm/logs/speed_test/sglang-purenonsd_b128_speed_tp2/run2_sglang-purenonsd_49.json
2	sglang-purenonsd	50	50	1785225438608868920	1785225459910722154	21.301853	0	200	/home/user/vllm/logs/speed_test/sglang-purenonsd_b128_speed_tp2/run2_sglang-purenonsd_50.json
2	sglang-purenonsd	51	51	1785225438609362151	1785225454574472783	15.965111	0	200	/home/user/vllm/logs/speed_test/sglang-purenonsd_b128_speed_tp2/run2_sglang-purenonsd_51.json
2	sglang-purenonsd	52	52	1785225438609779137	1785225444622655301	6.012876	0	200	/home/user/vllm/logs/speed_test/sglang-purenonsd_b128_speed_tp2/run2_sglang-purenonsd_52.json
2	sglang-purenonsd	53	53	1785225438610211947	1785225448554650673	9.944439	0	200	/home/user/vllm/logs/speed_test/sglang-purenonsd_b128_speed_tp2/run2_sglang-purenonsd_53.json
2	sglang-purenonsd	54	54	1785225438610596153	1785225459910651792	21.300056	0	200	/home/user/vllm/logs/speed_test/sglang-purenonsd_b128_speed_tp2/run2_sglang-purenonsd_54.json
2	sglang-purenonsd	55	55	1785225438610972665	1785225459909552154	21.298579	0	200	/home/user/vllm/logs/speed_test/sglang-purenonsd_b128_speed_tp2/run2_sglang-purenonsd_55.json
2	sglang-purenonsd	56	56	1785225438611399203	1785225459910362243	21.298963	0	200	/home/user/vllm/logs/speed_test/sglang-purenonsd_b128_speed_tp2/run2_sglang-purenonsd_56.json
2	sglang-purenonsd	57	57	1785225438611676021	1785225452197877630	13.586202	0	200	/home/user/vllm/logs/speed_test/sglang-purenonsd_b128_speed_tp2/run2_sglang-purenonsd_57.json
2	sglang-purenonsd	58	58	1785225438612136922	1785225453408104214	14.795967	0	200	/home/user/vllm/logs/speed_test/sglang-purenonsd_b128_speed_tp2/run2_sglang-purenonsd_58.json
2	sglang-purenonsd	59	59	1785225438612710423	1785225448120727952	9.508018	0	200	/home/user/vllm/logs/speed_test/sglang-purenonsd_b128_speed_tp2/run2_sglang-purenonsd_59.json
2	sglang-purenonsd	60	60	1785225438612711332	1785225456376775872	17.764065	0	200	/home/user/vllm/logs/speed_test/sglang-purenonsd_b128_speed_tp2/run2_sglang-purenonsd_60.json
2	sglang-purenonsd	61	61	1785225438613345408	1785225449140862818	10.527517	0	200	/home/user/vllm/logs/speed_test/sglang-purenonsd_b128_speed_tp2/run2_sglang-purenonsd_61.json
2	sglang-purenonsd	62	62	1785225438613977178	1785225456763242377	18.149265	0	200	/home/user/vllm/logs/speed_test/sglang-purenonsd_b128_speed_tp2/run2_sglang-purenonsd_62.json
2	sglang-purenonsd	63	63	1785225438614212534	1785225454642854437	16.028642	0	200	/home/user/vllm/logs/speed_test/sglang-purenonsd_b128_speed_tp2/run2_sglang-purenonsd_63.json
2	sglang-purenonsd	64	64	1785225438614885777	1785225459909183538	21.294298	0	200	/home/user/vllm/logs/speed_test/sglang-purenonsd_b128_speed_tp2/run2_sglang-purenonsd_64.json
2	sglang-purenonsd	65	65	1785225438614973375	1785225456421165221	17.806192	0	200	/home/user/vllm/logs/speed_test/sglang-purenonsd_b128_speed_tp2/run2_sglang-purenonsd_65.json
2	sglang-purenonsd	66	66	1785225438615617553	1785225459910725841	21.295108	0	200	/home/user/vllm/logs/speed_test/sglang-purenonsd_b128_speed_tp2/run2_sglang-purenonsd_66.json
2	sglang-purenonsd	67	67	1785225438615934575	1785225452098642718	13.482708	0	200	/home/user/vllm/logs/speed_test/sglang-purenonsd_b128_speed_tp2/run2_sglang-purenonsd_67.json
2	sglang-purenonsd	68	68	1785225438616229545	1785225448164565646	9.548336	0	200	/home/user/vllm/logs/speed_test/sglang-purenonsd_b128_speed_tp2/run2_sglang-purenonsd_68.json
2	sglang-purenonsd	69	69	1785225438616783163	1785225451666724984	13.049942	0	200	/home/user/vllm/logs/speed_test/sglang-purenonsd_b128_speed_tp2/run2_sglang-purenonsd_69.json
2	sglang-purenonsd	70	70	1785225438617098137	1785225459910797038	21.293699	0	200	/home/user/vllm/logs/speed_test/sglang-purenonsd_b128_speed_tp2/run2_sglang-purenonsd_70.json
2	sglang-purenonsd	71	71	1785225438617685648	1785225456654941959	18.037256	0	200	/home/user/vllm/logs/speed_test/sglang-purenonsd_b128_speed_tp2/run2_sglang-purenonsd_71.json
2	sglang-purenonsd	72	72	1785225438618080001	1785225454621166294	16.003086	0	200	/home/user/vllm/logs/speed_test/sglang-purenonsd_b128_speed_tp2/run2_sglang-purenonsd_72.json
2	sglang-purenonsd	73	73	1785225438618554739	1785225449535438750	10.916884	0	200	/home/user/vllm/logs/speed_test/sglang-purenonsd_b128_speed_tp2/run2_sglang-purenonsd_73.json
2	sglang-purenonsd	74	74	1785225438618909345	1785225450356325667	11.737416	0	200	/home/user/vllm/logs/speed_test/sglang-purenonsd_b128_speed_tp2/run2_sglang-purenonsd_74.json
2	sglang-purenonsd	75	75	1785225438619317284	1785225447628914341	9.009597	0	200	/home/user/vllm/logs/speed_test/sglang-purenonsd_b128_speed_tp2/run2_sglang-purenonsd_75.json
2	sglang-purenonsd	76	76	1785225438619726064	1785225458345250530	19.725524	0	200	/home/user/vllm/logs/speed_test/sglang-purenonsd_b128_speed_tp2/run2_sglang-purenonsd_76.json
2	sglang-purenonsd	77	77	1785225438620330103	1785225459911672981	21.291343	0	200	/home/user/vllm/logs/speed_test/sglang-purenonsd_b128_speed_tp2/run2_sglang-purenonsd_77.json
2	sglang-purenonsd	78	78	1785225438620322468	1785225452821364160	14.201042	0	200	/home/user/vllm/logs/speed_test/sglang-purenonsd_b128_speed_tp2/run2_sglang-purenonsd_78.json
2	sglang-purenonsd	79	79	1785225438621064609	1785225459117711869	20.496647	0	200	/home/user/vllm/logs/speed_test/sglang-purenonsd_b128_speed_tp2/run2_sglang-purenonsd_79.json
2	sglang-purenonsd	80	80	1785225438621394329	1785225459908221782	21.286827	0	200	/home/user/vllm/logs/speed_test/sglang-purenonsd_b128_speed_tp2/run2_sglang-purenonsd_80.json
2	sglang-purenonsd	81	81	1785225438621867173	1785225458606662268	19.984795	0	200	/home/user/vllm/logs/speed_test/sglang-purenonsd_b128_speed_tp2/run2_sglang-purenonsd_81.json
2	sglang-purenonsd	82	82	1785225438622130219	1785225453876112608	15.253982	0	200	/home/user/vllm/logs/speed_test/sglang-purenonsd_b128_speed_tp2/run2_sglang-purenonsd_82.json
2	sglang-purenonsd	83	83	1785225438622524631	1785225454396240270	15.773716	0	200	/home/user/vllm/logs/speed_test/sglang-purenonsd_b128_speed_tp2/run2_sglang-purenonsd_83.json
2	sglang-purenonsd	84	84	1785225438623271409	1785225457554562926	18.931292	0	200	/home/user/vllm/logs/speed_test/sglang-purenonsd_b128_speed_tp2/run2_sglang-purenonsd_84.json
2	sglang-purenonsd	85	85	1785225438623550328	1785225456110520648	17.486970	0	200	/home/user/vllm/logs/speed_test/sglang-purenonsd_b128_speed_tp2/run2_sglang-purenonsd_85.json
2	sglang-purenonsd	86	86	1785225438624008549	1785225452347656840	13.723648	0	200	/home/user/vllm/logs/speed_test/sglang-purenonsd_b128_speed_tp2/run2_sglang-purenonsd_86.json
2	sglang-purenonsd	87	87	1785225438624409740	1785225456419856309	17.795447	0	200	/home/user/vllm/logs/speed_test/sglang-purenonsd_b128_speed_tp2/run2_sglang-purenonsd_87.json
2	sglang-purenonsd	88	88	1785225438624538348	1785225459910491865	21.285954	0	200	/home/user/vllm/logs/speed_test/sglang-purenonsd_b128_speed_tp2/run2_sglang-purenonsd_88.json
2	sglang-purenonsd	89	89	1785225438625283732	1785225459909045034	21.283761	0	200	/home/user/vllm/logs/speed_test/sglang-purenonsd_b128_speed_tp2/run2_sglang-purenonsd_89.json
2	sglang-purenonsd	90	90	1785225438625667618	1785225459680523540	21.054856	0	200	/home/user/vllm/logs/speed_test/sglang-purenonsd_b128_speed_tp2/run2_sglang-purenonsd_90.json
2	sglang-purenonsd	91	91	1785225438626111852	1785225452868452954	14.242341	0	200	/home/user/vllm/logs/speed_test/sglang-purenonsd_b128_speed_tp2/run2_sglang-purenonsd_91.json
2	sglang-purenonsd	92	92	1785225438626542029	1785225448996251779	10.369710	0	200	/home/user/vllm/logs/speed_test/sglang-purenonsd_b128_speed_tp2/run2_sglang-purenonsd_92.json
2	sglang-purenonsd	93	93	1785225438627012800	1785225454855250444	16.228238	0	200	/home/user/vllm/logs/speed_test/sglang-purenonsd_b128_speed_tp2/run2_sglang-purenonsd_93.json
2	sglang-purenonsd	94	94	1785225438627393718	1785225449773924398	11.146531	0	200	/home/user/vllm/logs/speed_test/sglang-purenonsd_b128_speed_tp2/run2_sglang-purenonsd_94.json
2	sglang-purenonsd	95	95	1785225438627771177	1785225447676880726	9.049110	0	200	/home/user/vllm/logs/speed_test/sglang-purenonsd_b128_speed_tp2/run2_sglang-purenonsd_95.json
2	sglang-purenonsd	96	96	1785225438628144152	1785225448997850136	10.369706	0	200	/home/user/vllm/logs/speed_test/sglang-purenonsd_b128_speed_tp2/run2_sglang-purenonsd_96.json
2	sglang-purenonsd	97	97	1785225438628717572	1785225456421308983	17.792591	0	200	/home/user/vllm/logs/speed_test/sglang-purenonsd_b128_speed_tp2/run2_sglang-purenonsd_97.json
2	sglang-purenonsd	98	98	1785225438629107546	1785225452728201426	14.099094	0	200	/home/user/vllm/logs/speed_test/sglang-purenonsd_b128_speed_tp2/run2_sglang-purenonsd_98.json
2	sglang-purenonsd	99	99	1785225438629579870	1785225449724917560	11.095338	0	200	/home/user/vllm/logs/speed_test/sglang-purenonsd_b128_speed_tp2/run2_sglang-purenonsd_99.json
2	sglang-purenonsd	100	100	1785225438629691836	1785225446850229882	8.220538	0	200	/home/user/vllm/logs/speed_test/sglang-purenonsd_b128_speed_tp2/run2_sglang-purenonsd_100.json
2	sglang-purenonsd	101	101	1785225438630373981	1785225459914793475	21.284419	0	200	/home/user/vllm/logs/speed_test/sglang-purenonsd_b128_speed_tp2/run2_sglang-purenonsd_101.json
2	sglang-purenonsd	102	102	1785225438630399972	1785225459909659236	21.279259	0	200	/home/user/vllm/logs/speed_test/sglang-purenonsd_b128_speed_tp2/run2_sglang-purenonsd_102.json
2	sglang-purenonsd	103	103	1785225438631214532	1785225448658164732	10.026950	0	200	/home/user/vllm/logs/speed_test/sglang-purenonsd_b128_speed_tp2/run2_sglang-purenonsd_103.json
2	sglang-purenonsd	104	104	1785225438631704789	1785225458464264043	19.832559	0	200	/home/user/vllm/logs/speed_test/sglang-purenonsd_b128_speed_tp2/run2_sglang-purenonsd_104.json
2	sglang-purenonsd	105	105	1785225438632107967	1785225456421807020	17.789699	0	200	/home/user/vllm/logs/speed_test/sglang-purenonsd_b128_speed_tp2/run2_sglang-purenonsd_105.json
2	sglang-purenonsd	106	106	1785225438632472793	1785225448217832774	9.585360	0	200	/home/user/vllm/logs/speed_test/sglang-purenonsd_b128_speed_tp2/run2_sglang-purenonsd_106.json
2	sglang-purenonsd	107	107	1785225438632955038	1785225458862718328	20.229763	0	200	/home/user/vllm/logs/speed_test/sglang-purenonsd_b128_speed_tp2/run2_sglang-purenonsd_107.json
2	sglang-purenonsd	108	108	1785225438633337087	1785225459912906262	21.279569	0	200	/home/user/vllm/logs/speed_test/sglang-purenonsd_b128_speed_tp2/run2_sglang-purenonsd_108.json
2	sglang-purenonsd	109	109	1785225438633736675	1785225453715523429	15.081787	0	200	/home/user/vllm/logs/speed_test/sglang-purenonsd_b128_speed_tp2/run2_sglang-purenonsd_109.json
2	sglang-purenonsd	110	110	1785225438634199126	1785225458917255319	20.283056	0	200	/home/user/vllm/logs/speed_test/sglang-purenonsd_b128_speed_tp2/run2_sglang-purenonsd_110.json
2	sglang-purenonsd	111	111	1785225438634750945	1785225459914443793	21.279693	0	200	/home/user/vllm/logs/speed_test/sglang-purenonsd_b128_speed_tp2/run2_sglang-purenonsd_111.json
2	sglang-purenonsd	112	112	1785225438635060869	1785225446508123693	7.873063	0	200	/home/user/vllm/logs/speed_test/sglang-purenonsd_b128_speed_tp2/run2_sglang-purenonsd_112.json
2	sglang-purenonsd	113	113	1785225438635586561	1785225450066044527	11.430458	0	200	/home/user/vllm/logs/speed_test/sglang-purenonsd_b128_speed_tp2/run2_sglang-purenonsd_113.json
2	sglang-purenonsd	114	114	1785225438635831569	1785225459914024592	21.278193	0	200	/home/user/vllm/logs/speed_test/sglang-purenonsd_b128_speed_tp2/run2_sglang-purenonsd_114.json
2	sglang-purenonsd	115	115	1785225438636165622	1785225458973926219	20.337761	0	200	/home/user/vllm/logs/speed_test/sglang-purenonsd_b128_speed_tp2/run2_sglang-purenonsd_115.json
2	sglang-purenonsd	116	116	1785225438636854373	1785225459914615860	21.277761	0	200	/home/user/vllm/logs/speed_test/sglang-purenonsd_b128_speed_tp2/run2_sglang-purenonsd_116.json
2	sglang-purenonsd	117	117	1785225438637041254	1785225455032374666	16.395333	0	200	/home/user/vllm/logs/speed_test/sglang-purenonsd_b128_speed_tp2/run2_sglang-purenonsd_117.json
2	sglang-purenonsd	118	118	1785225438637862639	1785225457829975503	19.192113	0	200	/home/user/vllm/logs/speed_test/sglang-purenonsd_b128_speed_tp2/run2_sglang-purenonsd_118.json
2	sglang-purenonsd	119	119	1785225438638166071	1785225449970377335	11.332211	0	200	/home/user/vllm/logs/speed_test/sglang-purenonsd_b128_speed_tp2/run2_sglang-purenonsd_119.json
2	sglang-purenonsd	120	120	1785225438638569656	1785225454855413622	16.216844	0	200	/home/user/vllm/logs/speed_test/sglang-purenonsd_b128_speed_tp2/run2_sglang-purenonsd_120.json
2	sglang-purenonsd	121	121	1785225438639051955	1785225458776517441	20.137465	0	200	/home/user/vllm/logs/speed_test/sglang-purenonsd_b128_speed_tp2/run2_sglang-purenonsd_121.json
2	sglang-purenonsd	122	122	1785225438639437313	1785225450112115241	11.472678	0	200	/home/user/vllm/logs/speed_test/sglang-purenonsd_b128_speed_tp2/run2_sglang-purenonsd_122.json
2	sglang-purenonsd	123	123	1785225438639900312	1785225451665811438	13.025911	0	200	/home/user/vllm/logs/speed_test/sglang-purenonsd_b128_speed_tp2/run2_sglang-purenonsd_123.json
2	sglang-purenonsd	124	124	1785225438640347039	1785225455549492804	16.909146	0	200	/home/user/vllm/logs/speed_test/sglang-purenonsd_b128_speed_tp2/run2_sglang-purenonsd_124.json
2	sglang-purenonsd	125	125	1785225438640903559	1785225452198682702	13.557779	0	200	/home/user/vllm/logs/speed_test/sglang-purenonsd_b128_speed_tp2/run2_sglang-purenonsd_125.json
2	sglang-purenonsd	126	126	1785225438641189528	1785225459913721077	21.272532	0	200	/home/user/vllm/logs/speed_test/sglang-purenonsd_b128_speed_tp2/run2_sglang-purenonsd_126.json
2	sglang-purenonsd	127	127	1785225438641481190	1785225459913167689	21.271686	0	200	/home/user/vllm/logs/speed_test/sglang-purenonsd_b128_speed_tp2/run2_sglang-purenonsd_127.json
3	sglang-purenonsd	0	0	1785225516808977316	1785225529949251292	13.140274	0	200	/home/user/vllm/logs/speed_test/sglang-purenonsd_b128_speed_tp2/run3_sglang-purenonsd_0.json
3	sglang-purenonsd	1	1	1785225516809201147	1785225533808081919	16.998881	0	200	/home/user/vllm/logs/speed_test/sglang-purenonsd_b128_speed_tp2/run3_sglang-purenonsd_1.json
3	sglang-purenonsd	2	2	1785225516809441500	1785225531831752732	15.022311	0	200	/home/user/vllm/logs/speed_test/sglang-purenonsd_b128_speed_tp2/run3_sglang-purenonsd_2.json
3	sglang-purenonsd	3	3	1785225516809746946	1785225528301042407	11.491295	0	200	/home/user/vllm/logs/speed_test/sglang-purenonsd_b128_speed_tp2/run3_sglang-purenonsd_3.json
3	sglang-purenonsd	4	4	1785225516810034506	1785225521702613076	4.892579	0	200	/home/user/vllm/logs/speed_test/sglang-purenonsd_b128_speed_tp2/run3_sglang-purenonsd_4.json
3	sglang-purenonsd	5	5	1785225516810330929	1785225530574756701	13.764426	0	200	/home/user/vllm/logs/speed_test/sglang-purenonsd_b128_speed_tp2/run3_sglang-purenonsd_5.json
3	sglang-purenonsd	6	6	1785225516811120963	1785225527597898644	10.786778	0	200	/home/user/vllm/logs/speed_test/sglang-purenonsd_b128_speed_tp2/run3_sglang-purenonsd_6.json
3	sglang-purenonsd	7	7	1785225516810849439	1785225537298748399	20.487899	0	200	/home/user/vllm/logs/speed_test/sglang-purenonsd_b128_speed_tp2/run3_sglang-purenonsd_7.json
3	sglang-purenonsd	8	8	1785225516811265703	1785225528635145151	11.823879	0	200	/home/user/vllm/logs/speed_test/sglang-purenonsd_b128_speed_tp2/run3_sglang-purenonsd_8.json
3	sglang-purenonsd	9	9	1785225516811463292	1785225531794727282	14.983264	0	200	/home/user/vllm/logs/speed_test/sglang-purenonsd_b128_speed_tp2/run3_sglang-purenonsd_9.json
3	sglang-purenonsd	10	10	1785225516811946433	1785225527597610209	10.785664	0	200	/home/user/vllm/logs/speed_test/sglang-purenonsd_b128_speed_tp2/run3_sglang-purenonsd_10.json
3	sglang-purenonsd	11	11	1785225516812195490	1785225527432485624	10.620290	0	200	/home/user/vllm/logs/speed_test/sglang-purenonsd_b128_speed_tp2/run3_sglang-purenonsd_11.json
3	sglang-purenonsd	12	12	1785225516812749068	1785225532430610539	15.617861	0	200	/home/user/vllm/logs/speed_test/sglang-purenonsd_b128_speed_tp2/run3_sglang-purenonsd_12.json
3	sglang-purenonsd	13	13	1785225516812795147	1785225526799197187	9.986402	0	200	/home/user/vllm/logs/speed_test/sglang-purenonsd_b128_speed_tp2/run3_sglang-purenonsd_13.json
3	sglang-purenonsd	14	14	1785225516813041474	1785225534469615137	17.656574	0	200	/home/user/vllm/logs/speed_test/sglang-purenonsd_b128_speed_tp2/run3_sglang-purenonsd_14.json
3	sglang-purenonsd	15	15	1785225516814574840	1785225527471906349	10.657332	0	200	/home/user/vllm/logs/speed_test/sglang-purenonsd_b128_speed_tp2/run3_sglang-purenonsd_15.json
3	sglang-purenonsd	16	16	1785225516814722635	1785225530526761024	13.712038	0	200	/home/user/vllm/logs/speed_test/sglang-purenonsd_b128_speed_tp2/run3_sglang-purenonsd_16.json
3	sglang-purenonsd	17	17	1785225516813902086	1785225526466770166	9.652868	0	200	/home/user/vllm/logs/speed_test/sglang-purenonsd_b128_speed_tp2/run3_sglang-purenonsd_17.json
3	sglang-purenonsd	18	18	1785225516814396621	1785225537298342954	20.483946	0	200	/home/user/vllm/logs/speed_test/sglang-purenonsd_b128_speed_tp2/run3_sglang-purenonsd_18.json
3	sglang-purenonsd	19	19	1785225516814483115	1785225530575837198	13.761354	0	200	/home/user/vllm/logs/speed_test/sglang-purenonsd_b128_speed_tp2/run3_sglang-purenonsd_19.json
3	sglang-purenonsd	20	20	1785225516814800297	1785225532398602000	15.583802	0	200	/home/user/vllm/logs/speed_test/sglang-purenonsd_b128_speed_tp2/run3_sglang-purenonsd_20.json
3	sglang-purenonsd	21	21	1785225516815121963	1785225530620453948	13.805332	0	200	/home/user/vllm/logs/speed_test/sglang-purenonsd_b128_speed_tp2/run3_sglang-purenonsd_21.json
3	sglang-purenonsd	22	22	1785225516815543908	1785225534320760038	17.505216	0	200	/home/user/vllm/logs/speed_test/sglang-purenonsd_b128_speed_tp2/run3_sglang-purenonsd_22.json
3	sglang-purenonsd	23	23	1785225516815671929	1785225532078420795	15.262749	0	200	/home/user/vllm/logs/speed_test/sglang-purenonsd_b128_speed_tp2/run3_sglang-purenonsd_23.json
3	sglang-purenonsd	24	24	1785225516816114308	1785225533833483857	17.017370	0	200	/home/user/vllm/logs/speed_test/sglang-purenonsd_b128_speed_tp2/run3_sglang-purenonsd_24.json
3	sglang-purenonsd	25	25	1785225516816323167	1785225534150642591	17.334319	0	200	/home/user/vllm/logs/speed_test/sglang-purenonsd_b128_speed_tp2/run3_sglang-purenonsd_25.json
3	sglang-purenonsd	26	26	1785225516816824964	1785225537297970806	20.481146	0	200	/home/user/vllm/logs/speed_test/sglang-purenonsd_b128_speed_tp2/run3_sglang-purenonsd_26.json
3	sglang-purenonsd	27	27	1785225516816919237	1785225525916523492	9.099604	0	200	/home/user/vllm/logs/speed_test/sglang-purenonsd_b128_speed_tp2/run3_sglang-purenonsd_27.json
3	sglang-purenonsd	28	28	1785225516817295836	1785225525873128122	9.055832	0	200	/home/user/vllm/logs/speed_test/sglang-purenonsd_b128_speed_tp2/run3_sglang-purenonsd_28.json
3	sglang-purenonsd	29	29	1785225516817510560	1785225529678802395	12.861292	0	200	/home/user/vllm/logs/speed_test/sglang-purenonsd_b128_speed_tp2/run3_sglang-purenonsd_29.json
3	sglang-purenonsd	30	30	1785225516817877911	1785225537298156291	20.480278	0	200	/home/user/vllm/logs/speed_test/sglang-purenonsd_b128_speed_tp2/run3_sglang-purenonsd_30.json
3	sglang-purenonsd	31	31	1785225516818179151	1785225533869401041	17.051222	0	200	/home/user/vllm/logs/speed_test/sglang-purenonsd_b128_speed_tp2/run3_sglang-purenonsd_31.json
3	sglang-purenonsd	32	32	1785225516818464843	1785225529896907828	13.078443	0	200	/home/user/vllm/logs/speed_test/sglang-purenonsd_b128_speed_tp2/run3_sglang-purenonsd_32.json
3	sglang-purenonsd	33	33	1785225516818761182	1785225527262675009	10.443914	0	200	/home/user/vllm/logs/speed_test/sglang-purenonsd_b128_speed_tp2/run3_sglang-purenonsd_33.json
3	sglang-purenonsd	34	34	1785225516819239284	1785225528734794811	11.915556	0	200	/home/user/vllm/logs/speed_test/sglang-purenonsd_b128_speed_tp2/run3_sglang-purenonsd_34.json
3	sglang-purenonsd	35	35	1785225516819357332	1785225527995360479	11.176003	0	200	/home/user/vllm/logs/speed_test/sglang-purenonsd_b128_speed_tp2/run3_sglang-purenonsd_35.json
3	sglang-purenonsd	36	36	1785225516819720212	1785225524696515967	7.876796	0	200	/home/user/vllm/logs/speed_test/sglang-purenonsd_b128_speed_tp2/run3_sglang-purenonsd_36.json
3	sglang-purenonsd	37	37	1785225516819963608	1785225528245278784	11.425315	0	200	/home/user/vllm/logs/speed_test/sglang-purenonsd_b128_speed_tp2/run3_sglang-purenonsd_37.json
3	sglang-purenonsd	38	38	1785225516820237844	1785225530328362465	13.508125	0	200	/home/user/vllm/logs/speed_test/sglang-purenonsd_b128_speed_tp2/run3_sglang-purenonsd_38.json
3	sglang-purenonsd	39	39	1785225516820569650	1785225532606745935	15.786176	0	200	/home/user/vllm/logs/speed_test/sglang-purenonsd_b128_speed_tp2/run3_sglang-purenonsd_39.json
3	sglang-purenonsd	40	40	1785225516820826603	1785225523570943821	6.750117	0	200	/home/user/vllm/logs/speed_test/sglang-purenonsd_b128_speed_tp2/run3_sglang-purenonsd_40.json
3	sglang-purenonsd	41	41	1785225516821181185	1785225531674957733	14.853777	0	200	/home/user/vllm/logs/speed_test/sglang-purenonsd_b128_speed_tp2/run3_sglang-purenonsd_41.json
3	sglang-purenonsd	42	42	1785225516821482063	1785225529753955116	12.932473	0	200	/home/user/vllm/logs/speed_test/sglang-purenonsd_b128_speed_tp2/run3_sglang-purenonsd_42.json
3	sglang-purenonsd	43	43	1785225516821864339	1785225528300358801	11.478494	0	200	/home/user/vllm/logs/speed_test/sglang-purenonsd_b128_speed_tp2/run3_sglang-purenonsd_43.json
3	sglang-purenonsd	44	44	1785225516822139785	1785225536794605284	19.972465	0	200	/home/user/vllm/logs/speed_test/sglang-purenonsd_b128_speed_tp2/run3_sglang-purenonsd_44.json
3	sglang-purenonsd	45	45	1785225516822504871	1785225532189248733	15.366744	0	200	/home/user/vllm/logs/speed_test/sglang-purenonsd_b128_speed_tp2/run3_sglang-purenonsd_45.json
3	sglang-purenonsd	46	46	1785225516822681182	1785225526041818334	9.219137	0	200	/home/user/vllm/logs/speed_test/sglang-purenonsd_b128_speed_tp2/run3_sglang-purenonsd_46.json
3	sglang-purenonsd	47	47	1785225516823214423	1785225531628904850	14.805690	0	200	/home/user/vllm/logs/speed_test/sglang-purenonsd_b128_speed_tp2/run3_sglang-purenonsd_47.json
3	sglang-purenonsd	48	48	1785225516823352515	1785225530239205023	13.415853	0	200	/home/user/vllm/logs/speed_test/sglang-purenonsd_b128_speed_tp2/run3_sglang-purenonsd_48.json
3	sglang-purenonsd	49	49	1785225516823696812	1785225528835226772	12.011530	0	200	/home/user/vllm/logs/speed_test/sglang-purenonsd_b128_speed_tp2/run3_sglang-purenonsd_49.json
3	sglang-purenonsd	50	50	1785225516823969544	1785225537298653673	20.474684	0	200	/home/user/vllm/logs/speed_test/sglang-purenonsd_b128_speed_tp2/run3_sglang-purenonsd_50.json
3	sglang-purenonsd	51	51	1785225516824401994	1785225531937131764	15.112730	0	200	/home/user/vllm/logs/speed_test/sglang-purenonsd_b128_speed_tp2/run3_sglang-purenonsd_51.json
3	sglang-purenonsd	52	52	1785225516824551236	1785225522820212615	5.995661	0	200	/home/user/vllm/logs/speed_test/sglang-purenonsd_b128_speed_tp2/run3_sglang-purenonsd_52.json
3	sglang-purenonsd	53	53	1785225516824952253	1785225526209248334	9.384296	0	200	/home/user/vllm/logs/speed_test/sglang-purenonsd_b128_speed_tp2/run3_sglang-purenonsd_53.json
3	sglang-purenonsd	54	54	1785225516825300148	1785225537297620838	20.472321	0	200	/home/user/vllm/logs/speed_test/sglang-purenonsd_b128_speed_tp2/run3_sglang-purenonsd_54.json
3	sglang-purenonsd	55	55	1785225516825493066	1785225537298805683	20.473313	0	200	/home/user/vllm/logs/speed_test/sglang-purenonsd_b128_speed_tp2/run3_sglang-purenonsd_55.json
3	sglang-purenonsd	56	56	1785225516825778075	1785225537298221530	20.472443	0	200	/home/user/vllm/logs/speed_test/sglang-purenonsd_b128_speed_tp2/run3_sglang-purenonsd_56.json
3	sglang-purenonsd	57	57	1785225516826093123	1785225529610042800	12.783950	0	200	/home/user/vllm/logs/speed_test/sglang-purenonsd_b128_speed_tp2/run3_sglang-purenonsd_57.json
3	sglang-purenonsd	58	58	1785225516826354640	1785225530811371019	13.985016	0	200	/home/user/vllm/logs/speed_test/sglang-purenonsd_b128_speed_tp2/run3_sglang-purenonsd_58.json
3	sglang-purenonsd	59	59	1785225516826616360	1785225525832593506	9.005977	0	200	/home/user/vllm/logs/speed_test/sglang-purenonsd_b128_speed_tp2/run3_sglang-purenonsd_59.json
3	sglang-purenonsd	60	60	1785225516826971049	1785225533766029948	16.939059	0	200	/home/user/vllm/logs/speed_test/sglang-purenonsd_b128_speed_tp2/run3_sglang-purenonsd_60.json
3	sglang-purenonsd	61	61	1785225516827194011	1785225526716440515	9.889247	0	200	/home/user/vllm/logs/speed_test/sglang-purenonsd_b128_speed_tp2/run3_sglang-purenonsd_61.json
3	sglang-purenonsd	62	62	1785225516827676771	1785225534150661014	17.322984	0	200	/home/user/vllm/logs/speed_test/sglang-purenonsd_b128_speed_tp2/run3_sglang-purenonsd_62.json
3	sglang-purenonsd	63	63	1785225516827871053	1785225532007017282	15.179146	0	200	/home/user/vllm/logs/speed_test/sglang-purenonsd_b128_speed_tp2/run3_sglang-purenonsd_63.json
3	sglang-purenonsd	64	64	1785225516828142699	1785225537297341419	20.469199	0	200	/home/user/vllm/logs/speed_test/sglang-purenonsd_b128_speed_tp2/run3_sglang-purenonsd_64.json
3	sglang-purenonsd	65	65	1785225516828491381	1785225533807032410	16.978541	0	200	/home/user/vllm/logs/speed_test/sglang-purenonsd_b128_speed_tp2/run3_sglang-purenonsd_65.json
3	sglang-purenonsd	66	66	1785225516828779264	1785225537298755487	20.469976	0	200	/home/user/vllm/logs/speed_test/sglang-purenonsd_b128_speed_tp2/run3_sglang-purenonsd_66.json
3	sglang-purenonsd	67	67	1785225516829031380	1785225529509614165	12.680583	0	200	/home/user/vllm/logs/speed_test/sglang-purenonsd_b128_speed_tp2/run3_sglang-purenonsd_67.json
3	sglang-purenonsd	68	68	1785225516829406039	1785225525873374982	9.043969	0	200	/home/user/vllm/logs/speed_test/sglang-purenonsd_b128_speed_tp2/run3_sglang-purenonsd_68.json
3	sglang-purenonsd	69	69	1785225516829682027	1785225529077408324	12.247726	0	200	/home/user/vllm/logs/speed_test/sglang-purenonsd_b128_speed_tp2/run3_sglang-purenonsd_69.json
3	sglang-purenonsd	70	70	1785225516830037700	1785225537298495282	20.468458	0	200	/home/user/vllm/logs/speed_test/sglang-purenonsd_b128_speed_tp2/run3_sglang-purenonsd_70.json
3	sglang-purenonsd	71	71	1785225516830368830	1785225534042450729	17.212082	0	200	/home/user/vllm/logs/speed_test/sglang-purenonsd_b128_speed_tp2/run3_sglang-purenonsd_71.json
3	sglang-purenonsd	72	72	1785225516830536834	1785225531980292140	15.149755	0	200	/home/user/vllm/logs/speed_test/sglang-purenonsd_b128_speed_tp2/run3_sglang-purenonsd_72.json
3	sglang-purenonsd	73	73	1785225516830939400	1785225527058102382	10.227163	0	200	/home/user/vllm/logs/speed_test/sglang-purenonsd_b128_speed_tp2/run3_sglang-purenonsd_73.json
3	sglang-purenonsd	74	74	1785225516831265582	1785225527765481326	10.934216	0	200	/home/user/vllm/logs/speed_test/sglang-purenonsd_b128_speed_tp2/run3_sglang-purenonsd_74.json
3	sglang-purenonsd	75	75	1785225516831466205	1785225525413100484	8.581634	0	200	/home/user/vllm/logs/speed_test/sglang-purenonsd_b128_speed_tp2/run3_sglang-purenonsd_75.json
3	sglang-purenonsd	76	76	1785225516831943241	1785225535736162498	18.904219	0	200	/home/user/vllm/logs/speed_test/sglang-purenonsd_b128_speed_tp2/run3_sglang-purenonsd_76.json
3	sglang-purenonsd	77	77	1785225516832124654	1785225537298005439	20.465881	0	200	/home/user/vllm/logs/speed_test/sglang-purenonsd_b128_speed_tp2/run3_sglang-purenonsd_77.json
3	sglang-purenonsd	78	78	1785225516832468856	1785225530240070228	13.407601	0	200	/home/user/vllm/logs/speed_test/sglang-purenonsd_b128_speed_tp2/run3_sglang-purenonsd_78.json
3	sglang-purenonsd	79	79	1785225516832699531	1785225536396906639	19.564207	0	200	/home/user/vllm/logs/speed_test/sglang-purenonsd_b128_speed_tp2/run3_sglang-purenonsd_79.json
3	sglang-purenonsd	80	80	1785225516833052215	1785225537298230163	20.465178	0	200	/home/user/vllm/logs/speed_test/sglang-purenonsd_b128_speed_tp2/run3_sglang-purenonsd_80.json
3	sglang-purenonsd	81	81	1785225516833302270	1785225536004647493	19.171345	0	200	/home/user/vllm/logs/speed_test/sglang-purenonsd_b128_speed_tp2/run3_sglang-purenonsd_81.json
3	sglang-purenonsd	82	82	1785225516833674302	1785225531241537397	14.407863	0	200	/home/user/vllm/logs/speed_test/sglang-purenonsd_b128_speed_tp2/run3_sglang-purenonsd_82.json
3	sglang-purenonsd	83	83	1785225516833934994	1785225531757696110	14.923761	0	200	/home/user/vllm/logs/speed_test/sglang-purenonsd_b128_speed_tp2/run3_sglang-purenonsd_83.json
3	sglang-purenonsd	84	84	1785225516834228367	1785225534942787681	18.108559	0	200	/home/user/vllm/logs/speed_test/sglang-purenonsd_b128_speed_tp2/run3_sglang-purenonsd_84.json
3	sglang-purenonsd	85	85	1785225516834485704	1785225533485205449	16.650720	0	200	/home/user/vllm/logs/speed_test/sglang-purenonsd_b128_speed_tp2/run3_sglang-purenonsd_85.json
3	sglang-purenonsd	86	86	1785225516834873438	1785225529756485878	12.921612	0	200	/home/user/vllm/logs/speed_test/sglang-purenonsd_b128_speed_tp2/run3_sglang-purenonsd_86.json
3	sglang-purenonsd	87	87	1785225516835108481	1785225533807181649	16.972073	0	200	/home/user/vllm/logs/speed_test/sglang-purenonsd_b128_speed_tp2/run3_sglang-purenonsd_87.json
3	sglang-purenonsd	88	88	1785225516835459081	1785225537297620890	20.462162	0	200	/home/user/vllm/logs/speed_test/sglang-purenonsd_b128_speed_tp2/run3_sglang-purenonsd_88.json
3	sglang-purenonsd	89	89	1785225516835789895	1785225537298094334	20.462304	0	200	/home/user/vllm/logs/speed_test/sglang-purenonsd_b128_speed_tp2/run3_sglang-purenonsd_89.json
3	sglang-purenonsd	90	90	1785225516835978508	1785225536961653375	20.125675	0	200	/home/user/vllm/logs/speed_test/sglang-purenonsd_b128_speed_tp2/run3_sglang-purenonsd_90.json
3	sglang-purenonsd	91	91	1785225516836265514	1785225530283157279	13.446892	0	200	/home/user/vllm/logs/speed_test/sglang-purenonsd_b128_speed_tp2/run3_sglang-purenonsd_91.json
3	sglang-purenonsd	92	92	1785225516836616460	1785225526594427610	9.757811	0	200	/home/user/vllm/logs/speed_test/sglang-purenonsd_b128_speed_tp2/run3_sglang-purenonsd_92.json
3	sglang-purenonsd	93	93	1785225516836966144	1785225532221266572	15.384300	0	200	/home/user/vllm/logs/speed_test/sglang-purenonsd_b128_speed_tp2/run3_sglang-purenonsd_93.json
3	sglang-purenonsd	94	94	1785225516837131168	1785225527263710457	10.426579	0	200	/home/user/vllm/logs/speed_test/sglang-purenonsd_b128_speed_tp2/run3_sglang-purenonsd_94.json
3	sglang-purenonsd	95	95	1785225516837558077	1785225525452386785	8.614829	0	200	/home/user/vllm/logs/speed_test/sglang-purenonsd_b128_speed_tp2/run3_sglang-purenonsd_95.json
3	sglang-purenonsd	96	96	1785225516837867673	1785225526594918651	9.757051	0	200	/home/user/vllm/logs/speed_test/sglang-purenonsd_b128_speed_tp2/run3_sglang-purenonsd_96.json
3	sglang-purenonsd	97	97	1785225516838065396	1785225533806850711	16.968785	0	200	/home/user/vllm/logs/speed_test/sglang-purenonsd_b128_speed_tp2/run3_sglang-purenonsd_97.json
3	sglang-purenonsd	98	98	1785225516838433748	1785225530138370386	13.299937	0	200	/home/user/vllm/logs/speed_test/sglang-purenonsd_b128_speed_tp2/run3_sglang-purenonsd_98.json
3	sglang-purenonsd	99	99	1785225516838847143	1785225527224742641	10.385895	0	200	/home/user/vllm/logs/speed_test/sglang-purenonsd_b128_speed_tp2/run3_sglang-purenonsd_99.json
3	sglang-purenonsd	100	100	1785225516839142093	1785225524742104382	7.902962	0	200	/home/user/vllm/logs/speed_test/sglang-purenonsd_b128_speed_tp2/run3_sglang-purenonsd_100.json
3	sglang-purenonsd	101	101	1785225516839383485	1785225537298163018	20.458780	0	200	/home/user/vllm/logs/speed_test/sglang-purenonsd_b128_speed_tp2/run3_sglang-purenonsd_101.json
3	sglang-purenonsd	102	102	1785225516839654437	1785225537302175842	20.462521	0	200	/home/user/vllm/logs/speed_test/sglang-purenonsd_b128_speed_tp2/run3_sglang-purenonsd_102.json
3	sglang-purenonsd	103	103	1785225516839992427	1785225526293692734	9.453700	0	200	/home/user/vllm/logs/speed_test/sglang-purenonsd_b128_speed_tp2/run3_sglang-purenonsd_103.json
3	sglang-purenonsd	104	104	1785225516840282978	1785225535858501516	19.018219	0	200	/home/user/vllm/logs/speed_test/sglang-purenonsd_b128_speed_tp2/run3_sglang-purenonsd_104.json
3	sglang-purenonsd	105	105	1785225516840630920	1785225533808630957	16.968000	0	200	/home/user/vllm/logs/speed_test/sglang-purenonsd_b128_speed_tp2/run3_sglang-purenonsd_105.json
3	sglang-purenonsd	106	106	1785225516840876727	1785225525915339552	9.074463	0	200	/home/user/vllm/logs/speed_test/sglang-purenonsd_b128_speed_tp2/run3_sglang-purenonsd_106.json
3	sglang-purenonsd	107	107	1785225516841269853	1785225536256425034	19.415155	0	200	/home/user/vllm/logs/speed_test/sglang-purenonsd_b128_speed_tp2/run3_sglang-purenonsd_107.json
3	sglang-purenonsd	108	108	1785225516841491154	1785225537302446644	20.460955	0	200	/home/user/vllm/logs/speed_test/sglang-purenonsd_b128_speed_tp2/run3_sglang-purenonsd_108.json
3	sglang-purenonsd	109	109	1785225516841850210	1785225531098624533	14.256774	0	200	/home/user/vllm/logs/speed_test/sglang-purenonsd_b128_speed_tp2/run3_sglang-purenonsd_109.json
3	sglang-purenonsd	110	110	1785225516842119941	1785225536311443295	19.469323	0	200	/home/user/vllm/logs/speed_test/sglang-purenonsd_b128_speed_tp2/run3_sglang-purenonsd_110.json
3	sglang-purenonsd	111	111	1785225516842387415	1785225537300861535	20.458474	0	200	/home/user/vllm/logs/speed_test/sglang-purenonsd_b128_speed_tp2/run3_sglang-purenonsd_111.json
3	sglang-purenonsd	112	112	1785225516842697234	1785225524444588129	7.601891	0	200	/home/user/vllm/logs/speed_test/sglang-purenonsd_b128_speed_tp2/run3_sglang-purenonsd_112.json
3	sglang-purenonsd	113	113	1785225516843058356	1785225527513221368	10.670163	0	200	/home/user/vllm/logs/speed_test/sglang-purenonsd_b128_speed_tp2/run3_sglang-purenonsd_113.json
3	sglang-purenonsd	114	114	1785225516843320762	1785225537301637131	20.458316	0	200	/home/user/vllm/logs/speed_test/sglang-purenonsd_b128_speed_tp2/run3_sglang-purenonsd_114.json
3	sglang-purenonsd	115	115	1785225516843554962	1785225536057299111	19.213744	0	200	/home/user/vllm/logs/speed_test/sglang-purenonsd_b128_speed_tp2/run3_sglang-purenonsd_115.json
3	sglang-purenonsd	116	116	1785225516843919501	1785225537302023577	20.458104	0	200	/home/user/vllm/logs/speed_test/sglang-purenonsd_b128_speed_tp2/run3_sglang-purenonsd_116.json
3	sglang-purenonsd	117	117	1785225516844434154	1785225532398769213	15.554335	0	200	/home/user/vllm/logs/speed_test/sglang-purenonsd_b128_speed_tp2/run3_sglang-purenonsd_117.json
3	sglang-purenonsd	118	118	1785225516844588377	1785225535765566168	18.920978	0	200	/home/user/vllm/logs/speed_test/sglang-purenonsd_b128_speed_tp2/run3_sglang-purenonsd_118.json
3	sglang-purenonsd	119	119	1785225516844799730	1785225527432376812	10.587577	0	200	/home/user/vllm/logs/speed_test/sglang-purenonsd_b128_speed_tp2/run3_sglang-purenonsd_119.json
3	sglang-purenonsd	120	120	1785225516845222679	1785225532221483808	15.376261	0	200	/home/user/vllm/logs/speed_test/sglang-purenonsd_b128_speed_tp2/run3_sglang-purenonsd_120.json
3	sglang-purenonsd	121	121	1785225516845546349	1785225536170203478	19.324657	0	200	/home/user/vllm/logs/speed_test/sglang-purenonsd_b128_speed_tp2/run3_sglang-purenonsd_121.json
3	sglang-purenonsd	122	122	1785225516845767568	1785225527555459305	10.709692	0	200	/home/user/vllm/logs/speed_test/sglang-purenonsd_b128_speed_tp2/run3_sglang-purenonsd_122.json
3	sglang-purenonsd	123	123	1785225516846065036	1785225529075220758	12.229156	0	200	/home/user/vllm/logs/speed_test/sglang-purenonsd_b128_speed_tp2/run3_sglang-purenonsd_123.json
3	sglang-purenonsd	124	124	1785225516846360943	1785225532925954446	16.079594	0	200	/home/user/vllm/logs/speed_test/sglang-purenonsd_b128_speed_tp2/run3_sglang-purenonsd_124.json
3	sglang-purenonsd	125	125	1785225516846762466	1785225529610135374	12.763373	0	200	/home/user/vllm/logs/speed_test/sglang-purenonsd_b128_speed_tp2/run3_sglang-purenonsd_125.json
3	sglang-purenonsd	126	126	1785225516846974040	1785225537302251374	20.455277	0	200	/home/user/vllm/logs/speed_test/sglang-purenonsd_b128_speed_tp2/run3_sglang-purenonsd_126.json
3	sglang-purenonsd	127	127	1785225516847247663	1785225537301849207	20.454602	0	200	/home/user/vllm/logs/speed_test/sglang-purenonsd_b128_speed_tp2/run3_sglang-purenonsd_127.json
4	sglang-purenonsd	0	0	1785225594539000396	1785225607628431658	13.089431	0	200	/home/user/vllm/logs/speed_test/sglang-purenonsd_b128_speed_tp2/run4_sglang-purenonsd_0.json
4	sglang-purenonsd	1	1	1785225594539246265	1785225611089708510	16.550462	0	200	/home/user/vllm/logs/speed_test/sglang-purenonsd_b128_speed_tp2/run4_sglang-purenonsd_1.json
4	sglang-purenonsd	2	2	1785225594539523220	1785225609284136258	14.744613	0	200	/home/user/vllm/logs/speed_test/sglang-purenonsd_b128_speed_tp2/run4_sglang-purenonsd_2.json
4	sglang-purenonsd	3	3	1785225594539823277	1785225606183485599	11.643662	0	200	/home/user/vllm/logs/speed_test/sglang-purenonsd_b128_speed_tp2/run4_sglang-purenonsd_3.json
4	sglang-purenonsd	4	4	1785225594540152753	1785225599552656229	5.012503	0	200	/home/user/vllm/logs/speed_test/sglang-purenonsd_b128_speed_tp2/run4_sglang-purenonsd_4.json
4	sglang-purenonsd	5	5	1785225594540460947	1785225608176983876	13.636523	0	200	/home/user/vllm/logs/speed_test/sglang-purenonsd_b128_speed_tp2/run4_sglang-purenonsd_5.json
4	sglang-purenonsd	6	6	1785225594540794747	1785225605542291139	11.001496	0	200	/home/user/vllm/logs/speed_test/sglang-purenonsd_b128_speed_tp2/run4_sglang-purenonsd_6.json
4	sglang-purenonsd	7	7	1785225594541368420	1785225614601520823	20.060152	0	200	/home/user/vllm/logs/speed_test/sglang-purenonsd_b128_speed_tp2/run4_sglang-purenonsd_7.json
4	sglang-purenonsd	8	8	1785225594541398507	1785225606478769041	11.937371	0	200	/home/user/vllm/logs/speed_test/sglang-purenonsd_b128_speed_tp2/run4_sglang-purenonsd_8.json
4	sglang-purenonsd	9	9	1785225594541922700	1785225609254974055	14.713051	0	200	/home/user/vllm/logs/speed_test/sglang-purenonsd_b128_speed_tp2/run4_sglang-purenonsd_9.json
4	sglang-purenonsd	10	10	1785225594542006820	1785225605542126617	11.000120	0	200	/home/user/vllm/logs/speed_test/sglang-purenonsd_b128_speed_tp2/run4_sglang-purenonsd_10.json
4	sglang-purenonsd	11	11	1785225594542515100	1785225605374655032	10.832140	0	200	/home/user/vllm/logs/speed_test/sglang-purenonsd_b128_speed_tp2/run4_sglang-purenonsd_11.json
4	sglang-purenonsd	12	12	1785225594542614524	1785225609826923519	15.284309	0	200	/home/user/vllm/logs/speed_test/sglang-purenonsd_b128_speed_tp2/run4_sglang-purenonsd_12.json
4	sglang-purenonsd	13	13	1785225594543047047	1785225604733797957	10.190751	0	200	/home/user/vllm/logs/speed_test/sglang-purenonsd_b128_speed_tp2/run4_sglang-purenonsd_13.json
4	sglang-purenonsd	14	14	1785225594543258131	1785225611753209045	17.209951	0	200	/home/user/vllm/logs/speed_test/sglang-purenonsd_b128_speed_tp2/run4_sglang-purenonsd_14.json
4	sglang-purenonsd	15	15	1785225594544478239	1785225605411968785	10.867491	0	200	/home/user/vllm/logs/speed_test/sglang-purenonsd_b128_speed_tp2/run4_sglang-purenonsd_15.json
4	sglang-purenonsd	16	16	1785225594544062820	1785225608133883411	13.589821	0	200	/home/user/vllm/logs/speed_test/sglang-purenonsd_b128_speed_tp2/run4_sglang-purenonsd_16.json
4	sglang-purenonsd	17	17	1785225594544233032	1785225604385420494	9.841187	0	200	/home/user/vllm/logs/speed_test/sglang-purenonsd_b128_speed_tp2/run4_sglang-purenonsd_17.json
4	sglang-purenonsd	18	18	1785225594544651404	1785225614601843267	20.057192	0	200	/home/user/vllm/logs/speed_test/sglang-purenonsd_b128_speed_tp2/run4_sglang-purenonsd_18.json
4	sglang-purenonsd	19	19	1785225594544878804	1785225608177353887	13.632475	0	200	/home/user/vllm/logs/speed_test/sglang-purenonsd_b128_speed_tp2/run4_sglang-purenonsd_19.json
4	sglang-purenonsd	20	20	1785225594545168636	1785225609796227550	15.251059	0	200	/home/user/vllm/logs/speed_test/sglang-purenonsd_b128_speed_tp2/run4_sglang-purenonsd_20.json
4	sglang-purenonsd	21	21	1785225594545438839	1785225608221630756	13.676192	0	200	/home/user/vllm/logs/speed_test/sglang-purenonsd_b128_speed_tp2/run4_sglang-purenonsd_21.json
4	sglang-purenonsd	22	22	1785225594545713226	1785225611612865211	17.067152	0	200	/home/user/vllm/logs/speed_test/sglang-purenonsd_b128_speed_tp2/run4_sglang-purenonsd_22.json
4	sglang-purenonsd	23	23	1785225594546116599	1785225609514299764	14.968183	0	200	/home/user/vllm/logs/speed_test/sglang-purenonsd_b128_speed_tp2/run4_sglang-purenonsd_23.json
4	sglang-purenonsd	24	24	1785225594546700820	1785225611120234286	16.573533	0	200	/home/user/vllm/logs/speed_test/sglang-purenonsd_b128_speed_tp2/run4_sglang-purenonsd_24.json
4	sglang-purenonsd	25	25	1785225594546857419	1785225611444312366	16.897455	0	200	/home/user/vllm/logs/speed_test/sglang-purenonsd_b128_speed_tp2/run4_sglang-purenonsd_25.json
4	sglang-purenonsd	26	26	1785225594547188756	1785225614601441445	20.054253	0	200	/home/user/vllm/logs/speed_test/sglang-purenonsd_b128_speed_tp2/run4_sglang-purenonsd_26.json
4	sglang-purenonsd	27	27	1785225594547363111	1785225603836716233	9.289353	0	200	/home/user/vllm/logs/speed_test/sglang-purenonsd_b128_speed_tp2/run4_sglang-purenonsd_27.json
4	sglang-purenonsd	28	28	1785225594547853847	1785225603791499987	9.243646	0	200	/home/user/vllm/logs/speed_test/sglang-purenonsd_b128_speed_tp2/run4_sglang-purenonsd_28.json
4	sglang-purenonsd	29	29	1785225594548208672	1785225607385307573	12.837099	0	200	/home/user/vllm/logs/speed_test/sglang-purenonsd_b128_speed_tp2/run4_sglang-purenonsd_29.json
4	sglang-purenonsd	30	30	1785225594548417747	1785225614602695093	20.054277	0	200	/home/user/vllm/logs/speed_test/sglang-purenonsd_b128_speed_tp2/run4_sglang-purenonsd_30.json
4	sglang-purenonsd	31	31	1785225594548706604	1785225611156343356	16.607637	0	200	/home/user/vllm/logs/speed_test/sglang-purenonsd_b128_speed_tp2/run4_sglang-purenonsd_31.json
4	sglang-purenonsd	32	32	1785225594548996089	1785225607583125620	13.034130	0	200	/home/user/vllm/logs/speed_test/sglang-purenonsd_b128_speed_tp2/run4_sglang-purenonsd_32.json
4	sglang-purenonsd	33	33	1785225594549340992	1785225605202249698	10.652909	0	200	/home/user/vllm/logs/speed_test/sglang-purenonsd_b128_speed_tp2/run4_sglang-purenonsd_33.json
4	sglang-purenonsd	34	34	1785225594549742281	1785225606562813817	12.013072	0	200	/home/user/vllm/logs/speed_test/sglang-purenonsd_b128_speed_tp2/run4_sglang-purenonsd_34.json
4	sglang-purenonsd	35	35	1785225594550215913	1785225605923122324	11.372906	0	200	/home/user/vllm/logs/speed_test/sglang-purenonsd_b128_speed_tp2/run4_sglang-purenonsd_35.json
4	sglang-purenonsd	36	36	1785225594550356312	1785225602587877465	8.037521	0	200	/home/user/vllm/logs/speed_test/sglang-purenonsd_b128_speed_tp2/run4_sglang-purenonsd_36.json
4	sglang-purenonsd	37	37	1785225594550722717	1785225606137207208	11.586484	0	200	/home/user/vllm/logs/speed_test/sglang-purenonsd_b128_speed_tp2/run4_sglang-purenonsd_37.json
4	sglang-purenonsd	38	38	1785225594550903114	1785225607969230563	13.418327	0	200	/home/user/vllm/logs/speed_test/sglang-purenonsd_b128_speed_tp2/run4_sglang-purenonsd_38.json
4	sglang-purenonsd	39	39	1785225594551379460	1785225609985164853	15.433785	0	200	/home/user/vllm/logs/speed_test/sglang-purenonsd_b128_speed_tp2/run4_sglang-purenonsd_39.json
4	sglang-purenonsd	40	40	1785225594551743183	1785225601441008636	6.889265	0	200	/home/user/vllm/logs/speed_test/sglang-purenonsd_b128_speed_tp2/run4_sglang-purenonsd_40.json
4	sglang-purenonsd	41	41	1785225594551842277	1785225609146159660	14.594317	0	200	/home/user/vllm/logs/speed_test/sglang-purenonsd_b128_speed_tp2/run4_sglang-purenonsd_41.json
4	sglang-purenonsd	42	42	1785225594552432509	1785225607456427221	12.903995	0	200	/home/user/vllm/logs/speed_test/sglang-purenonsd_b128_speed_tp2/run4_sglang-purenonsd_42.json
4	sglang-purenonsd	43	43	1785225594552509197	1785225606183398545	11.630889	0	200	/home/user/vllm/logs/speed_test/sglang-purenonsd_b128_speed_tp2/run4_sglang-purenonsd_43.json
4	sglang-purenonsd	44	44	1785225594552867724	1785225614103034039	19.550166	0	200	/home/user/vllm/logs/speed_test/sglang-purenonsd_b128_speed_tp2/run4_sglang-purenonsd_44.json
4	sglang-purenonsd	45	45	1785225594553046672	1785225609603653766	15.050607	0	200	/home/user/vllm/logs/speed_test/sglang-purenonsd_b128_speed_tp2/run4_sglang-purenonsd_45.json
4	sglang-purenonsd	46	46	1785225594553379939	1785225603956515214	9.403135	0	200	/home/user/vllm/logs/speed_test/sglang-purenonsd_b128_speed_tp2/run4_sglang-purenonsd_46.json
4	sglang-purenonsd	47	47	1785225594553830113	1785225609106172577	14.552342	0	200	/home/user/vllm/logs/speed_test/sglang-purenonsd_b128_speed_tp2/run4_sglang-purenonsd_47.json
4	sglang-purenonsd	48	48	1785225594554175486	1785225607882462242	13.328287	0	200	/home/user/vllm/logs/speed_test/sglang-purenonsd_b128_speed_tp2/run4_sglang-purenonsd_48.json
4	sglang-purenonsd	49	49	1785225594554307886	1785225606648718584	12.094411	0	200	/home/user/vllm/logs/speed_test/sglang-purenonsd_b128_speed_tp2/run4_sglang-purenonsd_49.json
4	sglang-purenonsd	50	50	1785225594554694871	1785225614601857393	20.047163	0	200	/home/user/vllm/logs/speed_test/sglang-purenonsd_b128_speed_tp2/run4_sglang-purenonsd_50.json
4	sglang-purenonsd	51	51	1785225594554900672	1785225609380304213	14.825404	0	200	/home/user/vllm/logs/speed_test/sglang-purenonsd_b128_speed_tp2/run4_sglang-purenonsd_51.json
4	sglang-purenonsd	52	52	1785225594555223170	1785225600679113877	6.123891	0	200	/home/user/vllm/logs/speed_test/sglang-purenonsd_b128_speed_tp2/run4_sglang-purenonsd_52.json
4	sglang-purenonsd	53	53	1785225594555582911	1785225604130297892	9.574715	0	200	/home/user/vllm/logs/speed_test/sglang-purenonsd_b128_speed_tp2/run4_sglang-purenonsd_53.json
4	sglang-purenonsd	54	54	1785225594555878001	1785225614602219490	20.046341	0	200	/home/user/vllm/logs/speed_test/sglang-purenonsd_b128_speed_tp2/run4_sglang-purenonsd_54.json
4	sglang-purenonsd	55	55	1785225594556128100	1785225614602324475	20.046196	0	200	/home/user/vllm/logs/speed_test/sglang-purenonsd_b128_speed_tp2/run4_sglang-purenonsd_55.json
4	sglang-purenonsd	56	56	1785225594556516695	1785225614602259530	20.045743	0	200	/home/user/vllm/logs/speed_test/sglang-purenonsd_b128_speed_tp2/run4_sglang-purenonsd_56.json
4	sglang-purenonsd	57	57	1785225594556828735	1785225607329791681	12.772963	0	200	/home/user/vllm/logs/speed_test/sglang-purenonsd_b128_speed_tp2/run4_sglang-purenonsd_57.json
4	sglang-purenonsd	58	58	1785225594557107914	1785225608387086240	13.829978	0	200	/home/user/vllm/logs/speed_test/sglang-purenonsd_b128_speed_tp2/run4_sglang-purenonsd_58.json
4	sglang-purenonsd	59	59	1785225594557345901	1785225603744018629	9.186673	0	200	/home/user/vllm/logs/speed_test/sglang-purenonsd_b128_speed_tp2/run4_sglang-purenonsd_59.json
4	sglang-purenonsd	60	60	1785225594557646687	1785225611047490360	16.489844	0	200	/home/user/vllm/logs/speed_test/sglang-purenonsd_b128_speed_tp2/run4_sglang-purenonsd_60.json
4	sglang-purenonsd	61	61	1785225594558204972	1785225604643120603	10.084916	0	200	/home/user/vllm/logs/speed_test/sglang-purenonsd_b128_speed_tp2/run4_sglang-purenonsd_61.json
4	sglang-purenonsd	62	62	1785225594558479889	1785225611445096197	16.886616	0	200	/home/user/vllm/logs/speed_test/sglang-purenonsd_b128_speed_tp2/run4_sglang-purenonsd_62.json
4	sglang-purenonsd	63	63	1785225594558762974	1785225609446421873	14.887659	0	200	/home/user/vllm/logs/speed_test/sglang-purenonsd_b128_speed_tp2/run4_sglang-purenonsd_63.json
4	sglang-purenonsd	64	64	1785225594558996457	1785225614602554118	20.043558	0	200	/home/user/vllm/logs/speed_test/sglang-purenonsd_b128_speed_tp2/run4_sglang-purenonsd_64.json
4	sglang-purenonsd	65	65	1785225594559337734	1785225611090895736	16.531558	0	200	/home/user/vllm/logs/speed_test/sglang-purenonsd_b128_speed_tp2/run4_sglang-purenonsd_65.json
4	sglang-purenonsd	66	66	1785225594559598470	1785225614602653427	20.043055	0	200	/home/user/vllm/logs/speed_test/sglang-purenonsd_b128_speed_tp2/run4_sglang-purenonsd_66.json
4	sglang-purenonsd	67	67	1785225594560117004	1785225607243090210	12.682973	0	200	/home/user/vllm/logs/speed_test/sglang-purenonsd_b128_speed_tp2/run4_sglang-purenonsd_67.json
4	sglang-purenonsd	68	68	1785225594560309212	1785225603791845556	9.231536	0	200	/home/user/vllm/logs/speed_test/sglang-purenonsd_b128_speed_tp2/run4_sglang-purenonsd_68.json
4	sglang-purenonsd	69	69	1785225594560594513	1785225606866089337	12.305495	0	200	/home/user/vllm/logs/speed_test/sglang-purenonsd_b128_speed_tp2/run4_sglang-purenonsd_69.json
4	sglang-purenonsd	70	70	1785225594560988987	1785225614602263651	20.041275	0	200	/home/user/vllm/logs/speed_test/sglang-purenonsd_b128_speed_tp2/run4_sglang-purenonsd_70.json
4	sglang-purenonsd	71	71	1785225594561249874	1785225611334622003	16.773372	0	200	/home/user/vllm/logs/speed_test/sglang-purenonsd_b128_speed_tp2/run4_sglang-purenonsd_71.json
4	sglang-purenonsd	72	72	1785225594561596486	1785225609419045048	14.857449	0	200	/home/user/vllm/logs/speed_test/sglang-purenonsd_b128_speed_tp2/run4_sglang-purenonsd_72.json
4	sglang-purenonsd	73	73	1785225594561830288	1785225604989717041	10.427887	0	200	/home/user/vllm/logs/speed_test/sglang-purenonsd_b128_speed_tp2/run4_sglang-purenonsd_73.json
4	sglang-purenonsd	74	74	1785225594562237828	1785225605710661435	11.148424	0	200	/home/user/vllm/logs/speed_test/sglang-purenonsd_b128_speed_tp2/run4_sglang-purenonsd_74.json
4	sglang-purenonsd	75	75	1785225594562490686	1785225603317321773	8.754831	0	200	/home/user/vllm/logs/speed_test/sglang-purenonsd_b128_speed_tp2/run4_sglang-purenonsd_75.json
4	sglang-purenonsd	76	76	1785225594562822002	1785225613033922001	18.471100	0	200	/home/user/vllm/logs/speed_test/sglang-purenonsd_b128_speed_tp2/run4_sglang-purenonsd_76.json
4	sglang-purenonsd	77	77	1785225594563125595	1785225614602473220	20.039348	0	200	/home/user/vllm/logs/speed_test/sglang-purenonsd_b128_speed_tp2/run4_sglang-purenonsd_77.json
4	sglang-purenonsd	78	78	1785225594563370610	1785225607881815546	13.318445	0	200	/home/user/vllm/logs/speed_test/sglang-purenonsd_b128_speed_tp2/run4_sglang-purenonsd_78.json
4	sglang-purenonsd	79	79	1785225594563914190	1785225613698142749	19.134229	0	200	/home/user/vllm/logs/speed_test/sglang-purenonsd_b128_speed_tp2/run4_sglang-purenonsd_79.json
4	sglang-purenonsd	80	80	1785225594564200043	1785225614603416906	20.039217	0	200	/home/user/vllm/logs/speed_test/sglang-purenonsd_b128_speed_tp2/run4_sglang-purenonsd_80.json
4	sglang-purenonsd	81	81	1785225594564397469	1785225613298010311	18.733613	0	200	/home/user/vllm/logs/speed_test/sglang-purenonsd_b128_speed_tp2/run4_sglang-purenonsd_81.json
4	sglang-purenonsd	82	82	1785225594564668208	1785225608767016305	14.202348	0	200	/home/user/vllm/logs/speed_test/sglang-purenonsd_b128_speed_tp2/run4_sglang-purenonsd_82.json
4	sglang-purenonsd	83	83	1785225594564998603	1785225609225039271	14.660041	0	200	/home/user/vllm/logs/speed_test/sglang-purenonsd_b128_speed_tp2/run4_sglang-purenonsd_83.json
4	sglang-purenonsd	84	84	1785225594565438305	1785225612242142950	17.676705	0	200	/home/user/vllm/logs/speed_test/sglang-purenonsd_b128_speed_tp2/run4_sglang-purenonsd_84.json
4	sglang-purenonsd	85	85	1785225594565713529	1785225610777874518	16.212161	0	200	/home/user/vllm/logs/speed_test/sglang-purenonsd_b128_speed_tp2/run4_sglang-purenonsd_85.json
4	sglang-purenonsd	86	86	1785225594565905959	1785225607456502740	12.890597	0	200	/home/user/vllm/logs/speed_test/sglang-purenonsd_b128_speed_tp2/run4_sglang-purenonsd_86.json
4	sglang-purenonsd	87	87	1785225594566270942	1785225611090756259	16.524485	0	200	/home/user/vllm/logs/speed_test/sglang-purenonsd_b128_speed_tp2/run4_sglang-purenonsd_87.json
4	sglang-purenonsd	88	88	1785225594566559133	1785225614602489785	20.035931	0	200	/home/user/vllm/logs/speed_test/sglang-purenonsd_b128_speed_tp2/run4_sglang-purenonsd_88.json
4	sglang-purenonsd	89	89	1785225594567071267	1785225614600020292	20.032949	0	200	/home/user/vllm/logs/speed_test/sglang-purenonsd_b128_speed_tp2/run4_sglang-purenonsd_89.json
4	sglang-purenonsd	90	90	1785225594567308215	1785225614274952077	19.707644	0	200	/home/user/vllm/logs/speed_test/sglang-purenonsd_b128_speed_tp2/run4_sglang-purenonsd_90.json
4	sglang-purenonsd	91	91	1785225594567596844	1785225607921125920	13.353529	0	200	/home/user/vllm/logs/speed_test/sglang-purenonsd_b128_speed_tp2/run4_sglang-purenonsd_91.json
4	sglang-purenonsd	92	92	1785225594567967821	1785225604515103172	9.947135	0	200	/home/user/vllm/logs/speed_test/sglang-purenonsd_b128_speed_tp2/run4_sglang-purenonsd_92.json
4	sglang-purenonsd	93	93	1785225594568261056	1785225609637157607	15.068897	0	200	/home/user/vllm/logs/speed_test/sglang-purenonsd_b128_speed_tp2/run4_sglang-purenonsd_93.json
4	sglang-purenonsd	94	94	1785225594568561165	1785225605203867641	10.635306	0	200	/home/user/vllm/logs/speed_test/sglang-purenonsd_b128_speed_tp2/run4_sglang-purenonsd_94.json
4	sglang-purenonsd	95	95	1785225594568936607	1785225603358703471	8.789767	0	200	/home/user/vllm/logs/speed_test/sglang-purenonsd_b128_speed_tp2/run4_sglang-purenonsd_95.json
4	sglang-purenonsd	96	96	1785225594569192063	1785225604515219504	9.946027	0	200	/home/user/vllm/logs/speed_test/sglang-purenonsd_b128_speed_tp2/run4_sglang-purenonsd_96.json
4	sglang-purenonsd	97	97	1785225594569489021	1785225611092128079	16.522639	0	200	/home/user/vllm/logs/speed_test/sglang-purenonsd_b128_speed_tp2/run4_sglang-purenonsd_97.json
4	sglang-purenonsd	98	98	1785225594569763050	1785225605111819400	10.542056	0	200	/home/user/vllm/logs/speed_test/sglang-purenonsd_b128_speed_tp2/run4_sglang-purenonsd_98.json
4	sglang-purenonsd	99	99	1785225594570180923	1785225605158023329	10.587842	0	200	/home/user/vllm/logs/speed_test/sglang-purenonsd_b128_speed_tp2/run4_sglang-purenonsd_99.json
4	sglang-purenonsd	100	100	1785225594570517132	1785225602638081895	8.067565	0	200	/home/user/vllm/logs/speed_test/sglang-purenonsd_b128_speed_tp2/run4_sglang-purenonsd_100.json
4	sglang-purenonsd	101	101	1785225594570793726	1785225614603749846	20.032956	0	200	/home/user/vllm/logs/speed_test/sglang-purenonsd_b128_speed_tp2/run4_sglang-purenonsd_101.json
4	sglang-purenonsd	102	102	1785225594571042804	1785225614602732444	20.031690	0	200	/home/user/vllm/logs/speed_test/sglang-purenonsd_b128_speed_tp2/run4_sglang-purenonsd_102.json
4	sglang-purenonsd	103	103	1785225594571367175	1785225604220184290	9.648817	0	200	/home/user/vllm/logs/speed_test/sglang-purenonsd_b128_speed_tp2/run4_sglang-purenonsd_103.json
4	sglang-purenonsd	104	104	1785225594571799181	1785225613154034714	18.582236	0	200	/home/user/vllm/logs/speed_test/sglang-purenonsd_b128_speed_tp2/run4_sglang-purenonsd_104.json
4	sglang-purenonsd	105	105	1785225594572168227	1785225611091050238	16.518882	0	200	/home/user/vllm/logs/speed_test/sglang-purenonsd_b128_speed_tp2/run4_sglang-purenonsd_105.json
4	sglang-purenonsd	106	106	1785225594572462057	1785225603836512162	9.264050	0	200	/home/user/vllm/logs/speed_test/sglang-purenonsd_b128_speed_tp2/run4_sglang-purenonsd_106.json
4	sglang-purenonsd	107	107	1785225594572639444	1785225613554525170	18.981886	0	200	/home/user/vllm/logs/speed_test/sglang-purenonsd_b128_speed_tp2/run4_sglang-purenonsd_107.json
4	sglang-purenonsd	108	108	1785225594573061119	1785225614603084656	20.030024	0	200	/home/user/vllm/logs/speed_test/sglang-purenonsd_b128_speed_tp2/run4_sglang-purenonsd_108.json
4	sglang-purenonsd	109	109	1785225594573319194	1785225608640447828	14.067129	0	200	/home/user/vllm/logs/speed_test/sglang-purenonsd_b128_speed_tp2/run4_sglang-purenonsd_109.json
4	sglang-purenonsd	110	110	1785225594573639449	1785225613613350623	19.039711	0	200	/home/user/vllm/logs/speed_test/sglang-purenonsd_b128_speed_tp2/run4_sglang-purenonsd_110.json
4	sglang-purenonsd	111	111	1785225594573973134	1785225614602862457	20.028889	0	200	/home/user/vllm/logs/speed_test/sglang-purenonsd_b128_speed_tp2/run4_sglang-purenonsd_111.json
4	sglang-purenonsd	112	112	1785225594574247861	1785225602334858751	7.760611	0	200	/home/user/vllm/logs/speed_test/sglang-purenonsd_b128_speed_tp2/run4_sglang-purenonsd_112.json
4	sglang-purenonsd	113	113	1785225594574660705	1785225605454876711	10.880216	0	200	/home/user/vllm/logs/speed_test/sglang-purenonsd_b128_speed_tp2/run4_sglang-purenonsd_113.json
4	sglang-purenonsd	114	114	1785225594575014406	1785225614602725972	20.027712	0	200	/home/user/vllm/logs/speed_test/sglang-purenonsd_b128_speed_tp2/run4_sglang-purenonsd_114.json
4	sglang-purenonsd	115	115	1785225594575275167	1785225613354799195	18.779524	0	200	/home/user/vllm/logs/speed_test/sglang-purenonsd_b128_speed_tp2/run4_sglang-purenonsd_115.json
4	sglang-purenonsd	116	116	1785225594575592241	1785225614602087632	20.026495	0	200	/home/user/vllm/logs/speed_test/sglang-purenonsd_b128_speed_tp2/run4_sglang-purenonsd_116.json
4	sglang-purenonsd	117	117	1785225594575959738	1785225609797434678	15.221475	0	200	/home/user/vllm/logs/speed_test/sglang-purenonsd_b128_speed_tp2/run4_sglang-purenonsd_117.json
4	sglang-purenonsd	118	118	1785225594576342810	1785225612513957415	17.937615	0	200	/home/user/vllm/logs/speed_test/sglang-purenonsd_b128_speed_tp2/run4_sglang-purenonsd_118.json
4	sglang-purenonsd	119	119	1785225594576606628	1785225605374647781	10.798041	0	200	/home/user/vllm/logs/speed_test/sglang-purenonsd_b128_speed_tp2/run4_sglang-purenonsd_119.json
4	sglang-purenonsd	120	120	1785225594576975574	1785225609636790419	15.059815	0	200	/home/user/vllm/logs/speed_test/sglang-purenonsd_b128_speed_tp2/run4_sglang-purenonsd_120.json
4	sglang-purenonsd	121	121	1785225594577262279	1785225613476312854	18.899051	0	200	/home/user/vllm/logs/speed_test/sglang-purenonsd_b128_speed_tp2/run4_sglang-purenonsd_121.json
4	sglang-purenonsd	122	122	1785225594577484836	1785225605497415816	10.919931	0	200	/home/user/vllm/logs/speed_test/sglang-purenonsd_b128_speed_tp2/run4_sglang-purenonsd_122.json
4	sglang-purenonsd	123	123	1785225594577836101	1785225606866560253	12.288724	0	200	/home/user/vllm/logs/speed_test/sglang-purenonsd_b128_speed_tp2/run4_sglang-purenonsd_123.json
4	sglang-purenonsd	124	124	1785225594578212157	1785225610269455601	15.691243	0	200	/home/user/vllm/logs/speed_test/sglang-purenonsd_b128_speed_tp2/run4_sglang-purenonsd_124.json
4	sglang-purenonsd	125	125	1785225594578496504	1785225607329945700	12.751449	0	200	/home/user/vllm/logs/speed_test/sglang-purenonsd_b128_speed_tp2/run4_sglang-purenonsd_125.json
4	sglang-purenonsd	126	126	1785225594578765613	1785225614602716237	20.023951	0	200	/home/user/vllm/logs/speed_test/sglang-purenonsd_b128_speed_tp2/run4_sglang-purenonsd_126.json
4	sglang-purenonsd	127	127	1785225594579052127	1785225614602719528	20.023667	0	200	/home/user/vllm/logs/speed_test/sglang-purenonsd_b128_speed_tp2/run4_sglang-purenonsd_127.json
5	sglang-purenonsd	0	0	1785225671334253438	1785225684185952025	12.851699	0	200	/home/user/vllm/logs/speed_test/sglang-purenonsd_b128_speed_tp2/run5_sglang-purenonsd_0.json
5	sglang-purenonsd	1	1	1785225671335534994	1785225687591913634	16.256379	0	200	/home/user/vllm/logs/speed_test/sglang-purenonsd_b128_speed_tp2/run5_sglang-purenonsd_1.json
5	sglang-purenonsd	2	2	1785225671335822637	1785225685810443479	14.474621	0	200	/home/user/vllm/logs/speed_test/sglang-purenonsd_b128_speed_tp2/run5_sglang-purenonsd_2.json
5	sglang-purenonsd	3	3	1785225671336626170	1785225682758876644	11.422250	0	200	/home/user/vllm/logs/speed_test/sglang-purenonsd_b128_speed_tp2/run5_sglang-purenonsd_3.json
5	sglang-purenonsd	4	4	1785225671337453962	1785225676229721915	4.892268	0	200	/home/user/vllm/logs/speed_test/sglang-purenonsd_b128_speed_tp2/run5_sglang-purenonsd_4.json
5	sglang-purenonsd	5	5	1785225671338205620	1785225684721628331	13.383423	0	200	/home/user/vllm/logs/speed_test/sglang-purenonsd_b128_speed_tp2/run5_sglang-purenonsd_5.json
5	sglang-purenonsd	6	6	1785225671338957113	1785225682132768314	10.793811	0	200	/home/user/vllm/logs/speed_test/sglang-purenonsd_b128_speed_tp2/run5_sglang-purenonsd_6.json
5	sglang-purenonsd	7	7	1785225671339815044	1785225690693947636	19.354133	0	200	/home/user/vllm/logs/speed_test/sglang-purenonsd_b128_speed_tp2/run5_sglang-purenonsd_7.json
5	sglang-purenonsd	8	8	1785225671342036666	1785225683048880087	11.706843	0	200	/home/user/vllm/logs/speed_test/sglang-purenonsd_b128_speed_tp2/run5_sglang-purenonsd_8.json
5	sglang-purenonsd	9	9	1785225671341545679	1785225685781800769	14.440255	0	200	/home/user/vllm/logs/speed_test/sglang-purenonsd_b128_speed_tp2/run5_sglang-purenonsd_9.json
5	sglang-purenonsd	10	10	1785225671342270994	1785225682132344464	10.790073	0	200	/home/user/vllm/logs/speed_test/sglang-purenonsd_b128_speed_tp2/run5_sglang-purenonsd_10.json
5	sglang-purenonsd	11	11	1785225671342655427	1785225681959712908	10.617057	0	200	/home/user/vllm/logs/speed_test/sglang-purenonsd_b128_speed_tp2/run5_sglang-purenonsd_11.json
5	sglang-purenonsd	12	12	1785225671343430329	1785225686350852647	15.007422	0	200	/home/user/vllm/logs/speed_test/sglang-purenonsd_b128_speed_tp2/run5_sglang-purenonsd_12.json
5	sglang-purenonsd	13	13	1785225671344327882	1785225681330478186	9.986150	0	200	/home/user/vllm/logs/speed_test/sglang-purenonsd_b128_speed_tp2/run5_sglang-purenonsd_13.json
5	sglang-purenonsd	14	14	1785225671344901571	1785225688177089076	16.832188	0	200	/home/user/vllm/logs/speed_test/sglang-purenonsd_b128_speed_tp2/run5_sglang-purenonsd_14.json
5	sglang-purenonsd	15	15	1785225671345784200	1785225682000804179	10.655020	0	200	/home/user/vllm/logs/speed_test/sglang-purenonsd_b128_speed_tp2/run5_sglang-purenonsd_15.json
5	sglang-purenonsd	16	16	1785225671346406179	1785225684677106842	13.330701	0	200	/home/user/vllm/logs/speed_test/sglang-purenonsd_b128_speed_tp2/run5_sglang-purenonsd_16.json
5	sglang-purenonsd	17	17	1785225671347145842	1785225680992891045	9.645745	0	200	/home/user/vllm/logs/speed_test/sglang-purenonsd_b128_speed_tp2/run5_sglang-purenonsd_17.json
5	sglang-purenonsd	18	18	1785225671347830154	1785225690694401212	19.346571	0	200	/home/user/vllm/logs/speed_test/sglang-purenonsd_b128_speed_tp2/run5_sglang-purenonsd_18.json
5	sglang-purenonsd	19	19	1785225671348501751	1785225684720941474	13.372440	0	200	/home/user/vllm/logs/speed_test/sglang-purenonsd_b128_speed_tp2/run5_sglang-purenonsd_19.json
5	sglang-purenonsd	20	20	1785225671349283353	1785225686321530413	14.972247	0	200	/home/user/vllm/logs/speed_test/sglang-purenonsd_b128_speed_tp2/run5_sglang-purenonsd_20.json
5	sglang-purenonsd	21	21	1785225671349969831	1785225684769490546	13.419521	0	200	/home/user/vllm/logs/speed_test/sglang-purenonsd_b128_speed_tp2/run5_sglang-purenonsd_21.json
5	sglang-purenonsd	22	22	1785225671350714420	1785225688055150076	16.704436	0	200	/home/user/vllm/logs/speed_test/sglang-purenonsd_b128_speed_tp2/run5_sglang-purenonsd_22.json
5	sglang-purenonsd	23	23	1785225671351347792	1785225686032918557	14.681571	0	200	/home/user/vllm/logs/speed_test/sglang-purenonsd_b128_speed_tp2/run5_sglang-purenonsd_23.json
5	sglang-purenonsd	24	24	1785225671352132986	1785225687615566903	16.263434	0	200	/home/user/vllm/logs/speed_test/sglang-purenonsd_b128_speed_tp2/run5_sglang-purenonsd_24.json
5	sglang-purenonsd	25	25	1785225671352814249	1785225687896997237	16.544183	0	200	/home/user/vllm/logs/speed_test/sglang-purenonsd_b128_speed_tp2/run5_sglang-purenonsd_25.json
5	sglang-purenonsd	26	26	1785225671353579300	1785225690694615953	19.341037	0	200	/home/user/vllm/logs/speed_test/sglang-purenonsd_b128_speed_tp2/run5_sglang-purenonsd_26.json
5	sglang-purenonsd	27	27	1785225671354187021	1785225680450099135	9.095912	0	200	/home/user/vllm/logs/speed_test/sglang-purenonsd_b128_speed_tp2/run5_sglang-purenonsd_27.json
5	sglang-purenonsd	28	28	1785225671354928119	1785225680402018739	9.047091	0	200	/home/user/vllm/logs/speed_test/sglang-purenonsd_b128_speed_tp2/run5_sglang-purenonsd_28.json
5	sglang-purenonsd	29	29	1785225671355693191	1785225683937725013	12.582032	0	200	/home/user/vllm/logs/speed_test/sglang-purenonsd_b128_speed_tp2/run5_sglang-purenonsd_29.json
5	sglang-purenonsd	30	30	1785225671356473287	1785225690694570002	19.338097	0	200	/home/user/vllm/logs/speed_test/sglang-purenonsd_b128_speed_tp2/run5_sglang-purenonsd_30.json
5	sglang-purenonsd	31	31	1785225671357031595	1785225687646616127	16.289585	0	200	/home/user/vllm/logs/speed_test/sglang-purenonsd_b128_speed_tp2/run5_sglang-purenonsd_31.json
5	sglang-purenonsd	32	32	1785225671357714984	1785225684139339701	12.781625	0	200	/home/user/vllm/logs/speed_test/sglang-purenonsd_b128_speed_tp2/run5_sglang-purenonsd_32.json
5	sglang-purenonsd	33	33	1785225671358425101	1785225681797463902	10.439039	0	200	/home/user/vllm/logs/speed_test/sglang-purenonsd_b128_speed_tp2/run5_sglang-purenonsd_33.json
5	sglang-purenonsd	34	34	1785225671359074498	1785225683133191194	11.774117	0	200	/home/user/vllm/logs/speed_test/sglang-purenonsd_b128_speed_tp2/run5_sglang-purenonsd_34.json
5	sglang-purenonsd	35	35	1785225671359828347	1785225682503254484	11.143426	0	200	/home/user/vllm/logs/speed_test/sglang-purenonsd_b128_speed_tp2/run5_sglang-purenonsd_35.json
5	sglang-purenonsd	36	36	1785225671360519828	1785225679223085571	7.862566	0	200	/home/user/vllm/logs/speed_test/sglang-purenonsd_b128_speed_tp2/run5_sglang-purenonsd_36.json
5	sglang-purenonsd	37	37	1785225671361100773	1785225682721982146	11.360881	0	200	/home/user/vllm/logs/speed_test/sglang-purenonsd_b128_speed_tp2/run5_sglang-purenonsd_37.json
5	sglang-purenonsd	38	38	1785225671361717575	1785225684511939721	13.150222	0	200	/home/user/vllm/logs/speed_test/sglang-purenonsd_b128_speed_tp2/run5_sglang-purenonsd_38.json
5	sglang-purenonsd	39	39	1785225671362460383	1785225686515587521	15.153127	0	200	/home/user/vllm/logs/speed_test/sglang-purenonsd_b128_speed_tp2/run5_sglang-purenonsd_39.json
5	sglang-purenonsd	40	40	1785225671363016708	1785225678099228382	6.736212	0	200	/home/user/vllm/logs/speed_test/sglang-purenonsd_b128_speed_tp2/run5_sglang-purenonsd_40.json
5	sglang-purenonsd	41	41	1785225671363603309	1785225685676938990	14.313336	0	200	/home/user/vllm/logs/speed_test/sglang-purenonsd_b128_speed_tp2/run5_sglang-purenonsd_41.json
5	sglang-purenonsd	42	42	1785225671364140291	1785225684020505364	12.656365	0	200	/home/user/vllm/logs/speed_test/sglang-purenonsd_b128_speed_tp2/run5_sglang-purenonsd_42.json
5	sglang-purenonsd	43	43	1785225671364795357	1785225682761111755	11.396316	0	200	/home/user/vllm/logs/speed_test/sglang-purenonsd_b128_speed_tp2/run5_sglang-purenonsd_43.json
5	sglang-purenonsd	44	44	1785225671365360368	1785225690231124611	18.865764	0	200	/home/user/vllm/logs/speed_test/sglang-purenonsd_b128_speed_tp2/run5_sglang-purenonsd_44.json
5	sglang-purenonsd	45	45	1785225671366018150	1785225686132032895	14.766015	0	200	/home/user/vllm/logs/speed_test/sglang-purenonsd_b128_speed_tp2/run5_sglang-purenonsd_45.json
5	sglang-purenonsd	46	46	1785225671366562888	1785225680569566060	9.203003	0	200	/home/user/vllm/logs/speed_test/sglang-purenonsd_b128_speed_tp2/run5_sglang-purenonsd_46.json
5	sglang-purenonsd	47	47	1785225671367096996	1785225685634479370	14.267382	0	200	/home/user/vllm/logs/speed_test/sglang-purenonsd_b128_speed_tp2/run5_sglang-purenonsd_47.json
5	sglang-purenonsd	48	48	1785225671367768397	1785225684431298205	13.063530	0	200	/home/user/vllm/logs/speed_test/sglang-purenonsd_b128_speed_tp2/run5_sglang-purenonsd_48.json
5	sglang-purenonsd	49	49	1785225671368388601	1785225683216662852	11.848274	0	200	/home/user/vllm/logs/speed_test/sglang-purenonsd_b128_speed_tp2/run5_sglang-purenonsd_49.json
5	sglang-purenonsd	50	50	1785225671368944614	1785225690694736350	19.325792	0	200	/home/user/vllm/logs/speed_test/sglang-purenonsd_b128_speed_tp2/run5_sglang-purenonsd_50.json
5	sglang-purenonsd	51	51	1785225671369473401	1785225685908435641	14.538962	0	200	/home/user/vllm/logs/speed_test/sglang-purenonsd_b128_speed_tp2/run5_sglang-purenonsd_51.json
5	sglang-purenonsd	52	52	1785225671370189179	1785225677350521844	5.980333	0	200	/home/user/vllm/logs/speed_test/sglang-purenonsd_b128_speed_tp2/run5_sglang-purenonsd_52.json
5	sglang-purenonsd	53	53	1785225671370693737	1785225680737255172	9.366561	0	200	/home/user/vllm/logs/speed_test/sglang-purenonsd_b128_speed_tp2/run5_sglang-purenonsd_53.json
5	sglang-purenonsd	54	54	1785225671371396873	1785225690694028265	19.322631	0	200	/home/user/vllm/logs/speed_test/sglang-purenonsd_b128_speed_tp2/run5_sglang-purenonsd_54.json
5	sglang-purenonsd	55	55	1785225671372028246	1785225690694529702	19.322501	0	200	/home/user/vllm/logs/speed_test/sglang-purenonsd_b128_speed_tp2/run5_sglang-purenonsd_55.json
5	sglang-purenonsd	56	56	1785225671372571654	1785225690694195601	19.321624	0	200	/home/user/vllm/logs/speed_test/sglang-purenonsd_b128_speed_tp2/run5_sglang-purenonsd_56.json
5	sglang-purenonsd	57	57	1785225671373146431	1785225683888034621	12.514888	0	200	/home/user/vllm/logs/speed_test/sglang-purenonsd_b128_speed_tp2/run5_sglang-purenonsd_57.json
5	sglang-purenonsd	58	58	1785225671373794281	1785225684926895946	13.553102	0	200	/home/user/vllm/logs/speed_test/sglang-purenonsd_b128_speed_tp2/run5_sglang-purenonsd_58.json
5	sglang-purenonsd	59	59	1785225671374331466	1785225680359118507	8.984787	0	200	/home/user/vllm/logs/speed_test/sglang-purenonsd_b128_speed_tp2/run5_sglang-purenonsd_59.json
5	sglang-purenonsd	60	60	1785225671374943764	1785225687552309127	16.177365	0	200	/home/user/vllm/logs/speed_test/sglang-purenonsd_b128_speed_tp2/run5_sglang-purenonsd_60.json
5	sglang-purenonsd	61	61	1785225671375472950	1785225681241866159	9.866393	0	200	/home/user/vllm/logs/speed_test/sglang-purenonsd_b128_speed_tp2/run5_sglang-purenonsd_61.json
5	sglang-purenonsd	62	62	1785225671376054883	1785225687897585571	16.521531	0	200	/home/user/vllm/logs/speed_test/sglang-purenonsd_b128_speed_tp2/run5_sglang-purenonsd_62.json
5	sglang-purenonsd	63	63	1785225671376527293	1785225685969578678	14.593051	0	200	/home/user/vllm/logs/speed_test/sglang-purenonsd_b128_speed_tp2/run5_sglang-purenonsd_63.json
5	sglang-purenonsd	64	64	1785225671377098381	1785225690694660502	19.317562	0	200	/home/user/vllm/logs/speed_test/sglang-purenonsd_b128_speed_tp2/run5_sglang-purenonsd_64.json
5	sglang-purenonsd	65	65	1785225671377606726	1785225687591951181	16.214344	0	200	/home/user/vllm/logs/speed_test/sglang-purenonsd_b128_speed_tp2/run5_sglang-purenonsd_65.json
5	sglang-purenonsd	66	66	1785225671378149467	1785225690694339041	19.316190	0	200	/home/user/vllm/logs/speed_test/sglang-purenonsd_b128_speed_tp2/run5_sglang-purenonsd_66.json
5	sglang-purenonsd	67	67	1785225671378751225	1785225683802748049	12.423997	0	200	/home/user/vllm/logs/speed_test/sglang-purenonsd_b128_speed_tp2/run5_sglang-purenonsd_67.json
5	sglang-purenonsd	68	68	1785225671379207678	1785225680402520969	9.023313	0	200	/home/user/vllm/logs/speed_test/sglang-purenonsd_b128_speed_tp2/run5_sglang-purenonsd_68.json
5	sglang-purenonsd	69	69	1785225671379770361	1785225683432521366	12.052751	0	200	/home/user/vllm/logs/speed_test/sglang-purenonsd_b128_speed_tp2/run5_sglang-purenonsd_69.json
5	sglang-purenonsd	70	70	1785225671380205434	1785225690693972679	19.313767	0	200	/home/user/vllm/logs/speed_test/sglang-purenonsd_b128_speed_tp2/run5_sglang-purenonsd_70.json
5	sglang-purenonsd	71	71	1785225671380841020	1785225687803068760	16.422228	0	200	/home/user/vllm/logs/speed_test/sglang-purenonsd_b128_speed_tp2/run5_sglang-purenonsd_71.json
5	sglang-purenonsd	72	72	1785225671381304542	1785225685947005852	14.565701	0	200	/home/user/vllm/logs/speed_test/sglang-purenonsd_b128_speed_tp2/run5_sglang-purenonsd_72.json
5	sglang-purenonsd	73	73	1785225671381730795	1785225681579663162	10.197932	0	200	/home/user/vllm/logs/speed_test/sglang-purenonsd_b128_speed_tp2/run5_sglang-purenonsd_73.json
5	sglang-purenonsd	74	74	1785225671382295646	1785225682294908367	10.912613	0	200	/home/user/vllm/logs/speed_test/sglang-purenonsd_b128_speed_tp2/run5_sglang-purenonsd_74.json
5	sglang-purenonsd	75	75	1785225671382790252	1785225679937167368	8.554377	0	200	/home/user/vllm/logs/speed_test/sglang-purenonsd_b128_speed_tp2/run5_sglang-purenonsd_75.json
5	sglang-purenonsd	76	76	1785225671383297725	1785225689265706625	17.882409	0	200	/home/user/vllm/logs/speed_test/sglang-purenonsd_b128_speed_tp2/run5_sglang-purenonsd_76.json
5	sglang-purenonsd	77	77	1785225671383801620	1785225690694328466	19.310527	0	200	/home/user/vllm/logs/speed_test/sglang-purenonsd_b128_speed_tp2/run5_sglang-purenonsd_77.json
5	sglang-purenonsd	78	78	1785225671384222862	1785225684432684807	13.048462	0	200	/home/user/vllm/logs/speed_test/sglang-purenonsd_b128_speed_tp2/run5_sglang-purenonsd_78.json
5	sglang-purenonsd	79	79	1785225671384733411	1785225689969019072	18.584286	0	200	/home/user/vllm/logs/speed_test/sglang-purenonsd_b128_speed_tp2/run5_sglang-purenonsd_79.json
5	sglang-purenonsd	80	80	1785225671385240748	1785225690694320200	19.309079	0	200	/home/user/vllm/logs/speed_test/sglang-purenonsd_b128_speed_tp2/run5_sglang-purenonsd_80.json
5	sglang-purenonsd	81	81	1785225671385641220	1785225689502794961	18.117154	0	200	/home/user/vllm/logs/speed_test/sglang-purenonsd_b128_speed_tp2/run5_sglang-purenonsd_81.json
5	sglang-purenonsd	82	82	1785225671388537769	1785225685307133813	13.918596	0	200	/home/user/vllm/logs/speed_test/sglang-purenonsd_b128_speed_tp2/run5_sglang-purenonsd_82.json
5	sglang-purenonsd	83	83	1785225671386754648	1785225685748484931	14.361730	0	200	/home/user/vllm/logs/speed_test/sglang-purenonsd_b128_speed_tp2/run5_sglang-purenonsd_83.json
5	sglang-purenonsd	84	84	1785225671387237744	1785225688613950249	17.226713	0	200	/home/user/vllm/logs/speed_test/sglang-purenonsd_b128_speed_tp2/run5_sglang-purenonsd_84.json
5	sglang-purenonsd	85	85	1785225671387733685	1785225687301164008	15.913430	0	200	/home/user/vllm/logs/speed_test/sglang-purenonsd_b128_speed_tp2/run5_sglang-purenonsd_85.json
5	sglang-purenonsd	86	86	1785225671388339834	1785225684021383163	12.633043	0	200	/home/user/vllm/logs/speed_test/sglang-purenonsd_b128_speed_tp2/run5_sglang-purenonsd_86.json
5	sglang-purenonsd	87	87	1785225671388766292	1785225687591951111	16.203185	0	200	/home/user/vllm/logs/speed_test/sglang-purenonsd_b128_speed_tp2/run5_sglang-purenonsd_87.json
5	sglang-purenonsd	88	88	1785225671390811489	1785225690694121540	19.303310	0	200	/home/user/vllm/logs/speed_test/sglang-purenonsd_b128_speed_tp2/run5_sglang-purenonsd_88.json
5	sglang-purenonsd	89	89	1785225671389592950	1785225690694574111	19.304981	0	200	/home/user/vllm/logs/speed_test/sglang-purenonsd_b128_speed_tp2/run5_sglang-purenonsd_89.json
5	sglang-purenonsd	90	90	1785225671390009665	1785225690388928156	18.998918	0	200	/home/user/vllm/logs/speed_test/sglang-purenonsd_b128_speed_tp2/run5_sglang-purenonsd_90.json
5	sglang-purenonsd	91	91	1785225671390505955	1785225684473135244	13.082629	0	200	/home/user/vllm/logs/speed_test/sglang-purenonsd_b128_speed_tp2/run5_sglang-purenonsd_91.json
5	sglang-purenonsd	92	92	1785225671390949749	1785225681118054438	9.727105	0	200	/home/user/vllm/logs/speed_test/sglang-purenonsd_b128_speed_tp2/run5_sglang-purenonsd_92.json
5	sglang-purenonsd	93	93	1785225671391458543	1785225686164277071	14.772819	0	200	/home/user/vllm/logs/speed_test/sglang-purenonsd_b128_speed_tp2/run5_sglang-purenonsd_93.json
5	sglang-purenonsd	94	94	1785225671391785744	1785225681795755739	10.403970	0	200	/home/user/vllm/logs/speed_test/sglang-purenonsd_b128_speed_tp2/run5_sglang-purenonsd_94.json
5	sglang-purenonsd	95	95	1785225671392204977	1785225679979807696	8.587603	0	200	/home/user/vllm/logs/speed_test/sglang-purenonsd_b128_speed_tp2/run5_sglang-purenonsd_95.json
5	sglang-purenonsd	96	96	1785225671392745304	1785225681117934597	9.725189	0	200	/home/user/vllm/logs/speed_test/sglang-purenonsd_b128_speed_tp2/run5_sglang-purenonsd_96.json
5	sglang-purenonsd	97	97	1785225671393042796	1785225687593334616	16.200292	0	200	/home/user/vllm/logs/speed_test/sglang-purenonsd_b128_speed_tp2/run5_sglang-purenonsd_97.json
5	sglang-purenonsd	98	98	1785225671393523431	1785225684346078459	12.952555	0	200	/home/user/vllm/logs/speed_test/sglang-purenonsd_b128_speed_tp2/run5_sglang-purenonsd_98.json
5	sglang-purenonsd	99	99	1785225671393907767	1785225681750460202	10.356552	0	200	/home/user/vllm/logs/speed_test/sglang-purenonsd_b128_speed_tp2/run5_sglang-purenonsd_99.json
5	sglang-purenonsd	100	100	1785225671394391315	1785225679269269532	7.874878	0	200	/home/user/vllm/logs/speed_test/sglang-purenonsd_b128_speed_tp2/run5_sglang-purenonsd_100.json
5	sglang-purenonsd	101	101	1785225671394791611	1785225690695048547	19.300257	0	200	/home/user/vllm/logs/speed_test/sglang-purenonsd_b128_speed_tp2/run5_sglang-purenonsd_101.json
5	sglang-purenonsd	102	102	1785225671395196003	1785225690694029284	19.298833	0	200	/home/user/vllm/logs/speed_test/sglang-purenonsd_b128_speed_tp2/run5_sglang-purenonsd_102.json
5	sglang-purenonsd	103	103	1785225671395660075	1785225680826567723	9.430908	0	200	/home/user/vllm/logs/speed_test/sglang-purenonsd_b128_speed_tp2/run5_sglang-purenonsd_103.json
5	sglang-purenonsd	104	104	1785225671396967069	1785225689761110985	18.364144	0	200	/home/user/vllm/logs/speed_test/sglang-purenonsd_b128_speed_tp2/run5_sglang-purenonsd_104.json
5	sglang-purenonsd	105	105	1785225671396586826	1785225687593234420	16.196648	0	200	/home/user/vllm/logs/speed_test/sglang-purenonsd_b128_speed_tp2/run5_sglang-purenonsd_105.json
5	sglang-purenonsd	106	106	1785225671396982260	1785225680452311166	9.055329	0	200	/home/user/vllm/logs/speed_test/sglang-purenonsd_b128_speed_tp2/run5_sglang-purenonsd_106.json
5	sglang-purenonsd	107	107	1785225671397398783	1785225689761525034	18.364126	0	200	/home/user/vllm/logs/speed_test/sglang-purenonsd_b128_speed_tp2/run5_sglang-purenonsd_107.json
5	sglang-purenonsd	108	108	1785225671397788359	1785225690694738284	19.296950	0	200	/home/user/vllm/logs/speed_test/sglang-purenonsd_b128_speed_tp2/run5_sglang-purenonsd_108.json
5	sglang-purenonsd	109	109	1785225671398270067	1785225682880894360	11.482624	0	200	/home/user/vllm/logs/speed_test/sglang-purenonsd_b128_speed_tp2/run5_sglang-purenonsd_109.json
5	sglang-purenonsd	110	110	1785225671398755482	1785225687995722833	16.596967	0	200	/home/user/vllm/logs/speed_test/sglang-purenonsd_b128_speed_tp2/run5_sglang-purenonsd_110.json
5	sglang-purenonsd	111	111	1785225671399074522	1785225686699384324	15.300310	0	200	/home/user/vllm/logs/speed_test/sglang-purenonsd_b128_speed_tp2/run5_sglang-purenonsd_111.json
5	sglang-purenonsd	112	112	1785225671399481600	1785225678971866716	7.572385	0	200	/home/user/vllm/logs/speed_test/sglang-purenonsd_b128_speed_tp2/run5_sglang-purenonsd_112.json
5	sglang-purenonsd	113	113	1785225671400317697	1785225682420757327	11.020440	0	200	/home/user/vllm/logs/speed_test/sglang-purenonsd_b128_speed_tp2/run5_sglang-purenonsd_113.json
5	sglang-purenonsd	114	114	1785225671400353357	1785225690694889117	19.294536	0	200	/home/user/vllm/logs/speed_test/sglang-purenonsd_b128_speed_tp2/run5_sglang-purenonsd_114.json
5	sglang-purenonsd	115	115	1785225671400666183	1785225689549793789	18.149128	0	200	/home/user/vllm/logs/speed_test/sglang-purenonsd_b128_speed_tp2/run5_sglang-purenonsd_115.json
5	sglang-purenonsd	116	116	1785225671401042313	1785225690694571043	19.293529	0	200	/home/user/vllm/logs/speed_test/sglang-purenonsd_b128_speed_tp2/run5_sglang-purenonsd_116.json
5	sglang-purenonsd	117	117	1785225671401445602	1785225686321684121	14.920239	0	200	/home/user/vllm/logs/speed_test/sglang-purenonsd_b128_speed_tp2/run5_sglang-purenonsd_117.json
5	sglang-purenonsd	118	118	1785225671402913899	1785225689075241367	17.672327	0	200	/home/user/vllm/logs/speed_test/sglang-purenonsd_b128_speed_tp2/run5_sglang-purenonsd_118.json
5	sglang-purenonsd	119	119	1785225671402510741	1785225681960184090	10.557673	0	200	/home/user/vllm/logs/speed_test/sglang-purenonsd_b128_speed_tp2/run5_sglang-purenonsd_119.json
5	sglang-purenonsd	120	120	1785225671402699800	1785225686164795614	14.762096	0	200	/home/user/vllm/logs/speed_test/sglang-purenonsd_b128_speed_tp2/run5_sglang-purenonsd_120.json
5	sglang-purenonsd	121	121	1785225671403055062	1785225690694723670	19.291669	0	200	/home/user/vllm/logs/speed_test/sglang-purenonsd_b128_speed_tp2/run5_sglang-purenonsd_121.json
5	sglang-purenonsd	122	122	1785225671403553071	1785225682087028180	10.683475	0	200	/home/user/vllm/logs/speed_test/sglang-purenonsd_b128_speed_tp2/run5_sglang-purenonsd_122.json
5	sglang-purenonsd	123	123	1785225671405561797	1785225683431756148	12.026194	0	200	/home/user/vllm/logs/speed_test/sglang-purenonsd_b128_speed_tp2/run5_sglang-purenonsd_123.json
5	sglang-purenonsd	124	124	1785225671404334449	1785225688859432815	17.455098	0	200	/home/user/vllm/logs/speed_test/sglang-purenonsd_b128_speed_tp2/run5_sglang-purenonsd_124.json
5	sglang-purenonsd	125	125	1785225671404648222	1785225684305416681	12.900768	0	200	/home/user/vllm/logs/speed_test/sglang-purenonsd_b128_speed_tp2/run5_sglang-purenonsd_125.json
5	sglang-purenonsd	126	126	1785225671405076665	1785225689266394878	17.861318	0	200	/home/user/vllm/logs/speed_test/sglang-purenonsd_b128_speed_tp2/run5_sglang-purenonsd_126.json
5	sglang-purenonsd	127	127	1785225671405436262	1785225690694790261	19.289354	0	200	/home/user/vllm/logs/speed_test/sglang-purenonsd_b128_speed_tp2/run5_sglang-purenonsd_127.json
