run_id	label	request_index	sample_index	start_ns	end_ns	jct_s	status	http_code	json_path
1	asd-nonsd	0	0	1785143889058235538	1785143903331969162	14.273734	0	200	/home/user/vllm/logs/speed_test/sglang/asd-nonsd_b128_speed_tp2/run1_asd-nonsd_0.json
1	asd-nonsd	1	1	1785143889059306860	1785143907792673177	18.733366	0	200	/home/user/vllm/logs/speed_test/sglang/asd-nonsd_b128_speed_tp2/run1_asd-nonsd_1.json
1	asd-nonsd	2	2	1785143889059447254	1785143905214062339	16.154615	0	200	/home/user/vllm/logs/speed_test/sglang/asd-nonsd_b128_speed_tp2/run1_asd-nonsd_2.json
1	asd-nonsd	3	3	1785143889060114325	1785143901784866369	12.724752	0	200	/home/user/vllm/logs/speed_test/sglang/asd-nonsd_b128_speed_tp2/run1_asd-nonsd_3.json
1	asd-nonsd	4	4	1785143889060752913	1785143896754950585	7.694198	0	200	/home/user/vllm/logs/speed_test/sglang/asd-nonsd_b128_speed_tp2/run1_asd-nonsd_4.json
1	asd-nonsd	5	5	1785143889061164455	1785143902119267227	13.058103	0	200	/home/user/vllm/logs/speed_test/sglang/asd-nonsd_b128_speed_tp2/run1_asd-nonsd_5.json
1	asd-nonsd	6	6	1785143889062303123	1785143901107080854	12.044778	0	200	/home/user/vllm/logs/speed_test/sglang/asd-nonsd_b128_speed_tp2/run1_asd-nonsd_6.json
1	asd-nonsd	7	7	1785143889062872408	1785143911718676188	22.655804	0	200	/home/user/vllm/logs/speed_test/sglang/asd-nonsd_b128_speed_tp2/run1_asd-nonsd_7.json
1	asd-nonsd	8	8	1785143889062950825	1785143902080727332	13.017777	0	200	/home/user/vllm/logs/speed_test/sglang/asd-nonsd_b128_speed_tp2/run1_asd-nonsd_8.json
1	asd-nonsd	9	9	1785143889063602139	1785143906558524661	17.494923	0	200	/home/user/vllm/logs/speed_test/sglang/asd-nonsd_b128_speed_tp2/run1_asd-nonsd_9.json
1	asd-nonsd	10	10	1785143889064329625	1785143900542720183	11.478391	0	200	/home/user/vllm/logs/speed_test/sglang/asd-nonsd_b128_speed_tp2/run1_asd-nonsd_10.json
1	asd-nonsd	11	11	1785143889064808950	1785143900594980304	11.530171	0	200	/home/user/vllm/logs/speed_test/sglang/asd-nonsd_b128_speed_tp2/run1_asd-nonsd_11.json
1	asd-nonsd	12	12	1785143889065401711	1785143909049460467	19.984059	0	200	/home/user/vllm/logs/speed_test/sglang/asd-nonsd_b128_speed_tp2/run1_asd-nonsd_12.json
1	asd-nonsd	13	13	1785143889065843397	1785143900596008738	11.530165	0	200	/home/user/vllm/logs/speed_test/sglang/asd-nonsd_b128_speed_tp2/run1_asd-nonsd_13.json
1	asd-nonsd	14	14	1785143889066513840	1785143908035598075	18.969084	0	200	/home/user/vllm/logs/speed_test/sglang/asd-nonsd_b128_speed_tp2/run1_asd-nonsd_14.json
1	asd-nonsd	15	15	1785143889066992124	1785143901230273197	12.163281	0	200	/home/user/vllm/logs/speed_test/sglang/asd-nonsd_b128_speed_tp2/run1_asd-nonsd_15.json
1	asd-nonsd	16	16	1785143889067787190	1785143903828738909	14.760952	0	200	/home/user/vllm/logs/speed_test/sglang/asd-nonsd_b128_speed_tp2/run1_asd-nonsd_16.json
1	asd-nonsd	17	17	1785143889068271690	1785143900103111445	11.034840	0	200	/home/user/vllm/logs/speed_test/sglang/asd-nonsd_b128_speed_tp2/run1_asd-nonsd_17.json
1	asd-nonsd	18	18	1785143889068839027	1785143911718922611	22.650084	0	200	/home/user/vllm/logs/speed_test/sglang/asd-nonsd_b128_speed_tp2/run1_asd-nonsd_18.json
1	asd-nonsd	19	19	1785143889069411648	1785143903874906850	14.805495	0	200	/home/user/vllm/logs/speed_test/sglang/asd-nonsd_b128_speed_tp2/run1_asd-nonsd_19.json
1	asd-nonsd	20	20	1785143889070022769	1785143905622515394	16.552493	0	200	/home/user/vllm/logs/speed_test/sglang/asd-nonsd_b128_speed_tp2/run1_asd-nonsd_20.json
1	asd-nonsd	21	21	1785143889070518768	1785143903166882476	14.096364	0	200	/home/user/vllm/logs/speed_test/sglang/asd-nonsd_b128_speed_tp2/run1_asd-nonsd_21.json
1	asd-nonsd	22	22	1785143889071220362	1785143907993879163	18.922659	0	200	/home/user/vllm/logs/speed_test/sglang/asd-nonsd_b128_speed_tp2/run1_asd-nonsd_22.json
1	asd-nonsd	23	23	1785143889071792650	1785143904606831473	15.535039	0	200	/home/user/vllm/logs/speed_test/sglang/asd-nonsd_b128_speed_tp2/run1_asd-nonsd_23.json
1	asd-nonsd	24	24	1785143889072437940	1785143907294557144	18.222119	0	200	/home/user/vllm/logs/speed_test/sglang/asd-nonsd_b128_speed_tp2/run1_asd-nonsd_24.json
1	asd-nonsd	25	25	1785143889072995058	1785143907417862943	18.344868	0	200	/home/user/vllm/logs/speed_test/sglang/asd-nonsd_b128_speed_tp2/run1_asd-nonsd_25.json
1	asd-nonsd	26	26	1785143889073555525	1785143906806184949	17.732629	0	200	/home/user/vllm/logs/speed_test/sglang/asd-nonsd_b128_speed_tp2/run1_asd-nonsd_26.json
1	asd-nonsd	27	27	1785143889074221118	1785143899369807876	10.295587	0	200	/home/user/vllm/logs/speed_test/sglang/asd-nonsd_b128_speed_tp2/run1_asd-nonsd_27.json
1	asd-nonsd	28	28	1785143889074695006	1785143899323005254	10.248310	0	200	/home/user/vllm/logs/speed_test/sglang/asd-nonsd_b128_speed_tp2/run1_asd-nonsd_28.json
1	asd-nonsd	29	29	1785143889075312327	1785143903122043428	14.046731	0	200	/home/user/vllm/logs/speed_test/sglang/asd-nonsd_b128_speed_tp2/run1_asd-nonsd_29.json
1	asd-nonsd	30	30	1785143889075962131	1785143911717564143	22.641602	0	200	/home/user/vllm/logs/speed_test/sglang/asd-nonsd_b128_speed_tp2/run1_asd-nonsd_30.json
1	asd-nonsd	31	31	1785143889076517435	1785143907374234639	18.297717	0	200	/home/user/vllm/logs/speed_test/sglang/asd-nonsd_b128_speed_tp2/run1_asd-nonsd_31.json
1	asd-nonsd	32	32	1785143889077305411	1785143903248997921	14.171693	0	200	/home/user/vllm/logs/speed_test/sglang/asd-nonsd_b128_speed_tp2/run1_asd-nonsd_32.json
1	asd-nonsd	33	33	1785143889077756254	1785143900928555283	11.850799	0	200	/home/user/vllm/logs/speed_test/sglang/asd-nonsd_b128_speed_tp2/run1_asd-nonsd_33.json
1	asd-nonsd	34	34	1785143889078399286	1785143902296641138	13.218242	0	200	/home/user/vllm/logs/speed_test/sglang/asd-nonsd_b128_speed_tp2/run1_asd-nonsd_34.json
1	asd-nonsd	35	35	1785143889079019648	1785143901653036412	12.574017	0	200	/home/user/vllm/logs/speed_test/sglang/asd-nonsd_b128_speed_tp2/run1_asd-nonsd_35.json
1	asd-nonsd	36	36	1785143889079641576	1785143898090314310	9.010673	0	200	/home/user/vllm/logs/speed_test/sglang/asd-nonsd_b128_speed_tp2/run1_asd-nonsd_36.json
1	asd-nonsd	37	37	1785143889080237543	1785143901866118387	12.785881	0	200	/home/user/vllm/logs/speed_test/sglang/asd-nonsd_b128_speed_tp2/run1_asd-nonsd_37.json
1	asd-nonsd	38	38	1785143889080875276	1785143901784143673	12.703268	0	200	/home/user/vllm/logs/speed_test/sglang/asd-nonsd_b128_speed_tp2/run1_asd-nonsd_38.json
1	asd-nonsd	39	39	1785143889081533685	1785143907950637922	18.869104	0	200	/home/user/vllm/logs/speed_test/sglang/asd-nonsd_b128_speed_tp2/run1_asd-nonsd_39.json
1	asd-nonsd	40	40	1785143889082234804	1785143897013451275	7.931216	0	200	/home/user/vllm/logs/speed_test/sglang/asd-nonsd_b128_speed_tp2/run1_asd-nonsd_40.json
1	asd-nonsd	41	41	1785143889082693754	1785143904279680847	15.196987	0	200	/home/user/vllm/logs/speed_test/sglang/asd-nonsd_b128_speed_tp2/run1_asd-nonsd_41.json
1	asd-nonsd	42	42	1785143889083350349	1785143902581219766	13.497869	0	200	/home/user/vllm/logs/speed_test/sglang/asd-nonsd_b128_speed_tp2/run1_asd-nonsd_42.json
1	asd-nonsd	43	43	1785143889083961657	1785143901910885010	12.826923	0	200	/home/user/vllm/logs/speed_test/sglang/asd-nonsd_b128_speed_tp2/run1_asd-nonsd_43.json
1	asd-nonsd	44	44	1785143889084626262	1785143902413965132	13.329339	0	200	/home/user/vllm/logs/speed_test/sglang/asd-nonsd_b128_speed_tp2/run1_asd-nonsd_44.json
1	asd-nonsd	45	45	1785143889085204321	1785143904280231036	15.195027	0	200	/home/user/vllm/logs/speed_test/sglang/asd-nonsd_b128_speed_tp2/run1_asd-nonsd_45.json
1	asd-nonsd	46	46	1785143889085947727	1785143899890410572	10.804463	0	200	/home/user/vllm/logs/speed_test/sglang/asd-nonsd_b128_speed_tp2/run1_asd-nonsd_46.json
1	asd-nonsd	47	47	1785143889086439902	1785143904765873184	15.679433	0	200	/home/user/vllm/logs/speed_test/sglang/asd-nonsd_b128_speed_tp2/run1_asd-nonsd_47.json
1	asd-nonsd	48	48	1785143889087027810	1785143903248810232	14.161782	0	200	/home/user/vllm/logs/speed_test/sglang/asd-nonsd_b128_speed_tp2/run1_asd-nonsd_48.json
1	asd-nonsd	49	49	1785143889087675669	1785143902296291597	13.208616	0	200	/home/user/vllm/logs/speed_test/sglang/asd-nonsd_b128_speed_tp2/run1_asd-nonsd_49.json
1	asd-nonsd	50	50	1785143889088271465	1785143906443212999	17.354942	0	200	/home/user/vllm/logs/speed_test/sglang/asd-nonsd_b128_speed_tp2/run1_asd-nonsd_50.json
1	asd-nonsd	51	51	1785143889088952097	1785143910734863644	21.645912	0	200	/home/user/vllm/logs/speed_test/sglang/asd-nonsd_b128_speed_tp2/run1_asd-nonsd_51.json
1	asd-nonsd	52	52	1785143889089533889	1785143898181501444	9.091968	0	200	/home/user/vllm/logs/speed_test/sglang/asd-nonsd_b128_speed_tp2/run1_asd-nonsd_52.json
1	asd-nonsd	53	53	1785143889090378497	1785143900154267349	11.063889	0	200	/home/user/vllm/logs/speed_test/sglang/asd-nonsd_b128_speed_tp2/run1_asd-nonsd_53.json
1	asd-nonsd	54	54	1785143889090858012	1785143911720163156	22.629305	0	200	/home/user/vllm/logs/speed_test/sglang/asd-nonsd_b128_speed_tp2/run1_asd-nonsd_54.json
1	asd-nonsd	55	55	1785143889091490542	1785143911177186455	22.085696	0	200	/home/user/vllm/logs/speed_test/sglang/asd-nonsd_b128_speed_tp2/run1_asd-nonsd_55.json
1	asd-nonsd	56	56	1785143889092146005	1785143911456324739	22.364179	0	200	/home/user/vllm/logs/speed_test/sglang/asd-nonsd_b128_speed_tp2/run1_asd-nonsd_56.json
1	asd-nonsd	57	57	1785143889092604509	1785143902296302636	13.203698	0	200	/home/user/vllm/logs/speed_test/sglang/asd-nonsd_b128_speed_tp2/run1_asd-nonsd_57.json
1	asd-nonsd	58	58	1785143889093367038	1785143903909579497	14.816212	0	200	/home/user/vllm/logs/speed_test/sglang/asd-nonsd_b128_speed_tp2/run1_asd-nonsd_58.json
1	asd-nonsd	59	59	1785143889093962658	1785143899282956370	10.188994	0	200	/home/user/vllm/logs/speed_test/sglang/asd-nonsd_b128_speed_tp2/run1_asd-nonsd_59.json
1	asd-nonsd	60	60	1785143889094417298	1785143907216672798	18.122256	0	200	/home/user/vllm/logs/speed_test/sglang/asd-nonsd_b128_speed_tp2/run1_asd-nonsd_60.json
1	asd-nonsd	61	61	1785143889095126640	1785143902081065269	12.985939	0	200	/home/user/vllm/logs/speed_test/sglang/asd-nonsd_b128_speed_tp2/run1_asd-nonsd_61.json
1	asd-nonsd	62	62	1785143889095610921	1785143907216280151	18.120669	0	200	/home/user/vllm/logs/speed_test/sglang/asd-nonsd_b128_speed_tp2/run1_asd-nonsd_62.json
1	asd-nonsd	63	63	1785143889096103784	1785143905142724326	16.046621	0	200	/home/user/vllm/logs/speed_test/sglang/asd-nonsd_b128_speed_tp2/run1_asd-nonsd_63.json
1	asd-nonsd	64	64	1785143889096694039	1785143911720189607	22.623496	0	200	/home/user/vllm/logs/speed_test/sglang/asd-nonsd_b128_speed_tp2/run1_asd-nonsd_64.json
1	asd-nonsd	65	65	1785143889097149176	1785143906807979287	17.710830	0	200	/home/user/vllm/logs/speed_test/sglang/asd-nonsd_b128_speed_tp2/run1_asd-nonsd_65.json
1	asd-nonsd	66	66	1785143889097845514	1785143911718761109	22.620916	0	200	/home/user/vllm/logs/speed_test/sglang/asd-nonsd_b128_speed_tp2/run1_asd-nonsd_66.json
1	asd-nonsd	67	67	1785143889098232664	1785143902957808313	13.859576	0	200	/home/user/vllm/logs/speed_test/sglang/asd-nonsd_b128_speed_tp2/run1_asd-nonsd_67.json
1	asd-nonsd	68	68	1785143889098802437	1785143899321818876	10.223016	0	200	/home/user/vllm/logs/speed_test/sglang/asd-nonsd_b128_speed_tp2/run1_asd-nonsd_68.json
1	asd-nonsd	69	69	1785143889099449091	1785143902202772104	13.103323	0	200	/home/user/vllm/logs/speed_test/sglang/asd-nonsd_b128_speed_tp2/run1_asd-nonsd_69.json
1	asd-nonsd	70	70	1785143889099874274	1785143911718863447	22.618989	0	200	/home/user/vllm/logs/speed_test/sglang/asd-nonsd_b128_speed_tp2/run1_asd-nonsd_70.json
1	asd-nonsd	71	71	1785143889100485573	1785143907010570270	17.910085	0	200	/home/user/vllm/logs/speed_test/sglang/asd-nonsd_b128_speed_tp2/run1_asd-nonsd_71.json
1	asd-nonsd	72	72	1785143889100968828	1785143906193309308	17.092340	0	200	/home/user/vllm/logs/speed_test/sglang/asd-nonsd_b128_speed_tp2/run1_asd-nonsd_72.json
1	asd-nonsd	73	73	1785143889101595407	1785143900788686314	11.687091	0	200	/home/user/vllm/logs/speed_test/sglang/asd-nonsd_b128_speed_tp2/run1_asd-nonsd_73.json
1	asd-nonsd	74	74	1785143889102071297	1785143903626243274	14.524172	0	200	/home/user/vllm/logs/speed_test/sglang/asd-nonsd_b128_speed_tp2/run1_asd-nonsd_74.json
1	asd-nonsd	75	75	1785143889102709443	1785143900788986173	11.686277	0	200	/home/user/vllm/logs/speed_test/sglang/asd-nonsd_b128_speed_tp2/run1_asd-nonsd_75.json
1	asd-nonsd	76	76	1785143889103132298	1785143909215245533	20.112113	0	200	/home/user/vllm/logs/speed_test/sglang/asd-nonsd_b128_speed_tp2/run1_asd-nonsd_76.json
1	asd-nonsd	77	77	1785143889103693274	1785143911717840787	22.614148	0	200	/home/user/vllm/logs/speed_test/sglang/asd-nonsd_b128_speed_tp2/run1_asd-nonsd_77.json
1	asd-nonsd	78	78	1785143889104262917	1785143903829274604	14.725012	0	200	/home/user/vllm/logs/speed_test/sglang/asd-nonsd_b128_speed_tp2/run1_asd-nonsd_78.json
1	asd-nonsd	79	79	1785143889104747399	1785143906683537865	17.578790	0	200	/home/user/vllm/logs/speed_test/sglang/asd-nonsd_b128_speed_tp2/run1_asd-nonsd_79.json
1	asd-nonsd	80	80	1785143889105216312	1785143911718991117	22.613775	0	200	/home/user/vllm/logs/speed_test/sglang/asd-nonsd_b128_speed_tp2/run1_asd-nonsd_80.json
1	asd-nonsd	81	81	1785143889105811430	1785143909897397072	20.791586	0	200	/home/user/vllm/logs/speed_test/sglang/asd-nonsd_b128_speed_tp2/run1_asd-nonsd_81.json
1	asd-nonsd	82	82	1785143889106297939	1785143903788404393	14.682106	0	200	/home/user/vllm/logs/speed_test/sglang/asd-nonsd_b128_speed_tp2/run1_asd-nonsd_82.json
1	asd-nonsd	83	83	1785143889106726827	1785143903101573679	13.994847	0	200	/home/user/vllm/logs/speed_test/sglang/asd-nonsd_b128_speed_tp2/run1_asd-nonsd_83.json
1	asd-nonsd	84	84	1785143889107310720	1785143908601621100	19.494310	0	200	/home/user/vllm/logs/speed_test/sglang/asd-nonsd_b128_speed_tp2/run1_asd-nonsd_84.json
1	asd-nonsd	85	85	1785143889107981913	1785143906847984872	17.740003	0	200	/home/user/vllm/logs/speed_test/sglang/asd-nonsd_b128_speed_tp2/run1_asd-nonsd_85.json
1	asd-nonsd	86	86	1785143889108267132	1785143903289501749	14.181235	0	200	/home/user/vllm/logs/speed_test/sglang/asd-nonsd_b128_speed_tp2/run1_asd-nonsd_86.json
1	asd-nonsd	87	87	1785143889108734263	1785143905098635687	15.989901	0	200	/home/user/vllm/logs/speed_test/sglang/asd-nonsd_b128_speed_tp2/run1_asd-nonsd_87.json
1	asd-nonsd	88	88	1785143889109544316	1785143911718534362	22.608990	0	200	/home/user/vllm/logs/speed_test/sglang/asd-nonsd_b128_speed_tp2/run1_asd-nonsd_88.json
1	asd-nonsd	89	89	1785143889109823479	1785143909050033345	19.940210	0	200	/home/user/vllm/logs/speed_test/sglang/asd-nonsd_b128_speed_tp2/run1_asd-nonsd_89.json
1	asd-nonsd	90	90	1785143889110266294	1785143911718996455	22.608730	0	200	/home/user/vllm/logs/speed_test/sglang/asd-nonsd_b128_speed_tp2/run1_asd-nonsd_90.json
1	asd-nonsd	91	91	1785143889110751193	1785143903626373922	14.515623	0	200	/home/user/vllm/logs/speed_test/sglang/asd-nonsd_b128_speed_tp2/run1_asd-nonsd_91.json
1	asd-nonsd	92	92	1785143889111428210	1785143907994734433	18.883306	0	200	/home/user/vllm/logs/speed_test/sglang/asd-nonsd_b128_speed_tp2/run1_asd-nonsd_92.json
1	asd-nonsd	93	93	1785143889111835924	1785143905420580206	16.308744	0	200	/home/user/vllm/logs/speed_test/sglang/asd-nonsd_b128_speed_tp2/run1_asd-nonsd_93.json
1	asd-nonsd	94	94	1785143889112324399	1785143898485707841	9.373383	0	200	/home/user/vllm/logs/speed_test/sglang/asd-nonsd_b128_speed_tp2/run1_asd-nonsd_94.json
1	asd-nonsd	95	95	1785143889112732373	1785143898749155987	9.636424	0	200	/home/user/vllm/logs/speed_test/sglang/asd-nonsd_b128_speed_tp2/run1_asd-nonsd_95.json
1	asd-nonsd	96	96	1785143889113343521	1785143899369849920	10.256506	0	200	/home/user/vllm/logs/speed_test/sglang/asd-nonsd_b128_speed_tp2/run1_asd-nonsd_96.json
1	asd-nonsd	97	97	1785143889114606917	1785143912868743978	23.754137	0	200	/home/user/vllm/logs/speed_test/sglang/asd-nonsd_b128_speed_tp2/run1_asd-nonsd_97.json
1	asd-nonsd	98	98	1785143889114310012	1785143907662732492	18.548422	0	200	/home/user/vllm/logs/speed_test/sglang/asd-nonsd_b128_speed_tp2/run1_asd-nonsd_98.json
1	asd-nonsd	99	99	1785143889114807893	1785143908154191271	19.039383	0	200	/home/user/vllm/logs/speed_test/sglang/asd-nonsd_b128_speed_tp2/run1_asd-nonsd_99.json
1	asd-nonsd	100	100	1785143889115355190	1785143905298827467	16.183472	0	200	/home/user/vllm/logs/speed_test/sglang/asd-nonsd_b128_speed_tp2/run1_asd-nonsd_100.json
1	asd-nonsd	101	101	1785143889115794433	1785143915550823442	26.435029	0	200	/home/user/vllm/logs/speed_test/sglang/asd-nonsd_b128_speed_tp2/run1_asd-nonsd_101.json
1	asd-nonsd	102	102	1785143889116359645	1785143915550531499	26.434172	0	200	/home/user/vllm/logs/speed_test/sglang/asd-nonsd_b128_speed_tp2/run1_asd-nonsd_102.json
1	asd-nonsd	103	103	1785143889116660277	1785143908768117416	19.651457	0	200	/home/user/vllm/logs/speed_test/sglang/asd-nonsd_b128_speed_tp2/run1_asd-nonsd_103.json
1	asd-nonsd	104	104	1785143889117313700	1785143914377490189	25.260176	0	200	/home/user/vllm/logs/speed_test/sglang/asd-nonsd_b128_speed_tp2/run1_asd-nonsd_104.json
1	asd-nonsd	105	105	1785143889117841188	1785143912869066782	23.751226	0	200	/home/user/vllm/logs/speed_test/sglang/asd-nonsd_b128_speed_tp2/run1_asd-nonsd_105.json
1	asd-nonsd	106	106	1785143889118205214	1785143906443963463	17.325758	0	200	/home/user/vllm/logs/speed_test/sglang/asd-nonsd_b128_speed_tp2/run1_asd-nonsd_106.json
1	asd-nonsd	107	107	1785143889118654106	1785143915550929927	26.432276	0	200	/home/user/vllm/logs/speed_test/sglang/asd-nonsd_b128_speed_tp2/run1_asd-nonsd_107.json
1	asd-nonsd	108	108	1785143889119109639	1785143915550484299	26.431375	0	200	/home/user/vllm/logs/speed_test/sglang/asd-nonsd_b128_speed_tp2/run1_asd-nonsd_108.json
1	asd-nonsd	109	109	1785143889119526073	1785143908805448400	19.685922	0	200	/home/user/vllm/logs/speed_test/sglang/asd-nonsd_b128_speed_tp2/run1_asd-nonsd_109.json
1	asd-nonsd	110	110	1785143889120041156	1785143914896729768	25.776689	0	200	/home/user/vllm/logs/speed_test/sglang/asd-nonsd_b128_speed_tp2/run1_asd-nonsd_110.json
1	asd-nonsd	111	111	1785143889120500788	1785143911542333669	22.421833	0	200	/home/user/vllm/logs/speed_test/sglang/asd-nonsd_b128_speed_tp2/run1_asd-nonsd_111.json
1	asd-nonsd	112	112	1785143889121101245	1785143905174733473	16.053632	0	200	/home/user/vllm/logs/speed_test/sglang/asd-nonsd_b128_speed_tp2/run1_asd-nonsd_112.json
1	asd-nonsd	113	113	1785143889121320564	1785143908276446979	19.155126	0	200	/home/user/vllm/logs/speed_test/sglang/asd-nonsd_b128_speed_tp2/run1_asd-nonsd_113.json
1	asd-nonsd	114	114	1785143889121966581	1785143915627612445	26.505646	0	200	/home/user/vllm/logs/speed_test/sglang/asd-nonsd_b128_speed_tp2/run1_asd-nonsd_114.json
1	asd-nonsd	115	115	1785143889122234854	1785143914449940039	25.327705	0	200	/home/user/vllm/logs/speed_test/sglang/asd-nonsd_b128_speed_tp2/run1_asd-nonsd_115.json
1	asd-nonsd	116	116	1785143889122731289	1785143915628831734	26.506100	0	200	/home/user/vllm/logs/speed_test/sglang/asd-nonsd_b128_speed_tp2/run1_asd-nonsd_116.json
1	asd-nonsd	117	117	1785143889123082787	1785143912161688989	23.038606	0	200	/home/user/vllm/logs/speed_test/sglang/asd-nonsd_b128_speed_tp2/run1_asd-nonsd_117.json
1	asd-nonsd	118	118	1785143889123653039	1785143914784097071	25.660444	0	200	/home/user/vllm/logs/speed_test/sglang/asd-nonsd_b128_speed_tp2/run1_asd-nonsd_118.json
1	asd-nonsd	119	119	1785143889123904325	1785143909610231426	20.486327	0	200	/home/user/vllm/logs/speed_test/sglang/asd-nonsd_b128_speed_tp2/run1_asd-nonsd_119.json
1	asd-nonsd	120	120	1785143889124391906	1785143913200928025	24.076536	0	200	/home/user/vllm/logs/speed_test/sglang/asd-nonsd_b128_speed_tp2/run1_asd-nonsd_120.json
1	asd-nonsd	121	121	1785143889124712840	1785143916093468437	26.968756	0	200	/home/user/vllm/logs/speed_test/sglang/asd-nonsd_b128_speed_tp2/run1_asd-nonsd_121.json
1	asd-nonsd	122	122	1785143889125223178	1785143909214560875	20.089338	0	200	/home/user/vllm/logs/speed_test/sglang/asd-nonsd_b128_speed_tp2/run1_asd-nonsd_122.json
1	asd-nonsd	123	123	1785143889125532979	1785143910651318979	21.525786	0	200	/home/user/vllm/logs/speed_test/sglang/asd-nonsd_b128_speed_tp2/run1_asd-nonsd_123.json
1	asd-nonsd	124	124	1785143889126083458	1785143914810665348	25.684582	0	200	/home/user/vllm/logs/speed_test/sglang/asd-nonsd_b128_speed_tp2/run1_asd-nonsd_124.json
1	asd-nonsd	125	125	1785143889126426304	1785143907792827811	18.666402	0	200	/home/user/vllm/logs/speed_test/sglang/asd-nonsd_b128_speed_tp2/run1_asd-nonsd_125.json
1	asd-nonsd	126	126	1785143889126824491	1785143916535899228	27.409075	0	200	/home/user/vllm/logs/speed_test/sglang/asd-nonsd_b128_speed_tp2/run1_asd-nonsd_126.json
1	asd-nonsd	127	127	1785143889127259066	1785143915978147219	26.850888	0	200	/home/user/vllm/logs/speed_test/sglang/asd-nonsd_b128_speed_tp2/run1_asd-nonsd_127.json
2	asd-nonsd	0	0	1785143973391997241	1785143986886072607	13.494075	0	200	/home/user/vllm/logs/speed_test/sglang/asd-nonsd_b128_speed_tp2/run2_asd-nonsd_0.json
2	asd-nonsd	1	1	1785143973392277115	1785143991160770320	17.768493	0	200	/home/user/vllm/logs/speed_test/sglang/asd-nonsd_b128_speed_tp2/run2_asd-nonsd_1.json
2	asd-nonsd	2	2	1785143973392551855	1785143988474106718	15.081555	0	200	/home/user/vllm/logs/speed_test/sglang/asd-nonsd_b128_speed_tp2/run2_asd-nonsd_2.json
2	asd-nonsd	3	3	1785143973394149522	1785143985290797178	11.896648	0	200	/home/user/vllm/logs/speed_test/sglang/asd-nonsd_b128_speed_tp2/run2_asd-nonsd_3.json
2	asd-nonsd	4	4	1785143973393186257	1785143982888455430	9.495269	0	200	/home/user/vllm/logs/speed_test/sglang/asd-nonsd_b128_speed_tp2/run2_asd-nonsd_4.json
2	asd-nonsd	5	5	1785143973393508982	1785143987326689971	13.933181	0	200	/home/user/vllm/logs/speed_test/sglang/asd-nonsd_b128_speed_tp2/run2_asd-nonsd_5.json
2	asd-nonsd	6	6	1785143973394181533	1785143984694915695	11.300734	0	200	/home/user/vllm/logs/speed_test/sglang/asd-nonsd_b128_speed_tp2/run2_asd-nonsd_6.json
2	asd-nonsd	7	7	1785143973394213391	1785143992133430936	18.739218	0	200	/home/user/vllm/logs/speed_test/sglang/asd-nonsd_b128_speed_tp2/run2_asd-nonsd_7.json
2	asd-nonsd	8	8	1785143973394511510	1785143985544283646	12.149772	0	200	/home/user/vllm/logs/speed_test/sglang/asd-nonsd_b128_speed_tp2/run2_asd-nonsd_8.json
2	asd-nonsd	9	9	1785143973395358452	1785143988552345446	15.156987	0	200	/home/user/vllm/logs/speed_test/sglang/asd-nonsd_b128_speed_tp2/run2_asd-nonsd_9.json
2	asd-nonsd	10	10	1785143973395084166	1785143984182842478	10.787758	0	200	/home/user/vllm/logs/speed_test/sglang/asd-nonsd_b128_speed_tp2/run2_asd-nonsd_10.json
2	asd-nonsd	11	11	1785143973395633940	1785143986272811876	12.877178	0	200	/home/user/vllm/logs/speed_test/sglang/asd-nonsd_b128_speed_tp2/run2_asd-nonsd_11.json
2	asd-nonsd	12	12	1785143973396103244	1785143989148459272	15.752356	0	200	/home/user/vllm/logs/speed_test/sglang/asd-nonsd_b128_speed_tp2/run2_asd-nonsd_12.json
2	asd-nonsd	13	13	1785143973396157008	1785143984226619474	10.830462	0	200	/home/user/vllm/logs/speed_test/sglang/asd-nonsd_b128_speed_tp2/run2_asd-nonsd_13.json
2	asd-nonsd	14	14	1785143973396790451	1785143991430580038	18.033790	0	200	/home/user/vllm/logs/speed_test/sglang/asd-nonsd_b128_speed_tp2/run2_asd-nonsd_14.json
2	asd-nonsd	15	15	1785143973397037347	1785143984740421248	11.343384	0	200	/home/user/vllm/logs/speed_test/sglang/asd-nonsd_b128_speed_tp2/run2_asd-nonsd_15.json
2	asd-nonsd	16	16	1785143973397315941	1785143987361011084	13.963695	0	200	/home/user/vllm/logs/speed_test/sglang/asd-nonsd_b128_speed_tp2/run2_asd-nonsd_16.json
2	asd-nonsd	17	17	1785143973397666126	1785143983669152982	10.271487	0	200	/home/user/vllm/logs/speed_test/sglang/asd-nonsd_b128_speed_tp2/run2_asd-nonsd_17.json
2	asd-nonsd	18	18	1785143973397916220	1785143994982984315	21.585068	0	200	/home/user/vllm/logs/speed_test/sglang/asd-nonsd_b128_speed_tp2/run2_asd-nonsd_18.json
2	asd-nonsd	19	19	1785143973398262713	1785143987401023803	14.002761	0	200	/home/user/vllm/logs/speed_test/sglang/asd-nonsd_b128_speed_tp2/run2_asd-nonsd_19.json
2	asd-nonsd	20	20	1785143973398675200	1785143989104016928	15.705342	0	200	/home/user/vllm/logs/speed_test/sglang/asd-nonsd_b128_speed_tp2/run2_asd-nonsd_20.json
2	asd-nonsd	21	21	1785143973398949376	1785143986886494267	13.487545	0	200	/home/user/vllm/logs/speed_test/sglang/asd-nonsd_b128_speed_tp2/run2_asd-nonsd_21.json
2	asd-nonsd	22	22	1785143973399295092	1785143991353247236	17.953952	0	200	/home/user/vllm/logs/speed_test/sglang/asd-nonsd_b128_speed_tp2/run2_asd-nonsd_22.json
2	asd-nonsd	23	23	1785143973399704593	1785143988908801975	15.509097	0	200	/home/user/vllm/logs/speed_test/sglang/asd-nonsd_b128_speed_tp2/run2_asd-nonsd_23.json
2	asd-nonsd	24	24	1785143973399967086	1785143987958990001	14.559023	0	200	/home/user/vllm/logs/speed_test/sglang/asd-nonsd_b128_speed_tp2/run2_asd-nonsd_24.json
2	asd-nonsd	25	25	1785143973400353140	1785143991038046738	17.637694	0	200	/home/user/vllm/logs/speed_test/sglang/asd-nonsd_b128_speed_tp2/run2_asd-nonsd_25.json
2	asd-nonsd	26	26	1785143973400831097	1785143994982998103	21.582167	0	200	/home/user/vllm/logs/speed_test/sglang/asd-nonsd_b128_speed_tp2/run2_asd-nonsd_26.json
2	asd-nonsd	27	27	1785143973401246512	1785143982983015554	9.581769	0	200	/home/user/vllm/logs/speed_test/sglang/asd-nonsd_b128_speed_tp2/run2_asd-nonsd_27.json
2	asd-nonsd	28	28	1785143973401607391	1785143982928710617	9.527103	0	200	/home/user/vllm/logs/speed_test/sglang/asd-nonsd_b128_speed_tp2/run2_asd-nonsd_28.json
2	asd-nonsd	29	29	1785143973401732963	1785143986961992131	13.560259	0	200	/home/user/vllm/logs/speed_test/sglang/asd-nonsd_b128_speed_tp2/run2_asd-nonsd_29.json
2	asd-nonsd	30	30	1785143973402064580	1785143994982404763	21.580340	0	200	/home/user/vllm/logs/speed_test/sglang/asd-nonsd_b128_speed_tp2/run2_asd-nonsd_30.json
2	asd-nonsd	31	31	1785143973402411910	1785143986436399279	13.033987	0	200	/home/user/vllm/logs/speed_test/sglang/asd-nonsd_b128_speed_tp2/run2_asd-nonsd_31.json
2	asd-nonsd	32	32	1785143973402876268	1785143986801906985	13.399031	0	200	/home/user/vllm/logs/speed_test/sglang/asd-nonsd_b128_speed_tp2/run2_asd-nonsd_32.json
2	asd-nonsd	33	33	1785143973403164568	1785143991311957088	17.908793	0	200	/home/user/vllm/logs/speed_test/sglang/asd-nonsd_b128_speed_tp2/run2_asd-nonsd_33.json
2	asd-nonsd	34	34	1785143973403747061	1785143985867939106	12.464192	0	200	/home/user/vllm/logs/speed_test/sglang/asd-nonsd_b128_speed_tp2/run2_asd-nonsd_34.json
2	asd-nonsd	35	35	1785143973403871329	1785143985743079753	12.339208	0	200	/home/user/vllm/logs/speed_test/sglang/asd-nonsd_b128_speed_tp2/run2_asd-nonsd_35.json
2	asd-nonsd	36	36	1785143973404183229	1785143981642625316	8.238442	0	200	/home/user/vllm/logs/speed_test/sglang/asd-nonsd_b128_speed_tp2/run2_asd-nonsd_36.json
2	asd-nonsd	37	37	1785143973404580198	1785143985465224877	12.060645	0	200	/home/user/vllm/logs/speed_test/sglang/asd-nonsd_b128_speed_tp2/run2_asd-nonsd_37.json
2	asd-nonsd	38	38	1785143973404871987	1785143985412221643	12.007350	0	200	/home/user/vllm/logs/speed_test/sglang/asd-nonsd_b128_speed_tp2/run2_asd-nonsd_38.json
2	asd-nonsd	39	39	1785143973405275651	1785143989103943018	15.698667	0	200	/home/user/vllm/logs/speed_test/sglang/asd-nonsd_b128_speed_tp2/run2_asd-nonsd_39.json
2	asd-nonsd	40	40	1785143973405611416	1785143980535199480	7.129588	0	200	/home/user/vllm/logs/speed_test/sglang/asd-nonsd_b128_speed_tp2/run2_asd-nonsd_40.json
2	asd-nonsd	41	41	1785143973405920587	1785143987838187626	14.432267	0	200	/home/user/vllm/logs/speed_test/sglang/asd-nonsd_b128_speed_tp2/run2_asd-nonsd_41.json
2	asd-nonsd	42	42	1785143973406304539	1785143986839780334	13.433476	0	200	/home/user/vllm/logs/speed_test/sglang/asd-nonsd_b128_speed_tp2/run2_asd-nonsd_42.json
2	asd-nonsd	43	43	1785143973406798125	1785143985494839943	12.088042	0	200	/home/user/vllm/logs/speed_test/sglang/asd-nonsd_b128_speed_tp2/run2_asd-nonsd_43.json
2	asd-nonsd	44	44	1785143973407173589	1785143994309308856	20.902135	0	200	/home/user/vllm/logs/speed_test/sglang/asd-nonsd_b128_speed_tp2/run2_asd-nonsd_44.json
2	asd-nonsd	45	45	1785143973407384486	1785143987798688166	14.391304	0	200	/home/user/vllm/logs/speed_test/sglang/asd-nonsd_b128_speed_tp2/run2_asd-nonsd_45.json
2	asd-nonsd	46	46	1785143973407793036	1785143983278661181	9.870868	0	200	/home/user/vllm/logs/speed_test/sglang/asd-nonsd_b128_speed_tp2/run2_asd-nonsd_46.json
2	asd-nonsd	47	47	1785143973408148566	1785143988314516502	14.906368	0	200	/home/user/vllm/logs/speed_test/sglang/asd-nonsd_b128_speed_tp2/run2_asd-nonsd_47.json
2	asd-nonsd	48	48	1785143973408566688	1785143988435077907	15.026511	0	200	/home/user/vllm/logs/speed_test/sglang/asd-nonsd_b128_speed_tp2/run2_asd-nonsd_48.json
2	asd-nonsd	49	49	1785143973408907262	1785143985948998235	12.540091	0	200	/home/user/vllm/logs/speed_test/sglang/asd-nonsd_b128_speed_tp2/run2_asd-nonsd_49.json
2	asd-nonsd	50	50	1785143973409352402	1785143989896857136	16.487505	0	200	/home/user/vllm/logs/speed_test/sglang/asd-nonsd_b128_speed_tp2/run2_asd-nonsd_50.json
2	asd-nonsd	51	51	1785143973409656110	1785143994074028356	20.664372	0	200	/home/user/vllm/logs/speed_test/sglang/asd-nonsd_b128_speed_tp2/run2_asd-nonsd_51.json
2	asd-nonsd	52	52	1785143973410208778	1785143979654222768	6.244014	0	200	/home/user/vllm/logs/speed_test/sglang/asd-nonsd_b128_speed_tp2/run2_asd-nonsd_52.json
2	asd-nonsd	53	53	1785143973410577106	1785143991596153293	18.185576	0	200	/home/user/vllm/logs/speed_test/sglang/asd-nonsd_b128_speed_tp2/run2_asd-nonsd_53.json
2	asd-nonsd	54	54	1785143973410886367	1785143994982984342	21.572098	0	200	/home/user/vllm/logs/speed_test/sglang/asd-nonsd_b128_speed_tp2/run2_asd-nonsd_54.json
2	asd-nonsd	55	55	1785143973411130143	1785143992251191395	18.840061	0	200	/home/user/vllm/logs/speed_test/sglang/asd-nonsd_b128_speed_tp2/run2_asd-nonsd_55.json
2	asd-nonsd	56	56	1785143973411452051	1785143994854646897	21.443195	0	200	/home/user/vllm/logs/speed_test/sglang/asd-nonsd_b128_speed_tp2/run2_asd-nonsd_56.json
2	asd-nonsd	57	57	1785143973411933140	1785143986841410579	13.429477	0	200	/home/user/vllm/logs/speed_test/sglang/asd-nonsd_b128_speed_tp2/run2_asd-nonsd_57.json
2	asd-nonsd	58	58	1785143973412158180	1785143987442224131	14.030066	0	200	/home/user/vllm/logs/speed_test/sglang/asd-nonsd_b128_speed_tp2/run2_asd-nonsd_58.json
2	asd-nonsd	59	59	1785143973412658063	1785143982889457777	9.476800	0	200	/home/user/vllm/logs/speed_test/sglang/asd-nonsd_b128_speed_tp2/run2_asd-nonsd_59.json
2	asd-nonsd	60	60	1785143973412851176	1785143990652026936	17.239176	0	200	/home/user/vllm/logs/speed_test/sglang/asd-nonsd_b128_speed_tp2/run2_asd-nonsd_60.json
2	asd-nonsd	61	61	1785143973413131014	1785143986072275591	12.659145	0	200	/home/user/vllm/logs/speed_test/sglang/asd-nonsd_b128_speed_tp2/run2_asd-nonsd_61.json
2	asd-nonsd	62	62	1785143973413398831	1785143990017710348	16.604312	0	200	/home/user/vllm/logs/speed_test/sglang/asd-nonsd_b128_speed_tp2/run2_asd-nonsd_62.json
2	asd-nonsd	63	63	1785143973413712273	1785143988640666233	15.226954	0	200	/home/user/vllm/logs/speed_test/sglang/asd-nonsd_b128_speed_tp2/run2_asd-nonsd_63.json
2	asd-nonsd	64	64	1785143973414064455	1785143994983403387	21.569339	0	200	/home/user/vllm/logs/speed_test/sglang/asd-nonsd_b128_speed_tp2/run2_asd-nonsd_64.json
2	asd-nonsd	65	65	1785143973414335723	1785143990334675519	16.920340	0	200	/home/user/vllm/logs/speed_test/sglang/asd-nonsd_b128_speed_tp2/run2_asd-nonsd_65.json
2	asd-nonsd	66	66	1785143973414605936	1785143993919417618	20.504812	0	200	/home/user/vllm/logs/speed_test/sglang/asd-nonsd_b128_speed_tp2/run2_asd-nonsd_66.json
2	asd-nonsd	67	67	1785143973414952637	1785143986515733185	13.100781	0	200	/home/user/vllm/logs/speed_test/sglang/asd-nonsd_b128_speed_tp2/run2_asd-nonsd_67.json
2	asd-nonsd	68	68	1785143973415430103	1785143982982102242	9.566672	0	200	/home/user/vllm/logs/speed_test/sglang/asd-nonsd_b128_speed_tp2/run2_asd-nonsd_68.json
2	asd-nonsd	69	69	1785143973415612043	1785143985783045896	12.367434	0	200	/home/user/vllm/logs/speed_test/sglang/asd-nonsd_b128_speed_tp2/run2_asd-nonsd_69.json
2	asd-nonsd	70	70	1785143973416074856	1785143994984305543	21.568231	0	200	/home/user/vllm/logs/speed_test/sglang/asd-nonsd_b128_speed_tp2/run2_asd-nonsd_70.json
2	asd-nonsd	71	71	1785143973416320745	1785143990842704886	17.426384	0	200	/home/user/vllm/logs/speed_test/sglang/asd-nonsd_b128_speed_tp2/run2_asd-nonsd_71.json
2	asd-nonsd	72	72	1785143973416555639	1785143989581796511	16.165241	0	200	/home/user/vllm/logs/speed_test/sglang/asd-nonsd_b128_speed_tp2/run2_asd-nonsd_72.json
2	asd-nonsd	73	73	1785143973416954542	1785143984395547585	10.978593	0	200	/home/user/vllm/logs/speed_test/sglang/asd-nonsd_b128_speed_tp2/run2_asd-nonsd_73.json
2	asd-nonsd	74	74	1785143973417310510	1785143985328971082	11.911661	0	200	/home/user/vllm/logs/speed_test/sglang/asd-nonsd_b128_speed_tp2/run2_asd-nonsd_74.json
2	asd-nonsd	75	75	1785143973417629817	1785143984097818081	10.680188	0	200	/home/user/vllm/logs/speed_test/sglang/asd-nonsd_b128_speed_tp2/run2_asd-nonsd_75.json
2	asd-nonsd	76	76	1785143973417897513	1785143992564761263	19.146864	0	200	/home/user/vllm/logs/speed_test/sglang/asd-nonsd_b128_speed_tp2/run2_asd-nonsd_76.json
2	asd-nonsd	77	77	1785143973418360524	1785143994983265998	21.564905	0	200	/home/user/vllm/logs/speed_test/sglang/asd-nonsd_b128_speed_tp2/run2_asd-nonsd_77.json
2	asd-nonsd	78	78	1785143973418636273	1785143986720940864	13.302305	0	200	/home/user/vllm/logs/speed_test/sglang/asd-nonsd_b128_speed_tp2/run2_asd-nonsd_78.json
2	asd-nonsd	79	79	1785143973418875356	1785143990297145938	16.878271	0	200	/home/user/vllm/logs/speed_test/sglang/asd-nonsd_b128_speed_tp2/run2_asd-nonsd_79.json
2	asd-nonsd	80	80	1785143973419189422	1785143994983405770	21.564216	0	200	/home/user/vllm/logs/speed_test/sglang/asd-nonsd_b128_speed_tp2/run2_asd-nonsd_80.json
2	asd-nonsd	81	81	1785143973419523408	1785143993114179908	19.694657	0	200	/home/user/vllm/logs/speed_test/sglang/asd-nonsd_b128_speed_tp2/run2_asd-nonsd_81.json
2	asd-nonsd	82	82	1785143973419786218	1785143987326834552	13.907048	0	200	/home/user/vllm/logs/speed_test/sglang/asd-nonsd_b128_speed_tp2/run2_asd-nonsd_82.json
2	asd-nonsd	83	83	1785143973420080596	1785143987642264922	14.222184	0	200	/home/user/vllm/logs/speed_test/sglang/asd-nonsd_b128_speed_tp2/run2_asd-nonsd_83.json
2	asd-nonsd	84	84	1785143973420380994	1785143991940396964	18.520016	0	200	/home/user/vllm/logs/speed_test/sglang/asd-nonsd_b128_speed_tp2/run2_asd-nonsd_84.json
2	asd-nonsd	85	85	1785143973421117786	1785143990334394914	16.913277	0	200	/home/user/vllm/logs/speed_test/sglang/asd-nonsd_b128_speed_tp2/run2_asd-nonsd_85.json
2	asd-nonsd	86	86	1785143973421138472	1785143986437602868	13.016464	0	200	/home/user/vllm/logs/speed_test/sglang/asd-nonsd_b128_speed_tp2/run2_asd-nonsd_86.json
2	asd-nonsd	87	87	1785143973421582549	1785143988402614211	14.981032	0	200	/home/user/vllm/logs/speed_test/sglang/asd-nonsd_b128_speed_tp2/run2_asd-nonsd_87.json
2	asd-nonsd	88	88	1785143973421752971	1785143994982782030	21.561029	0	200	/home/user/vllm/logs/speed_test/sglang/asd-nonsd_b128_speed_tp2/run2_asd-nonsd_88.json
2	asd-nonsd	89	89	1785143973422142587	1785143994983053818	21.560911	0	200	/home/user/vllm/logs/speed_test/sglang/asd-nonsd_b128_speed_tp2/run2_asd-nonsd_89.json
2	asd-nonsd	90	90	1785143973422484440	1785143994983274496	21.560790	0	200	/home/user/vllm/logs/speed_test/sglang/asd-nonsd_b128_speed_tp2/run2_asd-nonsd_90.json
2	asd-nonsd	91	91	1785143973422751635	1785143987162449493	13.739698	0	200	/home/user/vllm/logs/speed_test/sglang/asd-nonsd_b128_speed_tp2/run2_asd-nonsd_91.json
2	asd-nonsd	92	92	1785143973423091005	1785143984528917049	11.105826	0	200	/home/user/vllm/logs/speed_test/sglang/asd-nonsd_b128_speed_tp2/run2_asd-nonsd_92.json
2	asd-nonsd	93	93	1785143973423404812	1785143989463095716	16.039691	0	200	/home/user/vllm/logs/speed_test/sglang/asd-nonsd_b128_speed_tp2/run2_asd-nonsd_93.json
2	asd-nonsd	94	94	1785143973423755549	1785143984528599366	11.104844	0	200	/home/user/vllm/logs/speed_test/sglang/asd-nonsd_b128_speed_tp2/run2_asd-nonsd_94.json
2	asd-nonsd	95	95	1785143973424095384	1785143982457789911	9.033695	0	200	/home/user/vllm/logs/speed_test/sglang/asd-nonsd_b128_speed_tp2/run2_asd-nonsd_95.json
2	asd-nonsd	96	96	1785143973424501254	1785143982982791112	9.558290	0	200	/home/user/vllm/logs/speed_test/sglang/asd-nonsd_b128_speed_tp2/run2_asd-nonsd_96.json
2	asd-nonsd	97	97	1785143973424703414	1785143990372363659	16.947660	0	200	/home/user/vllm/logs/speed_test/sglang/asd-nonsd_b128_speed_tp2/run2_asd-nonsd_97.json
2	asd-nonsd	98	98	1785143973425057796	1785143984440916292	11.015858	0	200	/home/user/vllm/logs/speed_test/sglang/asd-nonsd_b128_speed_tp2/run2_asd-nonsd_98.json
2	asd-nonsd	99	99	1785143973425329446	1785143990684906639	17.259577	0	200	/home/user/vllm/logs/speed_test/sglang/asd-nonsd_b128_speed_tp2/run2_asd-nonsd_99.json
2	asd-nonsd	100	100	1785143973425646243	1785143987959192392	14.533546	0	200	/home/user/vllm/logs/speed_test/sglang/asd-nonsd_b128_speed_tp2/run2_asd-nonsd_100.json
2	asd-nonsd	101	101	1785143973425959094	1785143998352585640	24.926627	0	200	/home/user/vllm/logs/speed_test/sglang/asd-nonsd_b128_speed_tp2/run2_asd-nonsd_101.json
2	asd-nonsd	102	102	1785143973426231771	1785143998352780840	24.926549	0	200	/home/user/vllm/logs/speed_test/sglang/asd-nonsd_b128_speed_tp2/run2_asd-nonsd_102.json
2	asd-nonsd	103	103	1785143973426833889	1785143990450599468	17.023766	0	200	/home/user/vllm/logs/speed_test/sglang/asd-nonsd_b128_speed_tp2/run2_asd-nonsd_103.json
2	asd-nonsd	104	104	1785143973427015164	1785143997183191806	23.756177	0	200	/home/user/vllm/logs/speed_test/sglang/asd-nonsd_b128_speed_tp2/run2_asd-nonsd_104.json
2	asd-nonsd	105	105	1785143973427245233	1785143995778545002	22.351300	0	200	/home/user/vllm/logs/speed_test/sglang/asd-nonsd_b128_speed_tp2/run2_asd-nonsd_105.json
2	asd-nonsd	106	106	1785143973427640246	1785143989068555138	15.640915	0	200	/home/user/vllm/logs/speed_test/sglang/asd-nonsd_b128_speed_tp2/run2_asd-nonsd_106.json
2	asd-nonsd	107	107	1785143973427961246	1785143998353328885	24.925368	0	200	/home/user/vllm/logs/speed_test/sglang/asd-nonsd_b128_speed_tp2/run2_asd-nonsd_107.json
2	asd-nonsd	108	108	1785143973428352203	1785143996741323612	23.312971	0	200	/home/user/vllm/logs/speed_test/sglang/asd-nonsd_b128_speed_tp2/run2_asd-nonsd_108.json
2	asd-nonsd	109	109	1785143973428641190	1785143991354759335	17.926118	0	200	/home/user/vllm/logs/speed_test/sglang/asd-nonsd_b128_speed_tp2/run2_asd-nonsd_109.json
2	asd-nonsd	110	110	1785143973429002640	1785143997629914698	24.200912	0	200	/home/user/vllm/logs/speed_test/sglang/asd-nonsd_b128_speed_tp2/run2_asd-nonsd_110.json
2	asd-nonsd	111	111	1785143973429305428	1785143994984329316	21.555024	0	200	/home/user/vllm/logs/speed_test/sglang/asd-nonsd_b128_speed_tp2/run2_asd-nonsd_111.json
2	asd-nonsd	112	112	1785143973429617545	1785143988473316968	15.043699	0	200	/home/user/vllm/logs/speed_test/sglang/asd-nonsd_b128_speed_tp2/run2_asd-nonsd_112.json
2	asd-nonsd	113	113	1785143973429914123	1785143997182793423	23.752879	0	200	/home/user/vllm/logs/speed_test/sglang/asd-nonsd_b128_speed_tp2/run2_asd-nonsd_113.json
2	asd-nonsd	114	114	1785143973430436735	1785143998744972981	25.314536	0	200	/home/user/vllm/logs/speed_test/sglang/asd-nonsd_b128_speed_tp2/run2_asd-nonsd_114.json
2	asd-nonsd	115	115	1785143973430628370	1785143997629823294	24.199195	0	200	/home/user/vllm/logs/speed_test/sglang/asd-nonsd_b128_speed_tp2/run2_asd-nonsd_115.json
2	asd-nonsd	116	116	1785143973431048769	1785143999241175047	25.810126	0	200	/home/user/vllm/logs/speed_test/sglang/asd-nonsd_b128_speed_tp2/run2_asd-nonsd_116.json
2	asd-nonsd	117	117	1785143973431257304	1785143995302952448	21.871695	0	200	/home/user/vllm/logs/speed_test/sglang/asd-nonsd_b128_speed_tp2/run2_asd-nonsd_117.json
2	asd-nonsd	118	118	1785143973431621378	1785143998242428350	24.810807	0	200	/home/user/vllm/logs/speed_test/sglang/asd-nonsd_b128_speed_tp2/run2_asd-nonsd_118.json
2	asd-nonsd	119	119	1785143973431903683	1785143995227035428	21.795132	0	200	/home/user/vllm/logs/speed_test/sglang/asd-nonsd_b128_speed_tp2/run2_asd-nonsd_119.json
2	asd-nonsd	120	120	1785143973432331462	1785143996482245481	23.049914	0	200	/home/user/vllm/logs/speed_test/sglang/asd-nonsd_b128_speed_tp2/run2_asd-nonsd_120.json
2	asd-nonsd	121	121	1785143973432670365	1785143999764736573	26.332066	0	200	/home/user/vllm/logs/speed_test/sglang/asd-nonsd_b128_speed_tp2/run2_asd-nonsd_121.json
2	asd-nonsd	122	122	1785143973433013296	1785143992990357360	19.557344	0	200	/home/user/vllm/logs/speed_test/sglang/asd-nonsd_b128_speed_tp2/run2_asd-nonsd_122.json
2	asd-nonsd	123	123	1785143973433187006	1785143996628335791	23.195149	0	200	/home/user/vllm/logs/speed_test/sglang/asd-nonsd_b128_speed_tp2/run2_asd-nonsd_123.json
2	asd-nonsd	124	124	1785143973433531644	1785143996974532749	23.541001	0	200	/home/user/vllm/logs/speed_test/sglang/asd-nonsd_b128_speed_tp2/run2_asd-nonsd_124.json
2	asd-nonsd	125	125	1785143973434040128	1785143991431146644	17.997107	0	200	/home/user/vllm/logs/speed_test/sglang/asd-nonsd_b128_speed_tp2/run2_asd-nonsd_125.json
2	asd-nonsd	126	126	1785143973434430582	1785143999900312457	26.465882	0	200	/home/user/vllm/logs/speed_test/sglang/asd-nonsd_b128_speed_tp2/run2_asd-nonsd_126.json
2	asd-nonsd	127	127	1785143973434652498	1785144000049208310	26.614556	0	200	/home/user/vllm/logs/speed_test/sglang/asd-nonsd_b128_speed_tp2/run2_asd-nonsd_127.json
3	asd-nonsd	0	0	1785144057068201313	1785144070959358216	13.891157	0	200	/home/user/vllm/logs/speed_test/sglang/asd-nonsd_b128_speed_tp2/run3_asd-nonsd_0.json
3	asd-nonsd	1	1	1785144057068956296	1785144075513386061	18.444430	0	200	/home/user/vllm/logs/speed_test/sglang/asd-nonsd_b128_speed_tp2/run3_asd-nonsd_1.json
3	asd-nonsd	2	2	1785144057069705521	1785144072608118816	15.538413	0	200	/home/user/vllm/logs/speed_test/sglang/asd-nonsd_b128_speed_tp2/run3_asd-nonsd_2.json
3	asd-nonsd	3	3	1785144057070474969	1785144069457565345	12.387090	0	200	/home/user/vllm/logs/speed_test/sglang/asd-nonsd_b128_speed_tp2/run3_asd-nonsd_3.json
3	asd-nonsd	4	4	1785144057071166532	1785144064399952084	7.328786	0	200	/home/user/vllm/logs/speed_test/sglang/asd-nonsd_b128_speed_tp2/run3_asd-nonsd_4.json
3	asd-nonsd	5	5	1785144057071932499	1785144070587147874	13.515215	0	200	/home/user/vllm/logs/speed_test/sglang/asd-nonsd_b128_speed_tp2/run3_asd-nonsd_5.json
3	asd-nonsd	6	6	1785144057074678608	1785144068729210687	11.654532	0	200	/home/user/vllm/logs/speed_test/sglang/asd-nonsd_b128_speed_tp2/run3_asd-nonsd_6.json
3	asd-nonsd	7	7	1785144057073592335	1785144079370608841	22.297017	0	200	/home/user/vllm/logs/speed_test/sglang/asd-nonsd_b128_speed_tp2/run3_asd-nonsd_7.json
3	asd-nonsd	8	8	1785144057074851847	1785144070046783389	12.971932	0	200	/home/user/vllm/logs/speed_test/sglang/asd-nonsd_b128_speed_tp2/run3_asd-nonsd_8.json
3	asd-nonsd	9	9	1785144057075140003	1785144072692793159	15.617653	0	200	/home/user/vllm/logs/speed_test/sglang/asd-nonsd_b128_speed_tp2/run3_asd-nonsd_9.json
3	asd-nonsd	10	10	1785144057075885173	1785144069456067007	12.380182	0	200	/home/user/vllm/logs/speed_test/sglang/asd-nonsd_b128_speed_tp2/run3_asd-nonsd_10.json
3	asd-nonsd	11	11	1785144057076648656	1785144070252534669	13.175886	0	200	/home/user/vllm/logs/speed_test/sglang/asd-nonsd_b128_speed_tp2/run3_asd-nonsd_11.json
3	asd-nonsd	12	12	1785144057077468528	1785144075308880460	18.231412	0	200	/home/user/vllm/logs/speed_test/sglang/asd-nonsd_b128_speed_tp2/run3_asd-nonsd_12.json
3	asd-nonsd	13	13	1785144057078112073	1785144068085399554	11.007287	0	200	/home/user/vllm/logs/speed_test/sglang/asd-nonsd_b128_speed_tp2/run3_asd-nonsd_13.json
3	asd-nonsd	14	14	1785144057078793413	1785144073388246447	16.309453	0	200	/home/user/vllm/logs/speed_test/sglang/asd-nonsd_b128_speed_tp2/run3_asd-nonsd_14.json
3	asd-nonsd	15	15	1785144057079509374	1785144068944166504	11.864657	0	200	/home/user/vllm/logs/speed_test/sglang/asd-nonsd_b128_speed_tp2/run3_asd-nonsd_15.json
3	asd-nonsd	16	16	1785144057080435009	1785144071498966897	14.418532	0	200	/home/user/vllm/logs/speed_test/sglang/asd-nonsd_b128_speed_tp2/run3_asd-nonsd_16.json
3	asd-nonsd	17	17	1785144057081016617	1785144067737842670	10.656826	0	200	/home/user/vllm/logs/speed_test/sglang/asd-nonsd_b128_speed_tp2/run3_asd-nonsd_17.json
3	asd-nonsd	18	18	1785144057081729449	1785144079370053237	22.288324	0	200	/home/user/vllm/logs/speed_test/sglang/asd-nonsd_b128_speed_tp2/run3_asd-nonsd_18.json
3	asd-nonsd	19	19	1785144057082415997	1785144071498915063	14.416499	0	200	/home/user/vllm/logs/speed_test/sglang/asd-nonsd_b128_speed_tp2/run3_asd-nonsd_19.json
3	asd-nonsd	20	20	1785144057083036632	1785144073266656720	16.183620	0	200	/home/user/vllm/logs/speed_test/sglang/asd-nonsd_b128_speed_tp2/run3_asd-nonsd_20.json
3	asd-nonsd	21	21	1785144057083768625	1785144070630141560	13.546373	0	200	/home/user/vllm/logs/speed_test/sglang/asd-nonsd_b128_speed_tp2/run3_asd-nonsd_21.json
3	asd-nonsd	22	22	1785144057084483090	1785144075401319899	18.316837	0	200	/home/user/vllm/logs/speed_test/sglang/asd-nonsd_b128_speed_tp2/run3_asd-nonsd_22.json
3	asd-nonsd	23	23	1785144057085247311	1785144072323139251	15.237892	0	200	/home/user/vllm/logs/speed_test/sglang/asd-nonsd_b128_speed_tp2/run3_asd-nonsd_23.json
3	asd-nonsd	24	24	1785144057085921789	1785144074942884220	17.856962	0	200	/home/user/vllm/logs/speed_test/sglang/asd-nonsd_b128_speed_tp2/run3_asd-nonsd_24.json
3	asd-nonsd	25	25	1785144057086611146	1785144075267086886	18.180476	0	200	/home/user/vllm/logs/speed_test/sglang/asd-nonsd_b128_speed_tp2/run3_asd-nonsd_25.json
3	asd-nonsd	26	26	1785144057087267616	1785144079370795175	22.283528	0	200	/home/user/vllm/logs/speed_test/sglang/asd-nonsd_b128_speed_tp2/run3_asd-nonsd_26.json
3	asd-nonsd	27	27	1785144057088019734	1785144066772092472	9.684073	0	200	/home/user/vllm/logs/speed_test/sglang/asd-nonsd_b128_speed_tp2/run3_asd-nonsd_27.json
3	asd-nonsd	28	28	1785144057088695828	1785144067210588359	10.121893	0	200	/home/user/vllm/logs/speed_test/sglang/asd-nonsd_b128_speed_tp2/run3_asd-nonsd_28.json
3	asd-nonsd	29	29	1785144057089435497	1785144070752865465	13.663430	0	200	/home/user/vllm/logs/speed_test/sglang/asd-nonsd_b128_speed_tp2/run3_asd-nonsd_29.json
3	asd-nonsd	30	30	1785144057090116630	1785144075923215317	18.833099	0	200	/home/user/vllm/logs/speed_test/sglang/asd-nonsd_b128_speed_tp2/run3_asd-nonsd_30.json
3	asd-nonsd	31	31	1785144057090772324	1785144075064519826	17.973748	0	200	/home/user/vllm/logs/speed_test/sglang/asd-nonsd_b128_speed_tp2/run3_asd-nonsd_31.json
3	asd-nonsd	32	32	1785144057091511177	1785144070878784231	13.787273	0	200	/home/user/vllm/logs/speed_test/sglang/asd-nonsd_b128_speed_tp2/run3_asd-nonsd_32.json
3	asd-nonsd	33	33	1785144057092223498	1785144074945132693	17.852909	0	200	/home/user/vllm/logs/speed_test/sglang/asd-nonsd_b128_speed_tp2/run3_asd-nonsd_33.json
3	asd-nonsd	34	34	1785144057093021397	1785144069918342273	12.825321	0	200	/home/user/vllm/logs/speed_test/sglang/asd-nonsd_b128_speed_tp2/run3_asd-nonsd_34.json
3	asd-nonsd	35	35	1785144057093659257	1785144069243944794	12.150286	0	200	/home/user/vllm/logs/speed_test/sglang/asd-nonsd_b128_speed_tp2/run3_asd-nonsd_35.json
3	asd-nonsd	36	36	1785144057094314250	1785144065029488783	7.935175	0	200	/home/user/vllm/logs/speed_test/sglang/asd-nonsd_b128_speed_tp2/run3_asd-nonsd_36.json
3	asd-nonsd	37	37	1785144057095019233	1785144069499271613	12.404252	0	200	/home/user/vllm/logs/speed_test/sglang/asd-nonsd_b128_speed_tp2/run3_asd-nonsd_37.json
3	asd-nonsd	38	38	1785144057095734861	1785144070669906669	13.574172	0	200	/home/user/vllm/logs/speed_test/sglang/asd-nonsd_b128_speed_tp2/run3_asd-nonsd_38.json
3	asd-nonsd	39	39	1785144057096432275	1785144072693902466	15.597470	0	200	/home/user/vllm/logs/speed_test/sglang/asd-nonsd_b128_speed_tp2/run3_asd-nonsd_39.json
3	asd-nonsd	40	40	1785144057097126298	1785144064365472644	7.268346	0	200	/home/user/vllm/logs/speed_test/sglang/asd-nonsd_b128_speed_tp2/run3_asd-nonsd_40.json
3	asd-nonsd	41	41	1785144057097847885	1785144071913072662	14.815225	0	200	/home/user/vllm/logs/speed_test/sglang/asd-nonsd_b128_speed_tp2/run3_asd-nonsd_41.json
3	asd-nonsd	42	42	1785144057098507300	1785144070802746397	13.704239	0	200	/home/user/vllm/logs/speed_test/sglang/asd-nonsd_b128_speed_tp2/run3_asd-nonsd_42.json
3	asd-nonsd	43	43	1785144057099168261	1785144072074517783	14.975350	0	200	/home/user/vllm/logs/speed_test/sglang/asd-nonsd_b128_speed_tp2/run3_asd-nonsd_43.json
3	asd-nonsd	44	44	1785144057099904318	1785144078669099915	21.569196	0	200	/home/user/vllm/logs/speed_test/sglang/asd-nonsd_b128_speed_tp2/run3_asd-nonsd_44.json
3	asd-nonsd	45	45	1785144057100523508	1785144078466832282	21.366309	0	200	/home/user/vllm/logs/speed_test/sglang/asd-nonsd_b128_speed_tp2/run3_asd-nonsd_45.json
3	asd-nonsd	46	46	1785144057101159836	1785144066508852564	9.407693	0	200	/home/user/vllm/logs/speed_test/sglang/asd-nonsd_b128_speed_tp2/run3_asd-nonsd_46.json
3	asd-nonsd	47	47	1785144057101811543	1785144072404846590	15.303035	0	200	/home/user/vllm/logs/speed_test/sglang/asd-nonsd_b128_speed_tp2/run3_asd-nonsd_47.json
3	asd-nonsd	48	48	1785144057102485492	1785144071003811021	13.901326	0	200	/home/user/vllm/logs/speed_test/sglang/asd-nonsd_b128_speed_tp2/run3_asd-nonsd_48.json
3	asd-nonsd	49	49	1785144057103032175	1785144069882393885	12.779362	0	200	/home/user/vllm/logs/speed_test/sglang/asd-nonsd_b128_speed_tp2/run3_asd-nonsd_49.json
3	asd-nonsd	50	50	1785144057103678689	1785144073965650504	16.861972	0	200	/home/user/vllm/logs/speed_test/sglang/asd-nonsd_b128_speed_tp2/run3_asd-nonsd_50.json
3	asd-nonsd	51	51	1785144057104318066	1785144076736265647	19.631948	0	200	/home/user/vllm/logs/speed_test/sglang/asd-nonsd_b128_speed_tp2/run3_asd-nonsd_51.json
3	asd-nonsd	52	52	1785144057104873894	1785144065936872041	8.831998	0	200	/home/user/vllm/logs/speed_test/sglang/asd-nonsd_b128_speed_tp2/run3_asd-nonsd_52.json
3	asd-nonsd	53	53	1785144057105445080	1785144075840812977	18.735368	0	200	/home/user/vllm/logs/speed_test/sglang/asd-nonsd_b128_speed_tp2/run3_asd-nonsd_53.json
3	asd-nonsd	54	54	1785144057106059018	1785144079370832808	22.264774	0	200	/home/user/vllm/logs/speed_test/sglang/asd-nonsd_b128_speed_tp2/run3_asd-nonsd_54.json
3	asd-nonsd	55	55	1785144057106644900	1785144076529978367	19.423333	0	200	/home/user/vllm/logs/speed_test/sglang/asd-nonsd_b128_speed_tp2/run3_asd-nonsd_55.json
3	asd-nonsd	56	56	1785144057107197756	1785144079227231413	22.120034	0	200	/home/user/vllm/logs/speed_test/sglang/asd-nonsd_b128_speed_tp2/run3_asd-nonsd_56.json
3	asd-nonsd	57	57	1785144057107833610	1785144070921299027	13.813465	0	200	/home/user/vllm/logs/speed_test/sglang/asd-nonsd_b128_speed_tp2/run3_asd-nonsd_57.json
3	asd-nonsd	58	58	1785144057108393399	1785144071544614481	14.436221	0	200	/home/user/vllm/logs/speed_test/sglang/asd-nonsd_b128_speed_tp2/run3_asd-nonsd_58.json
3	asd-nonsd	59	59	1785144057108975631	1785144066944751194	9.835776	0	200	/home/user/vllm/logs/speed_test/sglang/asd-nonsd_b128_speed_tp2/run3_asd-nonsd_59.json
3	asd-nonsd	60	60	1785144057109476063	1785144074862143391	17.752667	0	200	/home/user/vllm/logs/speed_test/sglang/asd-nonsd_b128_speed_tp2/run3_asd-nonsd_60.json
3	asd-nonsd	61	61	1785144057110073164	1785144070128619407	13.018546	0	200	/home/user/vllm/logs/speed_test/sglang/asd-nonsd_b128_speed_tp2/run3_asd-nonsd_61.json
3	asd-nonsd	62	62	1785144057110564955	1785144074206625527	17.096061	0	200	/home/user/vllm/logs/speed_test/sglang/asd-nonsd_b128_speed_tp2/run3_asd-nonsd_62.json
3	asd-nonsd	63	63	1785144057111118580	1785144072737969607	15.626851	0	200	/home/user/vllm/logs/speed_test/sglang/asd-nonsd_b128_speed_tp2/run3_asd-nonsd_63.json
3	asd-nonsd	64	64	1785144057111764698	1785144079369709582	22.257945	0	200	/home/user/vllm/logs/speed_test/sglang/asd-nonsd_b128_speed_tp2/run3_asd-nonsd_64.json
3	asd-nonsd	65	65	1785144057112202047	1785144076081883473	18.969681	0	200	/home/user/vllm/logs/speed_test/sglang/asd-nonsd_b128_speed_tp2/run3_asd-nonsd_65.json
3	asd-nonsd	66	66	1785144057112703552	1785144078260215143	21.147512	0	200	/home/user/vllm/logs/speed_test/sglang/asd-nonsd_b128_speed_tp2/run3_asd-nonsd_66.json
3	asd-nonsd	67	67	1785144057113219908	1785144070628749717	13.515530	0	200	/home/user/vllm/logs/speed_test/sglang/asd-nonsd_b128_speed_tp2/run3_asd-nonsd_67.json
3	asd-nonsd	68	68	1785144057113728892	1785144067040682336	9.926953	0	200	/home/user/vllm/logs/speed_test/sglang/asd-nonsd_b128_speed_tp2/run3_asd-nonsd_68.json
3	asd-nonsd	69	69	1785144057114213951	1785144069836748882	12.722535	0	200	/home/user/vllm/logs/speed_test/sglang/asd-nonsd_b128_speed_tp2/run3_asd-nonsd_69.json
3	asd-nonsd	70	70	1785144057114895880	1785144079370300983	22.255405	0	200	/home/user/vllm/logs/speed_test/sglang/asd-nonsd_b128_speed_tp2/run3_asd-nonsd_70.json
3	asd-nonsd	71	71	1785144057115217162	1785144075064848644	17.949631	0	200	/home/user/vllm/logs/speed_test/sglang/asd-nonsd_b128_speed_tp2/run3_asd-nonsd_71.json
3	asd-nonsd	72	72	1785144057115696668	1785144074660007976	17.544311	0	200	/home/user/vllm/logs/speed_test/sglang/asd-nonsd_b128_speed_tp2/run3_asd-nonsd_72.json
3	asd-nonsd	73	73	1785144057116279827	1785144068431172336	11.314893	0	200	/home/user/vllm/logs/speed_test/sglang/asd-nonsd_b128_speed_tp2/run3_asd-nonsd_73.json
3	asd-nonsd	74	74	1785144057116654020	1785144069376632093	12.259978	0	200	/home/user/vllm/logs/speed_test/sglang/asd-nonsd_b128_speed_tp2/run3_asd-nonsd_74.json
3	asd-nonsd	75	75	1785144057117175737	1785144068129449526	11.012274	0	200	/home/user/vllm/logs/speed_test/sglang/asd-nonsd_b128_speed_tp2/run3_asd-nonsd_75.json
3	asd-nonsd	76	76	1785144057117618187	1785144076859931253	19.742313	0	200	/home/user/vllm/logs/speed_test/sglang/asd-nonsd_b128_speed_tp2/run3_asd-nonsd_76.json
3	asd-nonsd	77	77	1785144057118170345	1785144079369357712	22.251187	0	200	/home/user/vllm/logs/speed_test/sglang/asd-nonsd_b128_speed_tp2/run3_asd-nonsd_77.json
3	asd-nonsd	78	78	1785144057118618220	1785144070801790525	13.683172	0	200	/home/user/vllm/logs/speed_test/sglang/asd-nonsd_b128_speed_tp2/run3_asd-nonsd_78.json
3	asd-nonsd	79	79	1785144057119065604	1785144074163048990	17.043983	0	200	/home/user/vllm/logs/speed_test/sglang/asd-nonsd_b128_speed_tp2/run3_asd-nonsd_79.json
3	asd-nonsd	80	80	1785144057119532557	1785144079369811142	22.250279	0	200	/home/user/vllm/logs/speed_test/sglang/asd-nonsd_b128_speed_tp2/run3_asd-nonsd_80.json
3	asd-nonsd	81	81	1785144057120216266	1785144077300708378	20.180492	0	200	/home/user/vllm/logs/speed_test/sglang/asd-nonsd_b128_speed_tp2/run3_asd-nonsd_81.json
3	asd-nonsd	82	82	1785144057120526456	1785144071418636589	14.298110	0	200	/home/user/vllm/logs/speed_test/sglang/asd-nonsd_b128_speed_tp2/run3_asd-nonsd_82.json
3	asd-nonsd	83	83	1785144057120960212	1785144071745140111	14.624180	0	200	/home/user/vllm/logs/speed_test/sglang/asd-nonsd_b128_speed_tp2/run3_asd-nonsd_83.json
3	asd-nonsd	84	84	1785144057121347482	1785144076203307241	19.081960	0	200	/home/user/vllm/logs/speed_test/sglang/asd-nonsd_b128_speed_tp2/run3_asd-nonsd_84.json
3	asd-nonsd	85	85	1785144057121888748	1785144074534440997	17.412552	0	200	/home/user/vllm/logs/speed_test/sglang/asd-nonsd_b128_speed_tp2/run3_asd-nonsd_85.json
3	asd-nonsd	86	86	1785144057122360526	1785144070505556031	13.383196	0	200	/home/user/vllm/logs/speed_test/sglang/asd-nonsd_b128_speed_tp2/run3_asd-nonsd_86.json
3	asd-nonsd	87	87	1785144057122835168	1785144072528801134	15.405966	0	200	/home/user/vllm/logs/speed_test/sglang/asd-nonsd_b128_speed_tp2/run3_asd-nonsd_87.json
3	asd-nonsd	88	88	1785144057123201833	1785144079370611140	22.247409	0	200	/home/user/vllm/logs/speed_test/sglang/asd-nonsd_b128_speed_tp2/run3_asd-nonsd_88.json
3	asd-nonsd	89	89	1785144057123756200	1785144079370576663	22.246820	0	200	/home/user/vllm/logs/speed_test/sglang/asd-nonsd_b128_speed_tp2/run3_asd-nonsd_89.json
3	asd-nonsd	90	90	1785144057124189883	1785144079371349863	22.247160	0	200	/home/user/vllm/logs/speed_test/sglang/asd-nonsd_b128_speed_tp2/run3_asd-nonsd_90.json
3	asd-nonsd	91	91	1785144057124991378	1785144071252833107	14.127842	0	200	/home/user/vllm/logs/speed_test/sglang/asd-nonsd_b128_speed_tp2/run3_asd-nonsd_91.json
3	asd-nonsd	92	92	1785144057125096585	1785144068560959842	11.435863	0	200	/home/user/vllm/logs/speed_test/sglang/asd-nonsd_b128_speed_tp2/run3_asd-nonsd_92.json
3	asd-nonsd	93	93	1785144057125511768	1785144073632726335	16.507215	0	200	/home/user/vllm/logs/speed_test/sglang/asd-nonsd_b128_speed_tp2/run3_asd-nonsd_93.json
3	asd-nonsd	94	94	1785144057125926181	1785144068561671191	11.435745	0	200	/home/user/vllm/logs/speed_test/sglang/asd-nonsd_b128_speed_tp2/run3_asd-nonsd_94.json
3	asd-nonsd	95	95	1785144057126405508	1785144066419019429	9.292614	0	200	/home/user/vllm/logs/speed_test/sglang/asd-nonsd_b128_speed_tp2/run3_asd-nonsd_95.json
3	asd-nonsd	96	96	1785144057126763679	1785144067041581643	9.914818	0	200	/home/user/vllm/logs/speed_test/sglang/asd-nonsd_b128_speed_tp2/run3_asd-nonsd_96.json
3	asd-nonsd	97	97	1785144057127329281	1785144074575792725	17.448463	0	200	/home/user/vllm/logs/speed_test/sglang/asd-nonsd_b128_speed_tp2/run3_asd-nonsd_97.json
3	asd-nonsd	98	98	1785144057127708375	1785144068474366541	11.346658	0	200	/home/user/vllm/logs/speed_test/sglang/asd-nonsd_b128_speed_tp2/run3_asd-nonsd_98.json
3	asd-nonsd	99	99	1785144057128112128	1785144075402325579	18.274213	0	200	/home/user/vllm/logs/speed_test/sglang/asd-nonsd_b128_speed_tp2/run3_asd-nonsd_99.json
3	asd-nonsd	100	100	1785144057128578106	1785144072898870246	15.770292	0	200	/home/user/vllm/logs/speed_test/sglang/asd-nonsd_b128_speed_tp2/run3_asd-nonsd_100.json
3	asd-nonsd	101	101	1785144057129134187	1785144083164539209	26.035405	0	200	/home/user/vllm/logs/speed_test/sglang/asd-nonsd_b128_speed_tp2/run3_asd-nonsd_101.json
3	asd-nonsd	102	102	1785144057129533634	1785144083162905998	26.033372	0	200	/home/user/vllm/logs/speed_test/sglang/asd-nonsd_b128_speed_tp2/run3_asd-nonsd_102.json
3	asd-nonsd	103	103	1785144057129791264	1785144078870865758	21.741074	0	200	/home/user/vllm/logs/speed_test/sglang/asd-nonsd_b128_speed_tp2/run3_asd-nonsd_103.json
3	asd-nonsd	104	104	1785144057130189914	1785144082992975667	25.862786	0	200	/home/user/vllm/logs/speed_test/sglang/asd-nonsd_b128_speed_tp2/run3_asd-nonsd_104.json
3	asd-nonsd	105	105	1785144057130655208	1785144080150259433	23.019604	0	200	/home/user/vllm/logs/speed_test/sglang/asd-nonsd_b128_speed_tp2/run3_asd-nonsd_105.json
3	asd-nonsd	106	106	1785144057130989653	1785144074038782786	16.907793	0	200	/home/user/vllm/logs/speed_test/sglang/asd-nonsd_b128_speed_tp2/run3_asd-nonsd_106.json
3	asd-nonsd	107	107	1785144057131498127	1785144082382597774	25.251100	0	200	/home/user/vllm/logs/speed_test/sglang/asd-nonsd_b128_speed_tp2/run3_asd-nonsd_107.json
3	asd-nonsd	108	108	1785144057131918553	1785144083162937122	26.031019	0	200	/home/user/vllm/logs/speed_test/sglang/asd-nonsd_b128_speed_tp2/run3_asd-nonsd_108.json
3	asd-nonsd	109	109	1785144057132365294	1785144076406726402	19.274361	0	200	/home/user/vllm/logs/speed_test/sglang/asd-nonsd_b128_speed_tp2/run3_asd-nonsd_109.json
3	asd-nonsd	110	110	1785144057132839648	1785144082425008577	25.292169	0	200	/home/user/vllm/logs/speed_test/sglang/asd-nonsd_b128_speed_tp2/run3_asd-nonsd_110.json
3	asd-nonsd	111	111	1785144057133231534	1785144080041720672	22.908489	0	200	/home/user/vllm/logs/speed_test/sglang/asd-nonsd_b128_speed_tp2/run3_asd-nonsd_111.json
3	asd-nonsd	112	112	1785144057133509971	1785144072653354774	15.519845	0	200	/home/user/vllm/logs/speed_test/sglang/asd-nonsd_b128_speed_tp2/run3_asd-nonsd_112.json
3	asd-nonsd	113	113	1785144057133937776	1785144081547724910	24.413787	0	200	/home/user/vllm/logs/speed_test/sglang/asd-nonsd_b128_speed_tp2/run3_asd-nonsd_113.json
3	asd-nonsd	114	114	1785144057134355406	1785144083185885649	26.051530	0	200	/home/user/vllm/logs/speed_test/sglang/asd-nonsd_b128_speed_tp2/run3_asd-nonsd_114.json
3	asd-nonsd	115	115	1785144057134721605	1785144082246744223	25.112023	0	200	/home/user/vllm/logs/speed_test/sglang/asd-nonsd_b128_speed_tp2/run3_asd-nonsd_115.json
3	asd-nonsd	116	116	1785144057135109383	1785144083186668726	26.051559	0	200	/home/user/vllm/logs/speed_test/sglang/asd-nonsd_b128_speed_tp2/run3_asd-nonsd_116.json
3	asd-nonsd	117	117	1785144057135715118	1785144079724879653	22.589165	0	200	/home/user/vllm/logs/speed_test/sglang/asd-nonsd_b128_speed_tp2/run3_asd-nonsd_117.json
3	asd-nonsd	118	118	1785144057135974767	1785144082360327386	25.224353	0	200	/home/user/vllm/logs/speed_test/sglang/asd-nonsd_b128_speed_tp2/run3_asd-nonsd_118.json
3	asd-nonsd	119	119	1785144057136448736	1785144078544154742	21.407706	0	200	/home/user/vllm/logs/speed_test/sglang/asd-nonsd_b128_speed_tp2/run3_asd-nonsd_119.json
3	asd-nonsd	120	120	1785144057137362376	1785144080639871879	23.502510	0	200	/home/user/vllm/logs/speed_test/sglang/asd-nonsd_b128_speed_tp2/run3_asd-nonsd_120.json
3	asd-nonsd	121	121	1785144057137270617	1785144083279652737	26.142382	0	200	/home/user/vllm/logs/speed_test/sglang/asd-nonsd_b128_speed_tp2/run3_asd-nonsd_121.json
3	asd-nonsd	122	122	1785144057137574100	1785144077175565557	20.037991	0	200	/home/user/vllm/logs/speed_test/sglang/asd-nonsd_b128_speed_tp2/run3_asd-nonsd_122.json
3	asd-nonsd	123	123	1785144057138134040	1785144079071142856	21.933009	0	200	/home/user/vllm/logs/speed_test/sglang/asd-nonsd_b128_speed_tp2/run3_asd-nonsd_123.json
3	asd-nonsd	124	124	1785144057139229604	1785144080994063631	23.854834	0	200	/home/user/vllm/logs/speed_test/sglang/asd-nonsd_b128_speed_tp2/run3_asd-nonsd_124.json
3	asd-nonsd	125	125	1785144057138835597	1785144075402304381	18.263469	0	200	/home/user/vllm/logs/speed_test/sglang/asd-nonsd_b128_speed_tp2/run3_asd-nonsd_125.json
3	asd-nonsd	126	126	1785144057139133696	1785144084183774481	27.044641	0	200	/home/user/vllm/logs/speed_test/sglang/asd-nonsd_b128_speed_tp2/run3_asd-nonsd_126.json
3	asd-nonsd	127	127	1785144057139683182	1785144084241812034	27.102129	0	200	/home/user/vllm/logs/speed_test/sglang/asd-nonsd_b128_speed_tp2/run3_asd-nonsd_127.json
4	asd-nonsd	0	0	1785144141326304938	1785144155512280804	14.185976	0	200	/home/user/vllm/logs/speed_test/sglang/asd-nonsd_b128_speed_tp2/run4_asd-nonsd_0.json
4	asd-nonsd	1	1	1785144141327260438	1785144160158494664	18.831234	0	200	/home/user/vllm/logs/speed_test/sglang/asd-nonsd_b128_speed_tp2/run4_asd-nonsd_1.json
4	asd-nonsd	2	2	1785144141327486328	1785144154687529836	13.360044	0	200	/home/user/vllm/logs/speed_test/sglang/asd-nonsd_b128_speed_tp2/run4_asd-nonsd_2.json
4	asd-nonsd	3	3	1785144141329480857	1785144154269671070	12.940190	0	200	/home/user/vllm/logs/speed_test/sglang/asd-nonsd_b128_speed_tp2/run4_asd-nonsd_3.json
4	asd-nonsd	4	4	1785144141330522284	1785144149230106077	7.899584	0	200	/home/user/vllm/logs/speed_test/sglang/asd-nonsd_b128_speed_tp2/run4_asd-nonsd_4.json
4	asd-nonsd	5	5	1785144141330856846	1785144154318675510	12.987819	0	200	/home/user/vllm/logs/speed_test/sglang/asd-nonsd_b128_speed_tp2/run4_asd-nonsd_5.json
4	asd-nonsd	6	6	1785144141332286005	1785144152834537435	11.502251	0	200	/home/user/vllm/logs/speed_test/sglang/asd-nonsd_b128_speed_tp2/run4_asd-nonsd_6.json
4	asd-nonsd	7	7	1785144141331521669	1785144164039511444	22.707990	0	200	/home/user/vllm/logs/speed_test/sglang/asd-nonsd_b128_speed_tp2/run4_asd-nonsd_7.json
4	asd-nonsd	8	8	1785144141332757853	1785144157226877171	15.894119	0	200	/home/user/vllm/logs/speed_test/sglang/asd-nonsd_b128_speed_tp2/run4_asd-nonsd_8.json
4	asd-nonsd	9	9	1785144141334327441	1785144158933693089	17.599366	0	200	/home/user/vllm/logs/speed_test/sglang/asd-nonsd_b128_speed_tp2/run4_asd-nonsd_9.json
4	asd-nonsd	10	10	1785144141333860709	1785144154229324876	12.895464	0	200	/home/user/vllm/logs/speed_test/sglang/asd-nonsd_b128_speed_tp2/run4_asd-nonsd_10.json
4	asd-nonsd	11	11	1785144141334709092	1785144152706758431	11.372049	0	200	/home/user/vllm/logs/speed_test/sglang/asd-nonsd_b128_speed_tp2/run4_asd-nonsd_11.json
4	asd-nonsd	12	12	1785144141335298436	1785144164040845688	22.705547	0	200	/home/user/vllm/logs/speed_test/sglang/asd-nonsd_b128_speed_tp2/run4_asd-nonsd_12.json
4	asd-nonsd	13	13	1785144141336190170	1785144153049061041	11.712871	0	200	/home/user/vllm/logs/speed_test/sglang/asd-nonsd_b128_speed_tp2/run4_asd-nonsd_13.json
4	asd-nonsd	14	14	1785144141336841469	1785144160395784687	19.058943	0	200	/home/user/vllm/logs/speed_test/sglang/asd-nonsd_b128_speed_tp2/run4_asd-nonsd_14.json
4	asd-nonsd	15	15	1785144141337507164	1785144153642842907	12.305336	0	200	/home/user/vllm/logs/speed_test/sglang/asd-nonsd_b128_speed_tp2/run4_asd-nonsd_15.json
4	asd-nonsd	16	16	1785144141338397356	1785144156211407635	14.873010	0	200	/home/user/vllm/logs/speed_test/sglang/asd-nonsd_b128_speed_tp2/run4_asd-nonsd_16.json
4	asd-nonsd	17	17	1785144141339066840	1785144152493038316	11.153971	0	200	/home/user/vllm/logs/speed_test/sglang/asd-nonsd_b128_speed_tp2/run4_asd-nonsd_17.json
4	asd-nonsd	18	18	1785144141339778676	1785144164042452732	22.702674	0	200	/home/user/vllm/logs/speed_test/sglang/asd-nonsd_b128_speed_tp2/run4_asd-nonsd_18.json
4	asd-nonsd	19	19	1785144141340484240	1785144156254316582	14.913832	0	200	/home/user/vllm/logs/speed_test/sglang/asd-nonsd_b128_speed_tp2/run4_asd-nonsd_19.json
4	asd-nonsd	20	20	1785144141341156121	1785144157999228258	16.658072	0	200	/home/user/vllm/logs/speed_test/sglang/asd-nonsd_b128_speed_tp2/run4_asd-nonsd_20.json
4	asd-nonsd	21	21	1785144141341859214	1785144155392428257	14.050569	0	200	/home/user/vllm/logs/speed_test/sglang/asd-nonsd_b128_speed_tp2/run4_asd-nonsd_21.json
4	asd-nonsd	22	22	1785144141342544765	1785144159949351449	18.606807	0	200	/home/user/vllm/logs/speed_test/sglang/asd-nonsd_b128_speed_tp2/run4_asd-nonsd_22.json
4	asd-nonsd	23	23	1785144141343249300	1785144157797606228	16.454357	0	200	/home/user/vllm/logs/speed_test/sglang/asd-nonsd_b128_speed_tp2/run4_asd-nonsd_23.json
4	asd-nonsd	24	24	1785144141343991166	1785144160120012844	18.776022	0	200	/home/user/vllm/logs/speed_test/sglang/asd-nonsd_b128_speed_tp2/run4_asd-nonsd_24.json
4	asd-nonsd	25	25	1785144141344734262	1785144159997114562	18.652380	0	200	/home/user/vllm/logs/speed_test/sglang/asd-nonsd_b128_speed_tp2/run4_asd-nonsd_25.json
4	asd-nonsd	26	26	1785144141345458387	1785144161518341427	20.172883	0	200	/home/user/vllm/logs/speed_test/sglang/asd-nonsd_b128_speed_tp2/run4_asd-nonsd_26.json
4	asd-nonsd	27	27	1785144141346144694	1785144151526735255	10.180591	0	200	/home/user/vllm/logs/speed_test/sglang/asd-nonsd_b128_speed_tp2/run4_asd-nonsd_27.json
4	asd-nonsd	28	28	1785144141346831379	1785144152446760656	11.099929	0	200	/home/user/vllm/logs/speed_test/sglang/asd-nonsd_b128_speed_tp2/run4_asd-nonsd_28.json
4	asd-nonsd	29	29	1785144141347617658	1785144155804939527	14.457322	0	200	/home/user/vllm/logs/speed_test/sglang/asd-nonsd_b128_speed_tp2/run4_asd-nonsd_29.json
4	asd-nonsd	30	30	1785144141348305057	1785144164042764424	22.694459	0	200	/home/user/vllm/logs/speed_test/sglang/asd-nonsd_b128_speed_tp2/run4_asd-nonsd_30.json
4	asd-nonsd	31	31	1785144141349026857	1785144159746739546	18.397713	0	200	/home/user/vllm/logs/speed_test/sglang/asd-nonsd_b128_speed_tp2/run4_asd-nonsd_31.json
4	asd-nonsd	32	32	1785144141349788250	1785144155638800690	14.289012	0	200	/home/user/vllm/logs/speed_test/sglang/asd-nonsd_b128_speed_tp2/run4_asd-nonsd_32.json
4	asd-nonsd	33	33	1785144141350508334	1785144159299128936	17.948621	0	200	/home/user/vllm/logs/speed_test/sglang/asd-nonsd_b128_speed_tp2/run4_asd-nonsd_33.json
4	asd-nonsd	34	34	1785144141351136791	1785144156580877173	15.229740	0	200	/home/user/vllm/logs/speed_test/sglang/asd-nonsd_b128_speed_tp2/run4_asd-nonsd_34.json
4	asd-nonsd	35	35	1785144141351885511	1785144154068817539	12.716932	0	200	/home/user/vllm/logs/speed_test/sglang/asd-nonsd_b128_speed_tp2/run4_asd-nonsd_35.json
4	asd-nonsd	36	36	1785144141352696305	1785144150358383790	9.005687	0	200	/home/user/vllm/logs/speed_test/sglang/asd-nonsd_b128_speed_tp2/run4_asd-nonsd_36.json
4	asd-nonsd	37	37	1785144141353346435	1785144153602426912	12.249080	0	200	/home/user/vllm/logs/speed_test/sglang/asd-nonsd_b128_speed_tp2/run4_asd-nonsd_37.json
4	asd-nonsd	38	38	1785144141353963212	1785144154144758639	12.790795	0	200	/home/user/vllm/logs/speed_test/sglang/asd-nonsd_b128_speed_tp2/run4_asd-nonsd_38.json
4	asd-nonsd	39	39	1785144141354684981	1785144158120410812	16.765726	0	200	/home/user/vllm/logs/speed_test/sglang/asd-nonsd_b128_speed_tp2/run4_asd-nonsd_39.json
4	asd-nonsd	40	40	1785144141355357970	1785144149190917667	7.835560	0	200	/home/user/vllm/logs/speed_test/sglang/asd-nonsd_b128_speed_tp2/run4_asd-nonsd_40.json
4	asd-nonsd	41	41	1785144141356038068	1785144156702567533	15.346529	0	200	/home/user/vllm/logs/speed_test/sglang/asd-nonsd_b128_speed_tp2/run4_asd-nonsd_41.json
4	asd-nonsd	42	42	1785144141356776165	1785144155264139718	13.907364	0	200	/home/user/vllm/logs/speed_test/sglang/asd-nonsd_b128_speed_tp2/run4_asd-nonsd_42.json
4	asd-nonsd	43	43	1785144141357531544	1785144154318641587	12.961110	0	200	/home/user/vllm/logs/speed_test/sglang/asd-nonsd_b128_speed_tp2/run4_asd-nonsd_43.json
4	asd-nonsd	44	44	1785144141358185647	1785144163349626184	21.991441	0	200	/home/user/vllm/logs/speed_test/sglang/asd-nonsd_b128_speed_tp2/run4_asd-nonsd_44.json
4	asd-nonsd	45	45	1785144141358882684	1785144163150772492	21.791890	0	200	/home/user/vllm/logs/speed_test/sglang/asd-nonsd_b128_speed_tp2/run4_asd-nonsd_45.json
4	asd-nonsd	46	46	1785144141359548504	1785144152620237019	11.260689	0	200	/home/user/vllm/logs/speed_test/sglang/asd-nonsd_b128_speed_tp2/run4_asd-nonsd_46.json
4	asd-nonsd	47	47	1785144141360232337	1785144157186999556	15.826767	0	200	/home/user/vllm/logs/speed_test/sglang/asd-nonsd_b128_speed_tp2/run4_asd-nonsd_47.json
4	asd-nonsd	48	48	1785144141360900097	1785144158162682223	16.801782	0	200	/home/user/vllm/logs/speed_test/sglang/asd-nonsd_b128_speed_tp2/run4_asd-nonsd_48.json
4	asd-nonsd	49	49	1785144141361451080	1785144154768033306	13.406582	0	200	/home/user/vllm/logs/speed_test/sglang/asd-nonsd_b128_speed_tp2/run4_asd-nonsd_49.json
4	asd-nonsd	50	50	1785144141362187238	1785144158689677514	17.327490	0	200	/home/user/vllm/logs/speed_test/sglang/asd-nonsd_b128_speed_tp2/run4_asd-nonsd_50.json
4	asd-nonsd	51	51	1785144141362762263	1785144163310731385	21.947969	0	200	/home/user/vllm/logs/speed_test/sglang/asd-nonsd_b128_speed_tp2/run4_asd-nonsd_51.json
4	asd-nonsd	52	52	1785144141363495368	1785144150663021069	9.299526	0	200	/home/user/vllm/logs/speed_test/sglang/asd-nonsd_b128_speed_tp2/run4_asd-nonsd_52.json
4	asd-nonsd	53	53	1785144141364044832	1785144151973686921	10.609642	0	200	/home/user/vllm/logs/speed_test/sglang/asd-nonsd_b128_speed_tp2/run4_asd-nonsd_53.json
4	asd-nonsd	54	54	1785144141364645906	1785144163229481505	21.864836	0	200	/home/user/vllm/logs/speed_test/sglang/asd-nonsd_b128_speed_tp2/run4_asd-nonsd_54.json
4	asd-nonsd	55	55	1785144141365250599	1785144161798635536	20.433385	0	200	/home/user/vllm/logs/speed_test/sglang/asd-nonsd_b128_speed_tp2/run4_asd-nonsd_55.json
4	asd-nonsd	56	56	1785144141365820562	1785144164042605845	22.676785	0	200	/home/user/vllm/logs/speed_test/sglang/asd-nonsd_b128_speed_tp2/run4_asd-nonsd_56.json
4	asd-nonsd	57	57	1785144141366466886	1785144154560642848	13.194176	0	200	/home/user/vllm/logs/speed_test/sglang/asd-nonsd_b128_speed_tp2/run4_asd-nonsd_57.json
4	asd-nonsd	58	58	1785144141366995131	1785144156294396430	14.927401	0	200	/home/user/vllm/logs/speed_test/sglang/asd-nonsd_b128_speed_tp2/run4_asd-nonsd_58.json
4	asd-nonsd	59	59	1785144141367600732	1785144151702741001	10.335140	0	200	/home/user/vllm/logs/speed_test/sglang/asd-nonsd_b128_speed_tp2/run4_asd-nonsd_59.json
4	asd-nonsd	60	60	1785144141368150981	1785144159260646282	17.892495	0	200	/home/user/vllm/logs/speed_test/sglang/asd-nonsd_b128_speed_tp2/run4_asd-nonsd_60.json
4	asd-nonsd	61	61	1785144141368702787	1785144155227604323	13.858902	0	200	/home/user/vllm/logs/speed_test/sglang/asd-nonsd_b128_speed_tp2/run4_asd-nonsd_61.json
4	asd-nonsd	62	62	1785144141369260466	1785144161478315080	20.109055	0	200	/home/user/vllm/logs/speed_test/sglang/asd-nonsd_b128_speed_tp2/run4_asd-nonsd_62.json
4	asd-nonsd	63	63	1785144141369814300	1785144156822921997	15.453108	0	200	/home/user/vllm/logs/speed_test/sglang/asd-nonsd_b128_speed_tp2/run4_asd-nonsd_63.json
4	asd-nonsd	64	64	1785144141370344875	1785144164041447216	22.671102	0	200	/home/user/vllm/logs/speed_test/sglang/asd-nonsd_b128_speed_tp2/run4_asd-nonsd_64.json
4	asd-nonsd	65	65	1785144141370881011	1785144159624723272	18.253842	0	200	/home/user/vllm/logs/speed_test/sglang/asd-nonsd_b128_speed_tp2/run4_asd-nonsd_65.json
4	asd-nonsd	66	66	1785144141371398122	1785144162276037566	20.904639	0	200	/home/user/vllm/logs/speed_test/sglang/asd-nonsd_b128_speed_tp2/run4_asd-nonsd_66.json
4	asd-nonsd	67	67	1785144141371924635	1785144155391913602	14.019989	0	200	/home/user/vllm/logs/speed_test/sglang/asd-nonsd_b128_speed_tp2/run4_asd-nonsd_67.json
4	asd-nonsd	68	68	1785144141372440971	1785144151745505461	10.373064	0	200	/home/user/vllm/logs/speed_test/sglang/asd-nonsd_b128_speed_tp2/run4_asd-nonsd_68.json
4	asd-nonsd	69	69	1785144141373009085	1785144154602681142	13.229672	0	200	/home/user/vllm/logs/speed_test/sglang/asd-nonsd_b128_speed_tp2/run4_asd-nonsd_69.json
4	asd-nonsd	70	70	1785144141373486320	1785144164042129631	22.668643	0	200	/home/user/vllm/logs/speed_test/sglang/asd-nonsd_b128_speed_tp2/run4_asd-nonsd_70.json
4	asd-nonsd	71	71	1785144141373998502	1785144159461551316	18.087553	0	200	/home/user/vllm/logs/speed_test/sglang/asd-nonsd_b128_speed_tp2/run4_asd-nonsd_71.json
4	asd-nonsd	72	72	1785144141374487604	1785144158648836914	17.274349	0	200	/home/user/vllm/logs/speed_test/sglang/asd-nonsd_b128_speed_tp2/run4_asd-nonsd_72.json
4	asd-nonsd	73	73	1785144141374974351	1785144153218742915	11.843769	0	200	/home/user/vllm/logs/speed_test/sglang/asd-nonsd_b128_speed_tp2/run4_asd-nonsd_73.json
4	asd-nonsd	74	74	1785144141375518738	1785144153853357526	12.477839	0	200	/home/user/vllm/logs/speed_test/sglang/asd-nonsd_b128_speed_tp2/run4_asd-nonsd_74.json
4	asd-nonsd	75	75	1785144141376001169	1785144152920178321	11.544177	0	200	/home/user/vllm/logs/speed_test/sglang/asd-nonsd_b128_speed_tp2/run4_asd-nonsd_75.json
4	asd-nonsd	76	76	1785144141376469315	1785144161639104657	20.262635	0	200	/home/user/vllm/logs/speed_test/sglang/asd-nonsd_b128_speed_tp2/run4_asd-nonsd_76.json
4	asd-nonsd	77	77	1785144141376945998	1785144164041105152	22.664159	0	200	/home/user/vllm/logs/speed_test/sglang/asd-nonsd_b128_speed_tp2/run4_asd-nonsd_77.json
4	asd-nonsd	78	78	1785144141377407926	1785144155967067393	14.589659	0	200	/home/user/vllm/logs/speed_test/sglang/asd-nonsd_b128_speed_tp2/run4_asd-nonsd_78.json
4	asd-nonsd	79	79	1785144141377844766	1785144158893283862	17.515439	0	200	/home/user/vllm/logs/speed_test/sglang/asd-nonsd_b128_speed_tp2/run4_asd-nonsd_79.json
4	asd-nonsd	80	80	1785144141378364048	1785144164041470812	22.663107	0	200	/home/user/vllm/logs/speed_test/sglang/asd-nonsd_b128_speed_tp2/run4_asd-nonsd_80.json
4	asd-nonsd	81	81	1785144141378906868	1785144161598668669	20.219762	0	200	/home/user/vllm/logs/speed_test/sglang/asd-nonsd_b128_speed_tp2/run4_asd-nonsd_81.json
4	asd-nonsd	82	82	1785144141379344927	1785144156174151664	14.794807	0	200	/home/user/vllm/logs/speed_test/sglang/asd-nonsd_b128_speed_tp2/run4_asd-nonsd_82.json
4	asd-nonsd	83	83	1785144141379826096	1785144157024691881	15.644866	0	200	/home/user/vllm/logs/speed_test/sglang/asd-nonsd_b128_speed_tp2/run4_asd-nonsd_83.json
4	asd-nonsd	84	84	1785144141380238482	1785144160919904830	19.539666	0	200	/home/user/vllm/logs/speed_test/sglang/asd-nonsd_b128_speed_tp2/run4_asd-nonsd_84.json
4	asd-nonsd	85	85	1785144141380764905	1785144159260829713	17.880065	0	200	/home/user/vllm/logs/speed_test/sglang/asd-nonsd_b128_speed_tp2/run4_asd-nonsd_85.json
4	asd-nonsd	86	86	1785144141381214183	1785144155182316105	13.801102	0	200	/home/user/vllm/logs/speed_test/sglang/asd-nonsd_b128_speed_tp2/run4_asd-nonsd_86.json
4	asd-nonsd	87	87	1785144141381664054	1785144158283030353	16.901366	0	200	/home/user/vllm/logs/speed_test/sglang/asd-nonsd_b128_speed_tp2/run4_asd-nonsd_87.json
4	asd-nonsd	88	88	1785144141382189744	1785144157923093533	16.540904	0	200	/home/user/vllm/logs/speed_test/sglang/asd-nonsd_b128_speed_tp2/run4_asd-nonsd_88.json
4	asd-nonsd	89	89	1785144141382518900	1785144164042664041	22.660145	0	200	/home/user/vllm/logs/speed_test/sglang/asd-nonsd_b128_speed_tp2/run4_asd-nonsd_89.json
4	asd-nonsd	90	90	1785144141383049477	1785144163552298717	22.169249	0	200	/home/user/vllm/logs/speed_test/sglang/asd-nonsd_b128_speed_tp2/run4_asd-nonsd_90.json
4	asd-nonsd	91	91	1785144141383538903	1785144156056183761	14.672645	0	200	/home/user/vllm/logs/speed_test/sglang/asd-nonsd_b128_speed_tp2/run4_asd-nonsd_91.json
4	asd-nonsd	92	92	1785144141383935044	1785144152662740438	11.278805	0	200	/home/user/vllm/logs/speed_test/sglang/asd-nonsd_b128_speed_tp2/run4_asd-nonsd_92.json
4	asd-nonsd	93	93	1785144141384408902	1785144157797721800	16.413313	0	200	/home/user/vllm/logs/speed_test/sglang/asd-nonsd_b128_speed_tp2/run4_asd-nonsd_93.json
4	asd-nonsd	94	94	1785144141384825072	1785144153346718870	11.961894	0	200	/home/user/vllm/logs/speed_test/sglang/asd-nonsd_b128_speed_tp2/run4_asd-nonsd_94.json
4	asd-nonsd	95	95	1785144141385258653	1785144151221159078	9.835900	0	200	/home/user/vllm/logs/speed_test/sglang/asd-nonsd_b128_speed_tp2/run4_asd-nonsd_95.json
4	asd-nonsd	96	96	1785144141385692415	1785144151793975078	10.408283	0	200	/home/user/vllm/logs/speed_test/sglang/asd-nonsd_b128_speed_tp2/run4_asd-nonsd_96.json
4	asd-nonsd	97	97	1785144141386294909	1785144162911312131	21.525017	0	200	/home/user/vllm/logs/speed_test/sglang/asd-nonsd_b128_speed_tp2/run4_asd-nonsd_97.json
4	asd-nonsd	98	98	1785144141386624410	1785144153261608438	11.874984	0	200	/home/user/vllm/logs/speed_test/sglang/asd-nonsd_b128_speed_tp2/run4_asd-nonsd_98.json
4	asd-nonsd	99	99	1785144141387139477	1785144160119717069	18.732578	0	200	/home/user/vllm/logs/speed_test/sglang/asd-nonsd_b128_speed_tp2/run4_asd-nonsd_99.json
4	asd-nonsd	100	100	1785144141387488803	1785144157633607076	16.246118	0	200	/home/user/vllm/logs/speed_test/sglang/asd-nonsd_b128_speed_tp2/run4_asd-nonsd_100.json
4	asd-nonsd	101	101	1785144141388033563	1785144167795184236	26.407151	0	200	/home/user/vllm/logs/speed_test/sglang/asd-nonsd_b128_speed_tp2/run4_asd-nonsd_101.json
4	asd-nonsd	102	102	1785144141388314228	1785144167795175035	26.406861	0	200	/home/user/vllm/logs/speed_test/sglang/asd-nonsd_b128_speed_tp2/run4_asd-nonsd_102.json
4	asd-nonsd	103	103	1785144141388825855	1785144160073482129	18.684656	0	200	/home/user/vllm/logs/speed_test/sglang/asd-nonsd_b128_speed_tp2/run4_asd-nonsd_103.json
4	asd-nonsd	104	104	1785144141389191194	1785144166692037628	25.302846	0	200	/home/user/vllm/logs/speed_test/sglang/asd-nonsd_b128_speed_tp2/run4_asd-nonsd_104.json
4	asd-nonsd	105	105	1785144141389725336	1785144165303955070	23.914230	0	200	/home/user/vllm/logs/speed_test/sglang/asd-nonsd_b128_speed_tp2/run4_asd-nonsd_105.json
4	asd-nonsd	106	106	1785144141390047427	1785144158772845823	17.382798	0	200	/home/user/vllm/logs/speed_test/sglang/asd-nonsd_b128_speed_tp2/run4_asd-nonsd_106.json
4	asd-nonsd	107	107	1785144141390566404	1785144167795172538	26.404606	0	200	/home/user/vllm/logs/speed_test/sglang/asd-nonsd_b128_speed_tp2/run4_asd-nonsd_107.json
4	asd-nonsd	108	108	1785144141390889887	1785144167795028148	26.404138	0	200	/home/user/vllm/logs/speed_test/sglang/asd-nonsd_b128_speed_tp2/run4_asd-nonsd_108.json
4	asd-nonsd	109	109	1785144141391412453	1785144161117931669	19.726519	0	200	/home/user/vllm/logs/speed_test/sglang/asd-nonsd_b128_speed_tp2/run4_asd-nonsd_109.json
4	asd-nonsd	110	110	1785144141391884161	1785144166177679230	24.785795	0	200	/home/user/vllm/logs/speed_test/sglang/asd-nonsd_b128_speed_tp2/run4_asd-nonsd_110.json
4	asd-nonsd	111	111	1785144141392170443	1785144164710112162	23.317942	0	200	/home/user/vllm/logs/speed_test/sglang/asd-nonsd_b128_speed_tp2/run4_asd-nonsd_111.json
4	asd-nonsd	112	112	1785144141392586736	1785144157390531632	15.997945	0	200	/home/user/vllm/logs/speed_test/sglang/asd-nonsd_b128_speed_tp2/run4_asd-nonsd_112.json
4	asd-nonsd	113	113	1785144141393019019	1785144160727084702	19.334066	0	200	/home/user/vllm/logs/speed_test/sglang/asd-nonsd_b128_speed_tp2/run4_asd-nonsd_113.json
4	asd-nonsd	114	114	1785144141393438179	1785144168742643362	27.349205	0	200	/home/user/vllm/logs/speed_test/sglang/asd-nonsd_b128_speed_tp2/run4_asd-nonsd_114.json
4	asd-nonsd	115	115	1785144141393779370	1785144167098441574	25.704662	0	200	/home/user/vllm/logs/speed_test/sglang/asd-nonsd_b128_speed_tp2/run4_asd-nonsd_115.json
4	asd-nonsd	116	116	1785144141394201704	1785144167810258626	26.416057	0	200	/home/user/vllm/logs/speed_test/sglang/asd-nonsd_b128_speed_tp2/run4_asd-nonsd_116.json
4	asd-nonsd	117	117	1785144141394685964	1785144164381610903	22.986925	0	200	/home/user/vllm/logs/speed_test/sglang/asd-nonsd_b128_speed_tp2/run4_asd-nonsd_117.json
4	asd-nonsd	118	118	1785144141395011628	1785144166113590412	24.718579	0	200	/home/user/vllm/logs/speed_test/sglang/asd-nonsd_b128_speed_tp2/run4_asd-nonsd_118.json
4	asd-nonsd	119	119	1785144141395476390	1785144163707122237	22.311646	0	200	/home/user/vllm/logs/speed_test/sglang/asd-nonsd_b128_speed_tp2/run4_asd-nonsd_119.json
4	asd-nonsd	120	120	1785144141395887392	1785144164853847257	23.457960	0	200	/home/user/vllm/logs/speed_test/sglang/asd-nonsd_b128_speed_tp2/run4_asd-nonsd_120.json
4	asd-nonsd	121	121	1785144141396282600	1785144168395761551	26.999479	0	200	/home/user/vllm/logs/speed_test/sglang/asd-nonsd_b128_speed_tp2/run4_asd-nonsd_121.json
4	asd-nonsd	122	122	1785144141396634763	1785144162077289162	20.680654	0	200	/home/user/vllm/logs/speed_test/sglang/asd-nonsd_b128_speed_tp2/run4_asd-nonsd_122.json
4	asd-nonsd	123	123	1785144141397034567	1785144163867574221	22.470540	0	200	/home/user/vllm/logs/speed_test/sglang/asd-nonsd_b128_speed_tp2/run4_asd-nonsd_123.json
4	asd-nonsd	124	124	1785144141397461589	1785144167702447054	26.304985	0	200	/home/user/vllm/logs/speed_test/sglang/asd-nonsd_b128_speed_tp2/run4_asd-nonsd_124.json
4	asd-nonsd	125	125	1785144141397956156	1785144160678086586	19.280130	0	200	/home/user/vllm/logs/speed_test/sglang/asd-nonsd_b128_speed_tp2/run4_asd-nonsd_125.json
4	asd-nonsd	126	126	1785144141398329590	1785144167910239753	26.511910	0	200	/home/user/vllm/logs/speed_test/sglang/asd-nonsd_b128_speed_tp2/run4_asd-nonsd_126.json
4	asd-nonsd	127	127	1785144141398656737	1785144168868628808	27.469972	0	200	/home/user/vllm/logs/speed_test/sglang/asd-nonsd_b128_speed_tp2/run4_asd-nonsd_127.json
5	asd-nonsd	0	0	1785144225666742305	1785144239313878585	13.647136	0	200	/home/user/vllm/logs/speed_test/sglang/asd-nonsd_b128_speed_tp2/run5_asd-nonsd_0.json
5	asd-nonsd	1	1	1785144225666012618	1785144243777944571	18.111932	0	200	/home/user/vllm/logs/speed_test/sglang/asd-nonsd_b128_speed_tp2/run5_asd-nonsd_1.json
5	asd-nonsd	2	2	1785144225668098191	1785144241231447385	15.563349	0	200	/home/user/vllm/logs/speed_test/sglang/asd-nonsd_b128_speed_tp2/run5_asd-nonsd_2.json
5	asd-nonsd	3	3	1785144225667083185	1785144237826025284	12.158942	0	200	/home/user/vllm/logs/speed_test/sglang/asd-nonsd_b128_speed_tp2/run5_asd-nonsd_3.json
5	asd-nonsd	4	4	1785144225668147961	1785144232859558846	7.191411	0	200	/home/user/vllm/logs/speed_test/sglang/asd-nonsd_b128_speed_tp2/run5_asd-nonsd_4.json
5	asd-nonsd	5	5	1785144225667152021	1785144238162772251	12.495620	0	200	/home/user/vllm/logs/speed_test/sglang/asd-nonsd_b128_speed_tp2/run5_asd-nonsd_5.json
5	asd-nonsd	6	6	1785144225667440098	1785144237147584188	11.480144	0	200	/home/user/vllm/logs/speed_test/sglang/asd-nonsd_b128_speed_tp2/run5_asd-nonsd_6.json
5	asd-nonsd	7	7	1785144225669029766	1785144247657700957	21.988671	0	200	/home/user/vllm/logs/speed_test/sglang/asd-nonsd_b128_speed_tp2/run5_asd-nonsd_7.json
5	asd-nonsd	8	8	1785144225668558181	1785144238034737117	12.366179	0	200	/home/user/vllm/logs/speed_test/sglang/asd-nonsd_b128_speed_tp2/run5_asd-nonsd_8.json
5	asd-nonsd	9	9	1785144225669690703	1785144242402770296	16.733080	0	200	/home/user/vllm/logs/speed_test/sglang/asd-nonsd_b128_speed_tp2/run5_asd-nonsd_9.json
5	asd-nonsd	10	10	1785144225669206417	1785144236636199393	10.966993	0	200	/home/user/vllm/logs/speed_test/sglang/asd-nonsd_b128_speed_tp2/run5_asd-nonsd_10.json
5	asd-nonsd	11	11	1785144225669046135	1785144242120224410	16.451178	0	200	/home/user/vllm/logs/speed_test/sglang/asd-nonsd_b128_speed_tp2/run5_asd-nonsd_11.json
5	asd-nonsd	12	12	1785144225670034149	1785144243210179072	17.540145	0	200	/home/user/vllm/logs/speed_test/sglang/asd-nonsd_b128_speed_tp2/run5_asd-nonsd_12.json
5	asd-nonsd	13	13	1785144225669894156	1785144236460442812	10.790549	0	200	/home/user/vllm/logs/speed_test/sglang/asd-nonsd_b128_speed_tp2/run5_asd-nonsd_13.json
5	asd-nonsd	14	14	1785144225670039845	1785144244018926763	18.348887	0	200	/home/user/vllm/logs/speed_test/sglang/asd-nonsd_b128_speed_tp2/run5_asd-nonsd_14.json
5	asd-nonsd	15	15	1785144225670947517	1785144237318393535	11.647446	0	200	/home/user/vllm/logs/speed_test/sglang/asd-nonsd_b128_speed_tp2/run5_asd-nonsd_15.json
5	asd-nonsd	16	16	1785144225670689303	1785144239850385633	14.179696	0	200	/home/user/vllm/logs/speed_test/sglang/asd-nonsd_b128_speed_tp2/run5_asd-nonsd_16.json
5	asd-nonsd	17	17	1785144225672236006	1785144236195194963	10.522959	0	200	/home/user/vllm/logs/speed_test/sglang/asd-nonsd_b128_speed_tp2/run5_asd-nonsd_17.json
5	asd-nonsd	18	18	1785144225672658735	1785144247658081270	21.985423	0	200	/home/user/vllm/logs/speed_test/sglang/asd-nonsd_b128_speed_tp2/run5_asd-nonsd_18.json
5	asd-nonsd	19	19	1785144225672381504	1785144239893138121	14.220757	0	200	/home/user/vllm/logs/speed_test/sglang/asd-nonsd_b128_speed_tp2/run5_asd-nonsd_19.json
5	asd-nonsd	20	20	1785144225671963557	1785144241637950961	15.965987	0	200	/home/user/vllm/logs/speed_test/sglang/asd-nonsd_b128_speed_tp2/run5_asd-nonsd_20.json
5	asd-nonsd	21	21	1785144225672307595	1785144239065287495	13.392980	0	200	/home/user/vllm/logs/speed_test/sglang/asd-nonsd_b128_speed_tp2/run5_asd-nonsd_21.json
5	asd-nonsd	22	22	1785144225672625125	1785144244456844285	18.784219	0	200	/home/user/vllm/logs/speed_test/sglang/asd-nonsd_b128_speed_tp2/run5_asd-nonsd_22.json
5	asd-nonsd	23	23	1785144225672995436	1785144240621153745	14.948158	0	200	/home/user/vllm/logs/speed_test/sglang/asd-nonsd_b128_speed_tp2/run5_asd-nonsd_23.json
5	asd-nonsd	24	24	1785144225673168188	1785144243250712157	17.577544	0	200	/home/user/vllm/logs/speed_test/sglang/asd-nonsd_b128_speed_tp2/run5_asd-nonsd_24.json
5	asd-nonsd	25	25	1785144225673410123	1785144243454908565	17.781498	0	200	/home/user/vllm/logs/speed_test/sglang/asd-nonsd_b128_speed_tp2/run5_asd-nonsd_25.json
5	asd-nonsd	26	26	1785144225674119774	1785144242804848442	17.130729	0	200	/home/user/vllm/logs/speed_test/sglang/asd-nonsd_b128_speed_tp2/run5_asd-nonsd_26.json
5	asd-nonsd	27	27	1785144225674009106	1785144235420172818	9.746164	0	200	/home/user/vllm/logs/speed_test/sglang/asd-nonsd_b128_speed_tp2/run5_asd-nonsd_27.json
5	asd-nonsd	28	28	1785144225674437232	1785144235366945887	9.692509	0	200	/home/user/vllm/logs/speed_test/sglang/asd-nonsd_b128_speed_tp2/run5_asd-nonsd_28.json
5	asd-nonsd	29	29	1785144225674663545	1785144239438419216	13.763756	0	200	/home/user/vllm/logs/speed_test/sglang/asd-nonsd_b128_speed_tp2/run5_asd-nonsd_29.json
5	asd-nonsd	30	30	1785144225675120119	1785144247657685776	21.982566	0	200	/home/user/vllm/logs/speed_test/sglang/asd-nonsd_b128_speed_tp2/run5_asd-nonsd_30.json
5	asd-nonsd	31	31	1785144225675498978	1785144243616130021	17.940631	0	200	/home/user/vllm/logs/speed_test/sglang/asd-nonsd_b128_speed_tp2/run5_asd-nonsd_31.json
5	asd-nonsd	32	32	1785144225675697233	1785144239281134704	13.605437	0	200	/home/user/vllm/logs/speed_test/sglang/asd-nonsd_b128_speed_tp2/run5_asd-nonsd_32.json
5	asd-nonsd	33	33	1785144225676115929	1785144243573403435	17.897288	0	200	/home/user/vllm/logs/speed_test/sglang/asd-nonsd_b128_speed_tp2/run5_asd-nonsd_33.json
5	asd-nonsd	34	34	1785144225676185311	1785144241594729755	15.918544	0	200	/home/user/vllm/logs/speed_test/sglang/asd-nonsd_b128_speed_tp2/run5_asd-nonsd_34.json
5	asd-nonsd	35	35	1785144225676916280	1785144238164897283	12.487981	0	200	/home/user/vllm/logs/speed_test/sglang/asd-nonsd_b128_speed_tp2/run5_asd-nonsd_35.json
5	asd-nonsd	36	36	1785144225677073060	1785144234189376255	8.512303	0	200	/home/user/vllm/logs/speed_test/sglang/asd-nonsd_b128_speed_tp2/run5_asd-nonsd_36.json
5	asd-nonsd	37	37	1785144225677278424	1785144237914624321	12.237346	0	200	/home/user/vllm/logs/speed_test/sglang/asd-nonsd_b128_speed_tp2/run5_asd-nonsd_37.json
5	asd-nonsd	38	38	1785144225677553386	1785144237826972246	12.149419	0	200	/home/user/vllm/logs/speed_test/sglang/asd-nonsd_b128_speed_tp2/run5_asd-nonsd_38.json
5	asd-nonsd	39	39	1785144225677853126	1785144243898266285	18.220413	0	200	/home/user/vllm/logs/speed_test/sglang/asd-nonsd_b128_speed_tp2/run5_asd-nonsd_39.json
5	asd-nonsd	40	40	1785144225678277070	1785144232818963221	7.140686	0	200	/home/user/vllm/logs/speed_test/sglang/asd-nonsd_b128_speed_tp2/run5_asd-nonsd_40.json
5	asd-nonsd	41	41	1785144225678481466	1785144239849362222	14.170881	0	200	/home/user/vllm/logs/speed_test/sglang/asd-nonsd_b128_speed_tp2/run5_asd-nonsd_41.json
5	asd-nonsd	42	42	1785144225678805979	1785144239192623477	13.513817	0	200	/home/user/vllm/logs/speed_test/sglang/asd-nonsd_b128_speed_tp2/run5_asd-nonsd_42.json
5	asd-nonsd	43	43	1785144225679080158	1785144237952188271	12.273108	0	200	/home/user/vllm/logs/speed_test/sglang/asd-nonsd_b128_speed_tp2/run5_asd-nonsd_43.json
5	asd-nonsd	44	44	1785144225679485285	1785144238282119549	12.602634	0	200	/home/user/vllm/logs/speed_test/sglang/asd-nonsd_b128_speed_tp2/run5_asd-nonsd_44.json
5	asd-nonsd	45	45	1785144225679712806	1785144240302398423	14.622686	0	200	/home/user/vllm/logs/speed_test/sglang/asd-nonsd_b128_speed_tp2/run5_asd-nonsd_45.json
5	asd-nonsd	46	46	1785144225680056904	1785144235634280005	9.954223	0	200	/home/user/vllm/logs/speed_test/sglang/asd-nonsd_b128_speed_tp2/run5_asd-nonsd_46.json
5	asd-nonsd	47	47	1785144225680562773	1785144236936557182	11.255994	0	200	/home/user/vllm/logs/speed_test/sglang/asd-nonsd_b128_speed_tp2/run5_asd-nonsd_47.json
5	asd-nonsd	48	48	1785144225680663070	1785144239478976380	13.798313	0	200	/home/user/vllm/logs/speed_test/sglang/asd-nonsd_b128_speed_tp2/run5_asd-nonsd_48.json
5	asd-nonsd	49	49	1785144225681336512	1785144238326560809	12.645224	0	200	/home/user/vllm/logs/speed_test/sglang/asd-nonsd_b128_speed_tp2/run5_asd-nonsd_49.json
5	asd-nonsd	50	50	1785144225681389748	1785144242282354220	16.600964	0	200	/home/user/vllm/logs/speed_test/sglang/asd-nonsd_b128_speed_tp2/run5_asd-nonsd_50.json
5	asd-nonsd	51	51	1785144225681565375	1785144246684293461	21.002728	0	200	/home/user/vllm/logs/speed_test/sglang/asd-nonsd_b128_speed_tp2/run5_asd-nonsd_51.json
5	asd-nonsd	52	52	1785144225682252346	1785144234276215340	8.593963	0	200	/home/user/vllm/logs/speed_test/sglang/asd-nonsd_b128_speed_tp2/run5_asd-nonsd_52.json
5	asd-nonsd	53	53	1785144225682327580	1785144236853603540	11.171276	0	200	/home/user/vllm/logs/speed_test/sglang/asd-nonsd_b128_speed_tp2/run5_asd-nonsd_53.json
5	asd-nonsd	54	54	1785144225682838312	1785144247658123969	21.975286	0	200	/home/user/vllm/logs/speed_test/sglang/asd-nonsd_b128_speed_tp2/run5_asd-nonsd_54.json
5	asd-nonsd	55	55	1785144225683164557	1785144244857495980	19.174331	0	200	/home/user/vllm/logs/speed_test/sglang/asd-nonsd_b128_speed_tp2/run5_asd-nonsd_55.json
5	asd-nonsd	56	56	1785144225683314988	1785144247657829312	21.974514	0	200	/home/user/vllm/logs/speed_test/sglang/asd-nonsd_b128_speed_tp2/run5_asd-nonsd_56.json
5	asd-nonsd	57	57	1785144225683627253	1785144239280699822	13.597073	0	200	/home/user/vllm/logs/speed_test/sglang/asd-nonsd_b128_speed_tp2/run5_asd-nonsd_57.json
5	asd-nonsd	58	58	1785144225683912959	1785144240094432368	14.410519	0	200	/home/user/vllm/logs/speed_test/sglang/asd-nonsd_b128_speed_tp2/run5_asd-nonsd_58.json
5	asd-nonsd	59	59	1785144225684196263	1785144235326449056	9.642253	0	200	/home/user/vllm/logs/speed_test/sglang/asd-nonsd_b128_speed_tp2/run5_asd-nonsd_59.json
5	asd-nonsd	60	60	1785144225684613273	1785144238778615337	13.094002	0	200	/home/user/vllm/logs/speed_test/sglang/asd-nonsd_b128_speed_tp2/run5_asd-nonsd_60.json
5	asd-nonsd	61	61	1785144225684889281	1785144240013055499	14.328166	0	200	/home/user/vllm/logs/speed_test/sglang/asd-nonsd_b128_speed_tp2/run5_asd-nonsd_61.json
5	asd-nonsd	62	62	1785144225685109644	1785144242282204832	16.597095	0	200	/home/user/vllm/logs/speed_test/sglang/asd-nonsd_b128_speed_tp2/run5_asd-nonsd_62.json
5	asd-nonsd	63	63	1785144225685515870	1785144240421784188	14.736268	0	200	/home/user/vllm/logs/speed_test/sglang/asd-nonsd_b128_speed_tp2/run5_asd-nonsd_63.json
5	asd-nonsd	64	64	1785144225685793210	1785144247657704108	21.971911	0	200	/home/user/vllm/logs/speed_test/sglang/asd-nonsd_b128_speed_tp2/run5_asd-nonsd_64.json
5	asd-nonsd	65	65	1785144225686108620	1785144242721598877	17.035490	0	200	/home/user/vllm/logs/speed_test/sglang/asd-nonsd_b128_speed_tp2/run5_asd-nonsd_65.json
5	asd-nonsd	66	66	1785144225686372123	1785144247657450808	21.971079	0	200	/home/user/vllm/logs/speed_test/sglang/asd-nonsd_b128_speed_tp2/run5_asd-nonsd_66.json
5	asd-nonsd	67	67	1785144225686916872	1785144238986524410	13.299608	0	200	/home/user/vllm/logs/speed_test/sglang/asd-nonsd_b128_speed_tp2/run5_asd-nonsd_67.json
5	asd-nonsd	68	68	1785144225687086491	1785144235419119707	9.732033	0	200	/home/user/vllm/logs/speed_test/sglang/asd-nonsd_b128_speed_tp2/run5_asd-nonsd_68.json
5	asd-nonsd	69	69	1785144225687329107	1785144238241320144	12.553991	0	200	/home/user/vllm/logs/speed_test/sglang/asd-nonsd_b128_speed_tp2/run5_asd-nonsd_69.json
5	asd-nonsd	70	70	1785144225687748785	1785144247656666606	21.968918	0	200	/home/user/vllm/logs/speed_test/sglang/asd-nonsd_b128_speed_tp2/run5_asd-nonsd_70.json
5	asd-nonsd	71	71	1785144225687998692	1785144243329763065	17.641764	0	200	/home/user/vllm/logs/speed_test/sglang/asd-nonsd_b128_speed_tp2/run5_asd-nonsd_71.json
5	asd-nonsd	72	72	1785144225688312746	1785144240783178521	15.094866	0	200	/home/user/vllm/logs/speed_test/sglang/asd-nonsd_b128_speed_tp2/run5_asd-nonsd_72.json
5	asd-nonsd	73	73	1785144225688659337	1785144236765600895	11.076942	0	200	/home/user/vllm/logs/speed_test/sglang/asd-nonsd_b128_speed_tp2/run5_asd-nonsd_73.json
5	asd-nonsd	74	74	1785144225689125332	1785144239644835006	13.955710	0	200	/home/user/vllm/logs/speed_test/sglang/asd-nonsd_b128_speed_tp2/run5_asd-nonsd_74.json
5	asd-nonsd	75	75	1785144225689285525	1785144236637090416	10.947805	0	200	/home/user/vllm/logs/speed_test/sglang/asd-nonsd_b128_speed_tp2/run5_asd-nonsd_75.json
5	asd-nonsd	76	76	1785144225689914744	1785144245258574462	19.568660	0	200	/home/user/vllm/logs/speed_test/sglang/asd-nonsd_b128_speed_tp2/run5_asd-nonsd_76.json
5	asd-nonsd	77	77	1785144225689928635	1785144247658151761	21.968223	0	200	/home/user/vllm/logs/speed_test/sglang/asd-nonsd_b128_speed_tp2/run5_asd-nonsd_77.json
5	asd-nonsd	78	78	1785144225690232069	1785144239281274057	13.591042	0	200	/home/user/vllm/logs/speed_test/sglang/asd-nonsd_b128_speed_tp2/run5_asd-nonsd_78.json
5	asd-nonsd	79	79	1785144225690526581	1785144242522617282	16.832091	0	200	/home/user/vllm/logs/speed_test/sglang/asd-nonsd_b128_speed_tp2/run5_asd-nonsd_79.json
5	asd-nonsd	80	80	1785144225690876849	1785144247658993708	21.968117	0	200	/home/user/vllm/logs/speed_test/sglang/asd-nonsd_b128_speed_tp2/run5_asd-nonsd_80.json
5	asd-nonsd	81	81	1785144225691292034	1785144245617554719	19.926263	0	200	/home/user/vllm/logs/speed_test/sglang/asd-nonsd_b128_speed_tp2/run5_asd-nonsd_81.json
5	asd-nonsd	82	82	1785144225691432142	1785144239808733914	14.117302	0	200	/home/user/vllm/logs/speed_test/sglang/asd-nonsd_b128_speed_tp2/run5_asd-nonsd_82.json
5	asd-nonsd	83	83	1785144225691859027	1785144241352376036	15.660517	0	200	/home/user/vllm/logs/speed_test/sglang/asd-nonsd_b128_speed_tp2/run5_asd-nonsd_83.json
5	asd-nonsd	84	84	1785144225692101944	1785144244538693378	18.846591	0	200	/home/user/vllm/logs/speed_test/sglang/asd-nonsd_b128_speed_tp2/run5_asd-nonsd_84.json
5	asd-nonsd	85	85	1785144225692435893	1785144242885795992	17.193360	0	200	/home/user/vllm/logs/speed_test/sglang/asd-nonsd_b128_speed_tp2/run5_asd-nonsd_85.json
5	asd-nonsd	86	86	1785144225692752658	1785144238817741760	13.124989	0	200	/home/user/vllm/logs/speed_test/sglang/asd-nonsd_b128_speed_tp2/run5_asd-nonsd_86.json
5	asd-nonsd	87	87	1785144225693315054	1785144241314585074	15.621270	0	200	/home/user/vllm/logs/speed_test/sglang/asd-nonsd_b128_speed_tp2/run5_asd-nonsd_87.json
5	asd-nonsd	88	88	1785144225693467663	1785144247656294263	21.962827	0	200	/home/user/vllm/logs/speed_test/sglang/asd-nonsd_b128_speed_tp2/run5_asd-nonsd_88.json
5	asd-nonsd	89	89	1785144225693742100	1785144247659029493	21.965287	0	200	/home/user/vllm/logs/speed_test/sglang/asd-nonsd_b128_speed_tp2/run5_asd-nonsd_89.json
5	asd-nonsd	90	90	1785144225694095790	1785144247658761757	21.964666	0	200	/home/user/vllm/logs/speed_test/sglang/asd-nonsd_b128_speed_tp2/run5_asd-nonsd_90.json
5	asd-nonsd	91	91	1785144225694312617	1785144237572196986	11.877884	0	200	/home/user/vllm/logs/speed_test/sglang/asd-nonsd_b128_speed_tp2/run5_asd-nonsd_91.json
5	asd-nonsd	92	92	1785144225694684924	1785144236979161293	11.284476	0	200	/home/user/vllm/logs/speed_test/sglang/asd-nonsd_b128_speed_tp2/run5_asd-nonsd_92.json
5	asd-nonsd	93	93	1785144225695067530	1785144241437615690	15.742548	0	200	/home/user/vllm/logs/speed_test/sglang/asd-nonsd_b128_speed_tp2/run5_asd-nonsd_93.json
5	asd-nonsd	94	94	1785144225695415317	1785144236979379308	11.283964	0	200	/home/user/vllm/logs/speed_test/sglang/asd-nonsd_b128_speed_tp2/run5_asd-nonsd_94.json
5	asd-nonsd	95	95	1785144225695723597	1785144234888490841	9.192767	0	200	/home/user/vllm/logs/speed_test/sglang/asd-nonsd_b128_speed_tp2/run5_asd-nonsd_95.json
5	asd-nonsd	96	96	1785144225695905633	1785144242402755169	16.706850	0	200	/home/user/vllm/logs/speed_test/sglang/asd-nonsd_b128_speed_tp2/run5_asd-nonsd_96.json
5	asd-nonsd	97	97	1785144225696279926	1785144250642506105	24.946226	0	200	/home/user/vllm/logs/speed_test/sglang/asd-nonsd_b128_speed_tp2/run5_asd-nonsd_97.json
5	asd-nonsd	98	98	1785144225696602378	1785144243614142523	17.917540	0	200	/home/user/vllm/logs/speed_test/sglang/asd-nonsd_b128_speed_tp2/run5_asd-nonsd_98.json
5	asd-nonsd	99	99	1785144225696969891	1785144243738645855	18.041676	0	200	/home/user/vllm/logs/speed_test/sglang/asd-nonsd_b128_speed_tp2/run5_asd-nonsd_99.json
5	asd-nonsd	100	100	1785144225697225904	1785144241272284450	15.575059	0	200	/home/user/vllm/logs/speed_test/sglang/asd-nonsd_b128_speed_tp2/run5_asd-nonsd_100.json
5	asd-nonsd	101	101	1785144225697600256	1785144251427645110	25.730045	0	200	/home/user/vllm/logs/speed_test/sglang/asd-nonsd_b128_speed_tp2/run5_asd-nonsd_101.json
5	asd-nonsd	102	102	1785144225698092884	1785144251427377537	25.729285	0	200	/home/user/vllm/logs/speed_test/sglang/asd-nonsd_b128_speed_tp2/run5_asd-nonsd_102.json
5	asd-nonsd	103	103	1785144225698234759	1785144242764712049	17.066477	0	200	/home/user/vllm/logs/speed_test/sglang/asd-nonsd_b128_speed_tp2/run5_asd-nonsd_103.json
5	asd-nonsd	104	104	1785144225698568740	1785144250304822461	24.606254	0	200	/home/user/vllm/logs/speed_test/sglang/asd-nonsd_b128_speed_tp2/run5_asd-nonsd_104.json
5	asd-nonsd	105	105	1785144225698899745	1785144248933181491	23.234282	0	200	/home/user/vllm/logs/speed_test/sglang/asd-nonsd_b128_speed_tp2/run5_asd-nonsd_105.json
5	asd-nonsd	106	106	1785144225699326525	1785144242042728882	16.343402	0	200	/home/user/vllm/logs/speed_test/sglang/asd-nonsd_b128_speed_tp2/run5_asd-nonsd_106.json
5	asd-nonsd	107	107	1785144225699531587	1785144251428350007	25.728818	0	200	/home/user/vllm/logs/speed_test/sglang/asd-nonsd_b128_speed_tp2/run5_asd-nonsd_107.json
5	asd-nonsd	108	108	1785144225699990934	1785144247283828256	21.583837	0	200	/home/user/vllm/logs/speed_test/sglang/asd-nonsd_b128_speed_tp2/run5_asd-nonsd_108.json
5	asd-nonsd	109	109	1785144225700191533	1785144244742270219	19.042079	0	200	/home/user/vllm/logs/speed_test/sglang/asd-nonsd_b128_speed_tp2/run5_asd-nonsd_109.json
5	asd-nonsd	110	110	1785144225700823714	1785144250731735067	25.030911	0	200	/home/user/vllm/logs/speed_test/sglang/asd-nonsd_b128_speed_tp2/run5_asd-nonsd_110.json
5	asd-nonsd	111	111	1785144225700941160	1785144250120359076	24.419418	0	200	/home/user/vllm/logs/speed_test/sglang/asd-nonsd_b128_speed_tp2/run5_asd-nonsd_111.json
5	asd-nonsd	112	112	1785144225701219130	1785144241028511440	15.327292	0	200	/home/user/vllm/logs/speed_test/sglang/asd-nonsd_b128_speed_tp2/run5_asd-nonsd_112.json
5	asd-nonsd	113	113	1785144225701507300	1785144244097859436	18.396352	0	200	/home/user/vllm/logs/speed_test/sglang/asd-nonsd_b128_speed_tp2/run5_asd-nonsd_113.json
5	asd-nonsd	114	114	1785144225701776810	1785144251445475835	25.743699	0	200	/home/user/vllm/logs/speed_test/sglang/asd-nonsd_b128_speed_tp2/run5_asd-nonsd_114.json
5	asd-nonsd	115	115	1785144225702194722	1785144250753789456	25.051595	0	200	/home/user/vllm/logs/speed_test/sglang/asd-nonsd_b128_speed_tp2/run5_asd-nonsd_115.json
5	asd-nonsd	116	116	1785144225702457911	1785144251446383449	25.743926	0	200	/home/user/vllm/logs/speed_test/sglang/asd-nonsd_b128_speed_tp2/run5_asd-nonsd_116.json
5	asd-nonsd	117	117	1785144225702744512	1785144247997553496	22.294809	0	200	/home/user/vllm/logs/speed_test/sglang/asd-nonsd_b128_speed_tp2/run5_asd-nonsd_117.json
5	asd-nonsd	118	118	1785144225703265433	1785144250709777325	25.006512	0	200	/home/user/vllm/logs/speed_test/sglang/asd-nonsd_b128_speed_tp2/run5_asd-nonsd_118.json
5	asd-nonsd	119	119	1785144225703452611	1785144245099114331	19.395662	0	200	/home/user/vllm/logs/speed_test/sglang/asd-nonsd_b128_speed_tp2/run5_asd-nonsd_119.json
5	asd-nonsd	120	120	1785144225703678759	1785144248606318317	22.902640	0	200	/home/user/vllm/logs/speed_test/sglang/asd-nonsd_b128_speed_tp2/run5_asd-nonsd_120.json
5	asd-nonsd	121	121	1785144225703969548	1785144251998465883	26.294496	0	200	/home/user/vllm/logs/speed_test/sglang/asd-nonsd_b128_speed_tp2/run5_asd-nonsd_121.json
5	asd-nonsd	122	122	1785144225704284068	1785144245818630611	20.114347	0	200	/home/user/vllm/logs/speed_test/sglang/asd-nonsd_b128_speed_tp2/run5_asd-nonsd_122.json
5	asd-nonsd	123	123	1785144225704578981	1785144247474179491	21.769601	0	200	/home/user/vllm/logs/speed_test/sglang/asd-nonsd_b128_speed_tp2/run5_asd-nonsd_123.json
5	asd-nonsd	124	124	1785144225704870901	1785144249308680818	23.603810	0	200	/home/user/vllm/logs/speed_test/sglang/asd-nonsd_b128_speed_tp2/run5_asd-nonsd_124.json
5	asd-nonsd	125	125	1785144225705327706	1785144244417393404	18.712066	0	200	/home/user/vllm/logs/speed_test/sglang/asd-nonsd_b128_speed_tp2/run5_asd-nonsd_125.json
5	asd-nonsd	126	126	1785144225705583828	1785144251359912620	25.654329	0	200	/home/user/vllm/logs/speed_test/sglang/asd-nonsd_b128_speed_tp2/run5_asd-nonsd_126.json
5	asd-nonsd	127	127	1785144225706084673	1785144252500928203	26.794844	0	200	/home/user/vllm/logs/speed_test/sglang/asd-nonsd_b128_speed_tp2/run5_asd-nonsd_127.json
