run_id	label	request_index	sample_index	start_ns	end_ns	jct_s	status	http_code	json_path
1	specsys-sglang-nonsd	0	0	1785225928640612910	1785225942121920940	13.481308	0	200	/home/user/vllm/logs/speed_test/specsys-sglang-nonsd_b128_speed_tp2/run1_specsys-sglang-nonsd_0.json
1	specsys-sglang-nonsd	1	1	1785225928640816897	1785225945738866745	17.098050	0	200	/home/user/vllm/logs/speed_test/specsys-sglang-nonsd_b128_speed_tp2/run1_specsys-sglang-nonsd_1.json
1	specsys-sglang-nonsd	2	2	1785225928641046348	1785225944020938784	15.379892	0	200	/home/user/vllm/logs/speed_test/specsys-sglang-nonsd_b128_speed_tp2/run1_specsys-sglang-nonsd_2.json
1	specsys-sglang-nonsd	3	3	1785225928641295801	1785225940630750571	11.989455	0	200	/home/user/vllm/logs/speed_test/specsys-sglang-nonsd_b128_speed_tp2/run1_specsys-sglang-nonsd_3.json
1	specsys-sglang-nonsd	4	4	1785225928641550743	1785225938154061530	9.512511	0	200	/home/user/vllm/logs/speed_test/specsys-sglang-nonsd_b128_speed_tp2/run1_specsys-sglang-nonsd_4.json
1	specsys-sglang-nonsd	5	5	1785225928641774401	1785225941748216052	13.106442	0	200	/home/user/vllm/logs/speed_test/specsys-sglang-nonsd_b128_speed_tp2/run1_specsys-sglang-nonsd_5.json
1	specsys-sglang-nonsd	6	6	1785225928642046689	1785225939912531488	11.270485	0	200	/home/user/vllm/logs/speed_test/specsys-sglang-nonsd_b128_speed_tp2/run1_specsys-sglang-nonsd_6.json
1	specsys-sglang-nonsd	7	7	1785225928642307661	1785225949074109365	20.431802	0	200	/home/user/vllm/logs/speed_test/specsys-sglang-nonsd_b128_speed_tp2/run1_specsys-sglang-nonsd_7.json
1	specsys-sglang-nonsd	8	8	1785225928643030716	1785225943950425131	15.307394	0	200	/home/user/vllm/logs/speed_test/specsys-sglang-nonsd_b128_speed_tp2/run1_specsys-sglang-nonsd_8.json
1	specsys-sglang-nonsd	9	9	1785225928642930103	1785225945170819598	16.527889	0	200	/home/user/vllm/logs/speed_test/specsys-sglang-nonsd_b128_speed_tp2/run1_specsys-sglang-nonsd_9.json
1	specsys-sglang-nonsd	10	10	1785225928643047059	1785225940630636560	11.987590	0	200	/home/user/vllm/logs/speed_test/specsys-sglang-nonsd_b128_speed_tp2/run1_specsys-sglang-nonsd_10.json
1	specsys-sglang-nonsd	11	11	1785225928643490785	1785225944952871512	16.309381	0	200	/home/user/vllm/logs/speed_test/specsys-sglang-nonsd_b128_speed_tp2/run1_specsys-sglang-nonsd_11.json
1	specsys-sglang-nonsd	12	12	1785225928644214489	1785225947451021884	18.806807	0	200	/home/user/vllm/logs/speed_test/specsys-sglang-nonsd_b128_speed_tp2/run1_specsys-sglang-nonsd_12.json
1	specsys-sglang-nonsd	13	13	1785225928643907463	1785225939453680991	10.809774	0	200	/home/user/vllm/logs/speed_test/specsys-sglang-nonsd_b128_speed_tp2/run1_specsys-sglang-nonsd_13.json
1	specsys-sglang-nonsd	14	14	1785225928644311871	1785225944504808154	15.860496	0	200	/home/user/vllm/logs/speed_test/specsys-sglang-nonsd_b128_speed_tp2/run1_specsys-sglang-nonsd_14.json
1	specsys-sglang-nonsd	15	15	1785225928645152737	1785225939955110972	11.309958	0	200	/home/user/vllm/logs/speed_test/specsys-sglang-nonsd_b128_speed_tp2/run1_specsys-sglang-nonsd_15.json
1	specsys-sglang-nonsd	16	16	1785225928644773957	1785225942619754993	13.974981	0	200	/home/user/vllm/logs/speed_test/specsys-sglang-nonsd_b128_speed_tp2/run1_specsys-sglang-nonsd_16.json
1	specsys-sglang-nonsd	17	17	1785225928645091759	1785225938950880473	10.305789	0	200	/home/user/vllm/logs/speed_test/specsys-sglang-nonsd_b128_speed_tp2/run1_specsys-sglang-nonsd_17.json
1	specsys-sglang-nonsd	18	18	1785225928645377388	1785225949074668860	20.429291	0	200	/home/user/vllm/logs/speed_test/specsys-sglang-nonsd_b128_speed_tp2/run1_specsys-sglang-nonsd_18.json
1	specsys-sglang-nonsd	19	19	1785225928645608648	1785225942660650937	14.015042	0	200	/home/user/vllm/logs/speed_test/specsys-sglang-nonsd_b128_speed_tp2/run1_specsys-sglang-nonsd_19.json
1	specsys-sglang-nonsd	20	20	1785225928645852414	1785225944432050382	15.786198	0	200	/home/user/vllm/logs/speed_test/specsys-sglang-nonsd_b128_speed_tp2/run1_specsys-sglang-nonsd_20.json
1	specsys-sglang-nonsd	21	21	1785225928646176705	1785225942209672368	13.563496	0	200	/home/user/vllm/logs/speed_test/specsys-sglang-nonsd_b128_speed_tp2/run1_specsys-sglang-nonsd_21.json
1	specsys-sglang-nonsd	22	22	1785225928646383967	1785225946580599785	17.934216	0	200	/home/user/vllm/logs/speed_test/specsys-sglang-nonsd_b128_speed_tp2/run1_specsys-sglang-nonsd_22.json
1	specsys-sglang-nonsd	23	23	1785225928646700042	1785225944309847603	15.663148	0	200	/home/user/vllm/logs/speed_test/specsys-sglang-nonsd_b128_speed_tp2/run1_specsys-sglang-nonsd_23.json
1	specsys-sglang-nonsd	24	24	1785225928646990417	1785225945738509420	17.091519	0	200	/home/user/vllm/logs/speed_test/specsys-sglang-nonsd_b128_speed_tp2/run1_specsys-sglang-nonsd_24.json
1	specsys-sglang-nonsd	25	25	1785225928647150751	1785225946026678580	17.379528	0	200	/home/user/vllm/logs/speed_test/specsys-sglang-nonsd_b128_speed_tp2/run1_specsys-sglang-nonsd_25.json
1	specsys-sglang-nonsd	26	26	1785225928647575169	1785225949073271883	20.425697	0	200	/home/user/vllm/logs/speed_test/specsys-sglang-nonsd_b128_speed_tp2/run1_specsys-sglang-nonsd_26.json
1	specsys-sglang-nonsd	27	27	1785225928647819107	1785225937981087913	9.333269	0	200	/home/user/vllm/logs/speed_test/specsys-sglang-nonsd_b128_speed_tp2/run1_specsys-sglang-nonsd_27.json
1	specsys-sglang-nonsd	28	28	1785225928648198502	1785225938908012176	10.259814	0	200	/home/user/vllm/logs/speed_test/specsys-sglang-nonsd_b128_speed_tp2/run1_specsys-sglang-nonsd_28.json
1	specsys-sglang-nonsd	29	29	1785225928648364698	1785225942210665037	13.562300	0	200	/home/user/vllm/logs/speed_test/specsys-sglang-nonsd_b128_speed_tp2/run1_specsys-sglang-nonsd_29.json
1	specsys-sglang-nonsd	30	30	1785225928649538322	1785225949066590614	20.417052	0	200	/home/user/vllm/logs/speed_test/specsys-sglang-nonsd_b128_speed_tp2/run1_specsys-sglang-nonsd_30.json
1	specsys-sglang-nonsd	31	31	1785225928648972628	1785225945958329769	17.309357	0	200	/home/user/vllm/logs/speed_test/specsys-sglang-nonsd_b128_speed_tp2/run1_specsys-sglang-nonsd_31.json
1	specsys-sglang-nonsd	32	32	1785225928649314014	1785225942042073299	13.392759	0	200	/home/user/vllm/logs/speed_test/specsys-sglang-nonsd_b128_speed_tp2/run1_specsys-sglang-nonsd_32.json
1	specsys-sglang-nonsd	33	33	1785225928649563163	1785225945956895559	17.307332	0	200	/home/user/vllm/logs/speed_test/specsys-sglang-nonsd_b128_speed_tp2/run1_specsys-sglang-nonsd_33.json
1	specsys-sglang-nonsd	34	34	1785225928650283038	1785225941212597278	12.562314	0	200	/home/user/vllm/logs/speed_test/specsys-sglang-nonsd_b128_speed_tp2/run1_specsys-sglang-nonsd_34.json
1	specsys-sglang-nonsd	35	35	1785225928650506973	1785225940457850262	11.807343	0	200	/home/user/vllm/logs/speed_test/specsys-sglang-nonsd_b128_speed_tp2/run1_specsys-sglang-nonsd_35.json
1	specsys-sglang-nonsd	36	36	1785225928650440096	1785225936806534493	8.156094	0	200	/home/user/vllm/logs/speed_test/specsys-sglang-nonsd_b128_speed_tp2/run1_specsys-sglang-nonsd_36.json
1	specsys-sglang-nonsd	37	37	1785225928650772536	1785225940665090399	12.014318	0	200	/home/user/vllm/logs/speed_test/specsys-sglang-nonsd_b128_speed_tp2/run1_specsys-sglang-nonsd_37.json
1	specsys-sglang-nonsd	38	38	1785225928650974915	1785225940586173476	11.935199	0	200	/home/user/vllm/logs/speed_test/specsys-sglang-nonsd_b128_speed_tp2/run1_specsys-sglang-nonsd_38.json
1	specsys-sglang-nonsd	39	39	1785225928651370991	1785225946425073929	17.773703	0	200	/home/user/vllm/logs/speed_test/specsys-sglang-nonsd_b128_speed_tp2/run1_specsys-sglang-nonsd_39.json
1	specsys-sglang-nonsd	40	40	1785225928651638074	1785225935522326760	6.870689	0	200	/home/user/vllm/logs/speed_test/specsys-sglang-nonsd_b128_speed_tp2/run1_specsys-sglang-nonsd_40.json
1	specsys-sglang-nonsd	41	41	1785225928651906144	1785225943114332938	14.462427	0	200	/home/user/vllm/logs/speed_test/specsys-sglang-nonsd_b128_speed_tp2/run1_specsys-sglang-nonsd_41.json
1	specsys-sglang-nonsd	42	42	1785225928652334803	1785225941666799420	13.014465	0	200	/home/user/vllm/logs/speed_test/specsys-sglang-nonsd_b128_speed_tp2/run1_specsys-sglang-nonsd_42.json
1	specsys-sglang-nonsd	43	43	1785225928652510330	1785225940704723890	12.052214	0	200	/home/user/vllm/logs/speed_test/specsys-sglang-nonsd_b128_speed_tp2/run1_specsys-sglang-nonsd_43.json
1	specsys-sglang-nonsd	44	44	1785225928652779098	1785225948595952394	19.943173	0	200	/home/user/vllm/logs/speed_test/specsys-sglang-nonsd_b128_speed_tp2/run1_specsys-sglang-nonsd_44.json
1	specsys-sglang-nonsd	45	45	1785225928653051318	1785225948652088168	19.999037	0	200	/home/user/vllm/logs/speed_test/specsys-sglang-nonsd_b128_speed_tp2/run1_specsys-sglang-nonsd_45.json
1	specsys-sglang-nonsd	46	46	1785225928653352353	1785225938784730996	10.131379	0	200	/home/user/vllm/logs/speed_test/specsys-sglang-nonsd_b128_speed_tp2/run1_specsys-sglang-nonsd_46.json
1	specsys-sglang-nonsd	47	47	1785225928653693553	1785225943610086866	14.956393	0	200	/home/user/vllm/logs/speed_test/specsys-sglang-nonsd_b128_speed_tp2/run1_specsys-sglang-nonsd_47.json
1	specsys-sglang-nonsd	48	48	1785225928654192776	1785225943733317874	15.079125	0	200	/home/user/vllm/logs/speed_test/specsys-sglang-nonsd_b128_speed_tp2/run1_specsys-sglang-nonsd_48.json
1	specsys-sglang-nonsd	49	49	1785225928654313057	1785225941214007337	12.559694	0	200	/home/user/vllm/logs/speed_test/specsys-sglang-nonsd_b128_speed_tp2/run1_specsys-sglang-nonsd_49.json
1	specsys-sglang-nonsd	50	50	1785225928654594530	1785225946490328376	17.835734	0	200	/home/user/vllm/logs/speed_test/specsys-sglang-nonsd_b128_speed_tp2/run1_specsys-sglang-nonsd_50.json
1	specsys-sglang-nonsd	51	51	1785225928654838937	1785225945706970046	17.052131	0	200	/home/user/vllm/logs/speed_test/specsys-sglang-nonsd_b128_speed_tp2/run1_specsys-sglang-nonsd_51.json
1	specsys-sglang-nonsd	52	52	1785225928655198138	1785225937228301293	8.573103	0	200	/home/user/vllm/logs/speed_test/specsys-sglang-nonsd_b128_speed_tp2/run1_specsys-sglang-nonsd_52.json
1	specsys-sglang-nonsd	53	53	1785225928655466674	1785225938414100131	9.758633	0	200	/home/user/vllm/logs/speed_test/specsys-sglang-nonsd_b128_speed_tp2/run1_specsys-sglang-nonsd_53.json
1	specsys-sglang-nonsd	54	54	1785225928655966393	1785225949074646700	20.418680	0	200	/home/user/vllm/logs/speed_test/specsys-sglang-nonsd_b128_speed_tp2/run1_specsys-sglang-nonsd_54.json
1	specsys-sglang-nonsd	55	55	1785225928656058705	1785225949065837275	20.409779	0	200	/home/user/vllm/logs/speed_test/specsys-sglang-nonsd_b128_speed_tp2/run1_specsys-sglang-nonsd_55.json
1	specsys-sglang-nonsd	56	56	1785225928656448726	1785225949074037572	20.417589	0	200	/home/user/vllm/logs/speed_test/specsys-sglang-nonsd_b128_speed_tp2/run1_specsys-sglang-nonsd_56.json
1	specsys-sglang-nonsd	57	57	1785225928656678192	1785225940290656772	11.633979	0	200	/home/user/vllm/logs/speed_test/specsys-sglang-nonsd_b128_speed_tp2/run1_specsys-sglang-nonsd_57.json
1	specsys-sglang-nonsd	58	58	1785225928657068544	1785225942702440997	14.045372	0	200	/home/user/vllm/logs/speed_test/specsys-sglang-nonsd_b128_speed_tp2/run1_specsys-sglang-nonsd_58.json
1	specsys-sglang-nonsd	59	59	1785225928657417225	1785225938154376942	9.496960	0	200	/home/user/vllm/logs/speed_test/specsys-sglang-nonsd_b128_speed_tp2/run1_specsys-sglang-nonsd_59.json
1	specsys-sglang-nonsd	60	60	1785225928657599978	1785225945674403042	17.016803	0	200	/home/user/vllm/logs/speed_test/specsys-sglang-nonsd_b128_speed_tp2/run1_specsys-sglang-nonsd_60.json
1	specsys-sglang-nonsd	61	61	1785225928657884024	1785225941289618227	12.631734	0	200	/home/user/vllm/logs/speed_test/specsys-sglang-nonsd_b128_speed_tp2/run1_specsys-sglang-nonsd_61.json
1	specsys-sglang-nonsd	62	62	1785225928658414334	1785225947421673621	18.763259	0	200	/home/user/vllm/logs/speed_test/specsys-sglang-nonsd_b128_speed_tp2/run1_specsys-sglang-nonsd_62.json
1	specsys-sglang-nonsd	63	63	1785225928658635699	1785225943284148884	14.625513	0	200	/home/user/vllm/logs/speed_test/specsys-sglang-nonsd_b128_speed_tp2/run1_specsys-sglang-nonsd_63.json
1	specsys-sglang-nonsd	64	64	1785225928658832234	1785225949066715133	20.407883	0	200	/home/user/vllm/logs/speed_test/specsys-sglang-nonsd_b128_speed_tp2/run1_specsys-sglang-nonsd_64.json
1	specsys-sglang-nonsd	65	65	1785225928659172022	1785225945362141361	16.702969	0	200	/home/user/vllm/logs/speed_test/specsys-sglang-nonsd_b128_speed_tp2/run1_specsys-sglang-nonsd_65.json
1	specsys-sglang-nonsd	66	66	1785225928659600759	1785225949065908979	20.406308	0	200	/home/user/vllm/logs/speed_test/specsys-sglang-nonsd_b128_speed_tp2/run1_specsys-sglang-nonsd_66.json
1	specsys-sglang-nonsd	67	67	1785225928659845166	1785225941914595805	13.254751	0	200	/home/user/vllm/logs/speed_test/specsys-sglang-nonsd_b128_speed_tp2/run1_specsys-sglang-nonsd_67.json
1	specsys-sglang-nonsd	68	68	1785225928660202303	1785225938190836889	9.530635	0	200	/home/user/vllm/logs/speed_test/specsys-sglang-nonsd_b128_speed_tp2/run1_specsys-sglang-nonsd_68.json
1	specsys-sglang-nonsd	69	69	1785225928660517870	1785225940997474888	12.336957	0	200	/home/user/vllm/logs/speed_test/specsys-sglang-nonsd_b128_speed_tp2/run1_specsys-sglang-nonsd_69.json
1	specsys-sglang-nonsd	70	70	1785225928660735896	1785225949073277365	20.412541	0	200	/home/user/vllm/logs/speed_test/specsys-sglang-nonsd_b128_speed_tp2/run1_specsys-sglang-nonsd_70.json
1	specsys-sglang-nonsd	71	71	1785225928661114747	1785225945773963150	17.112848	0	200	/home/user/vllm/logs/speed_test/specsys-sglang-nonsd_b128_speed_tp2/run1_specsys-sglang-nonsd_71.json
1	specsys-sglang-nonsd	72	72	1785225928661329420	1785225944390795042	15.729466	0	200	/home/user/vllm/logs/speed_test/specsys-sglang-nonsd_b128_speed_tp2/run1_specsys-sglang-nonsd_72.json
1	specsys-sglang-nonsd	73	73	1785225928661866452	1785225939625321956	10.963456	0	200	/home/user/vllm/logs/speed_test/specsys-sglang-nonsd_b128_speed_tp2/run1_specsys-sglang-nonsd_73.json
1	specsys-sglang-nonsd	74	74	1785225928662050580	1785225942417636446	13.755586	0	200	/home/user/vllm/logs/speed_test/specsys-sglang-nonsd_b128_speed_tp2/run1_specsys-sglang-nonsd_74.json
1	specsys-sglang-nonsd	75	75	1785225928662377067	1785225940122959653	11.460583	0	200	/home/user/vllm/logs/speed_test/specsys-sglang-nonsd_b128_speed_tp2/run1_specsys-sglang-nonsd_75.json
1	specsys-sglang-nonsd	76	76	1785225928662650175	1785225947206622509	18.543972	0	200	/home/user/vllm/logs/speed_test/specsys-sglang-nonsd_b128_speed_tp2/run1_specsys-sglang-nonsd_76.json
1	specsys-sglang-nonsd	77	77	1785225928663018901	1785225948970972352	20.307953	0	200	/home/user/vllm/logs/speed_test/specsys-sglang-nonsd_b128_speed_tp2/run1_specsys-sglang-nonsd_77.json
1	specsys-sglang-nonsd	78	78	1785225928663284774	1785225941960518196	13.297233	0	200	/home/user/vllm/logs/speed_test/specsys-sglang-nonsd_b128_speed_tp2/run1_specsys-sglang-nonsd_78.json
1	specsys-sglang-nonsd	79	79	1785225928663631887	1785225945265525829	16.601894	0	200	/home/user/vllm/logs/speed_test/specsys-sglang-nonsd_b128_speed_tp2/run1_specsys-sglang-nonsd_79.json
1	specsys-sglang-nonsd	80	80	1785225928664084411	1785225949074688105	20.410604	0	200	/home/user/vllm/logs/speed_test/specsys-sglang-nonsd_b128_speed_tp2/run1_specsys-sglang-nonsd_80.json
1	specsys-sglang-nonsd	81	81	1785225928664205049	1785225947142530208	18.478325	0	200	/home/user/vllm/logs/speed_test/specsys-sglang-nonsd_b128_speed_tp2/run1_specsys-sglang-nonsd_81.json
1	specsys-sglang-nonsd	82	82	1785225928664480723	1785225942578684855	13.914204	0	200	/home/user/vllm/logs/speed_test/specsys-sglang-nonsd_b128_speed_tp2/run1_specsys-sglang-nonsd_82.json
1	specsys-sglang-nonsd	83	83	1785225928664909670	1785225942622293057	13.957383	0	200	/home/user/vllm/logs/speed_test/specsys-sglang-nonsd_b128_speed_tp2/run1_specsys-sglang-nonsd_83.json
1	specsys-sglang-nonsd	84	84	1785225928665227141	1785225946734618496	18.069391	0	200	/home/user/vllm/logs/speed_test/specsys-sglang-nonsd_b128_speed_tp2/run1_specsys-sglang-nonsd_84.json
1	specsys-sglang-nonsd	85	85	1785225928665590404	1785225945391407443	16.725817	0	200	/home/user/vllm/logs/speed_test/specsys-sglang-nonsd_b128_speed_tp2/run1_specsys-sglang-nonsd_85.json
1	specsys-sglang-nonsd	86	86	1785225928665825488	1785225941086007989	12.420183	0	200	/home/user/vllm/logs/speed_test/specsys-sglang-nonsd_b128_speed_tp2/run1_specsys-sglang-nonsd_86.json
1	specsys-sglang-nonsd	87	87	1785225928666128872	1785225946181403575	17.515275	0	200	/home/user/vllm/logs/speed_test/specsys-sglang-nonsd_b128_speed_tp2/run1_specsys-sglang-nonsd_87.json
1	specsys-sglang-nonsd	88	88	1785225928666505126	1785225949067148212	20.400643	0	200	/home/user/vllm/logs/speed_test/specsys-sglang-nonsd_b128_speed_tp2/run1_specsys-sglang-nonsd_88.json
1	specsys-sglang-nonsd	89	89	1785225928666782299	1785225949073496784	20.406714	0	200	/home/user/vllm/logs/speed_test/specsys-sglang-nonsd_b128_speed_tp2/run1_specsys-sglang-nonsd_89.json
1	specsys-sglang-nonsd	90	90	1785225928667053617	1785225948740258895	20.073205	0	200	/home/user/vllm/logs/speed_test/specsys-sglang-nonsd_b128_speed_tp2/run1_specsys-sglang-nonsd_90.json
1	specsys-sglang-nonsd	91	91	1785225928667400909	1785225942453040713	13.785640	0	200	/home/user/vllm/logs/speed_test/specsys-sglang-nonsd_b128_speed_tp2/run1_specsys-sglang-nonsd_91.json
1	specsys-sglang-nonsd	92	92	1785225928667896700	1785225939747915964	11.080019	0	200	/home/user/vllm/logs/speed_test/specsys-sglang-nonsd_b128_speed_tp2/run1_specsys-sglang-nonsd_92.json
1	specsys-sglang-nonsd	93	93	1785225928668163248	1785225944481508295	15.813345	0	200	/home/user/vllm/logs/speed_test/specsys-sglang-nonsd_b128_speed_tp2/run1_specsys-sglang-nonsd_93.json
1	specsys-sglang-nonsd	94	94	1785225928668474756	1785225939748997185	11.080522	0	200	/home/user/vllm/logs/speed_test/specsys-sglang-nonsd_b128_speed_tp2/run1_specsys-sglang-nonsd_94.json
1	specsys-sglang-nonsd	95	95	1785225928668714731	1785225937686229385	9.017515	0	200	/home/user/vllm/logs/speed_test/specsys-sglang-nonsd_b128_speed_tp2/run1_specsys-sglang-nonsd_95.json
1	specsys-sglang-nonsd	96	96	1785225928669048040	1785225938274698251	9.605650	0	200	/home/user/vllm/logs/speed_test/specsys-sglang-nonsd_b128_speed_tp2/run1_specsys-sglang-nonsd_96.json
1	specsys-sglang-nonsd	97	97	1785225928669452341	1785225945044388193	16.374936	0	200	/home/user/vllm/logs/speed_test/specsys-sglang-nonsd_b128_speed_tp2/run1_specsys-sglang-nonsd_97.json
1	specsys-sglang-nonsd	98	98	1785225928669898342	1785225939748510947	11.078613	0	200	/home/user/vllm/logs/speed_test/specsys-sglang-nonsd_b128_speed_tp2/run1_specsys-sglang-nonsd_98.json
1	specsys-sglang-nonsd	99	99	1785225928670028701	1785225940247007462	11.576979	0	200	/home/user/vllm/logs/speed_test/specsys-sglang-nonsd_b128_speed_tp2/run1_specsys-sglang-nonsd_99.json
1	specsys-sglang-nonsd	100	100	1785225928670431434	1785225936978369111	8.307938	0	200	/home/user/vllm/logs/speed_test/specsys-sglang-nonsd_b128_speed_tp2/run1_specsys-sglang-nonsd_100.json
1	specsys-sglang-nonsd	101	101	1785225928670926965	1785225949092921690	20.421995	0	200	/home/user/vllm/logs/speed_test/specsys-sglang-nonsd_b128_speed_tp2/run1_specsys-sglang-nonsd_101.json
1	specsys-sglang-nonsd	102	102	1785225928671056516	1785225948865177036	20.194121	0	200	/home/user/vllm/logs/speed_test/specsys-sglang-nonsd_b128_speed_tp2/run1_specsys-sglang-nonsd_102.json
1	specsys-sglang-nonsd	103	103	1785225928671363658	1785225943402352539	14.730989	0	200	/home/user/vllm/logs/speed_test/specsys-sglang-nonsd_b128_speed_tp2/run1_specsys-sglang-nonsd_103.json
1	specsys-sglang-nonsd	104	104	1785225928671796376	1785225947543168315	18.871372	0	200	/home/user/vllm/logs/speed_test/specsys-sglang-nonsd_b128_speed_tp2/run1_specsys-sglang-nonsd_104.json
1	specsys-sglang-nonsd	105	105	1785225928672093334	1785225945074740390	16.402647	0	200	/home/user/vllm/logs/speed_test/specsys-sglang-nonsd_b128_speed_tp2/run1_specsys-sglang-nonsd_105.json
1	specsys-sglang-nonsd	106	106	1785225928672678780	1785225938414743693	9.742065	0	200	/home/user/vllm/logs/speed_test/specsys-sglang-nonsd_b128_speed_tp2/run1_specsys-sglang-nonsd_106.json
1	specsys-sglang-nonsd	107	107	1785225928672992867	1785225948096711225	19.423718	0	200	/home/user/vllm/logs/speed_test/specsys-sglang-nonsd_b128_speed_tp2/run1_specsys-sglang-nonsd_107.json
1	specsys-sglang-nonsd	108	108	1785225928673463881	1785225943197400220	14.523936	0	200	/home/user/vllm/logs/speed_test/specsys-sglang-nonsd_b128_speed_tp2/run1_specsys-sglang-nonsd_108.json
1	specsys-sglang-nonsd	109	109	1785225928673829995	1785225940920307655	12.246478	0	200	/home/user/vllm/logs/speed_test/specsys-sglang-nonsd_b128_speed_tp2/run1_specsys-sglang-nonsd_109.json
1	specsys-sglang-nonsd	110	110	1785225928674146439	1785225950819363111	22.145217	0	200	/home/user/vllm/logs/speed_test/specsys-sglang-nonsd_b128_speed_tp2/run1_specsys-sglang-nonsd_110.json
1	specsys-sglang-nonsd	111	111	1785225928674458067	1785225952208935311	23.534477	0	200	/home/user/vllm/logs/speed_test/specsys-sglang-nonsd_b128_speed_tp2/run1_specsys-sglang-nonsd_111.json
1	specsys-sglang-nonsd	112	112	1785225928674907230	1785225943568166106	14.893259	0	200	/home/user/vllm/logs/speed_test/specsys-sglang-nonsd_b128_speed_tp2/run1_specsys-sglang-nonsd_112.json
1	specsys-sglang-nonsd	113	113	1785225928675363761	1785225946182133854	17.506770	0	200	/home/user/vllm/logs/speed_test/specsys-sglang-nonsd_b128_speed_tp2/run1_specsys-sglang-nonsd_113.json
1	specsys-sglang-nonsd	114	114	1785225928675664795	1785225952265956484	23.590292	0	200	/home/user/vllm/logs/speed_test/specsys-sglang-nonsd_b128_speed_tp2/run1_specsys-sglang-nonsd_114.json
1	specsys-sglang-nonsd	115	115	1785225928675984380	1785225952018013301	23.342029	0	200	/home/user/vllm/logs/speed_test/specsys-sglang-nonsd_b128_speed_tp2/run1_specsys-sglang-nonsd_115.json
1	specsys-sglang-nonsd	116	116	1785225928676476060	1785225952802868571	24.126393	0	200	/home/user/vllm/logs/speed_test/specsys-sglang-nonsd_b128_speed_tp2/run1_specsys-sglang-nonsd_116.json
1	specsys-sglang-nonsd	117	117	1785225928676835475	1785225949948591765	21.271756	0	200	/home/user/vllm/logs/speed_test/specsys-sglang-nonsd_b128_speed_tp2/run1_specsys-sglang-nonsd_117.json
1	specsys-sglang-nonsd	118	118	1785225928677166625	1785225951999015619	23.321849	0	200	/home/user/vllm/logs/speed_test/specsys-sglang-nonsd_b128_speed_tp2/run1_specsys-sglang-nonsd_118.json
1	specsys-sglang-nonsd	119	119	1785225928677618400	1785225949286735381	20.609117	0	200	/home/user/vllm/logs/speed_test/specsys-sglang-nonsd_b128_speed_tp2/run1_specsys-sglang-nonsd_119.json
1	specsys-sglang-nonsd	120	120	1785225928678020152	1785225950352950984	21.674931	0	200	/home/user/vllm/logs/speed_test/specsys-sglang-nonsd_b128_speed_tp2/run1_specsys-sglang-nonsd_120.json
1	specsys-sglang-nonsd	121	121	1785225928678258178	1785225952803020326	24.124762	0	200	/home/user/vllm/logs/speed_test/specsys-sglang-nonsd_b128_speed_tp2/run1_specsys-sglang-nonsd_121.json
1	specsys-sglang-nonsd	122	122	1785225928678791217	1785225947542887308	18.864096	0	200	/home/user/vllm/logs/speed_test/specsys-sglang-nonsd_b128_speed_tp2/run1_specsys-sglang-nonsd_122.json
1	specsys-sglang-nonsd	123	123	1785225928679059539	1785225950651192656	21.972133	0	200	/home/user/vllm/logs/speed_test/specsys-sglang-nonsd_b128_speed_tp2/run1_specsys-sglang-nonsd_123.json
1	specsys-sglang-nonsd	124	124	1785225928679407312	1785225950566231020	21.886824	0	200	/home/user/vllm/logs/speed_test/specsys-sglang-nonsd_b128_speed_tp2/run1_specsys-sglang-nonsd_124.json
1	specsys-sglang-nonsd	125	125	1785225928679727303	1785225949201815515	20.522088	0	200	/home/user/vllm/logs/speed_test/specsys-sglang-nonsd_b128_speed_tp2/run1_specsys-sglang-nonsd_125.json
1	specsys-sglang-nonsd	126	126	1785225928680075618	1785225952376826233	23.696751	0	200	/home/user/vllm/logs/speed_test/specsys-sglang-nonsd_b128_speed_tp2/run1_specsys-sglang-nonsd_126.json
1	specsys-sglang-nonsd	127	127	1785225928680443206	1785225953454547663	24.774104	0	200	/home/user/vllm/logs/speed_test/specsys-sglang-nonsd_b128_speed_tp2/run1_specsys-sglang-nonsd_127.json
2	specsys-sglang-nonsd	0	0	1785226008796093979	1785226022145558471	13.349464	0	200	/home/user/vllm/logs/speed_test/specsys-sglang-nonsd_b128_speed_tp2/run2_specsys-sglang-nonsd_0.json
2	specsys-sglang-nonsd	1	1	1785226008796418665	1785226025740825486	16.944407	0	200	/home/user/vllm/logs/speed_test/specsys-sglang-nonsd_b128_speed_tp2/run2_specsys-sglang-nonsd_1.json
2	specsys-sglang-nonsd	2	2	1785226008797140331	1785226020899951895	12.102812	0	200	/home/user/vllm/logs/speed_test/specsys-sglang-nonsd_b128_speed_tp2/run2_specsys-sglang-nonsd_2.json
2	specsys-sglang-nonsd	3	3	1785226008797904468	1785226020734565558	11.936661	0	200	/home/user/vllm/logs/speed_test/specsys-sglang-nonsd_b128_speed_tp2/run2_specsys-sglang-nonsd_3.json
2	specsys-sglang-nonsd	4	4	1785226008798609323	1785226018226038822	9.427429	0	200	/home/user/vllm/logs/speed_test/specsys-sglang-nonsd_b128_speed_tp2/run2_specsys-sglang-nonsd_4.json
2	specsys-sglang-nonsd	5	5	1785226008799366844	1785226020405149927	11.605783	0	200	/home/user/vllm/logs/speed_test/specsys-sglang-nonsd_b128_speed_tp2/run2_specsys-sglang-nonsd_5.json
2	specsys-sglang-nonsd	6	6	1785226008800096687	1785226019318502499	10.518406	0	200	/home/user/vllm/logs/speed_test/specsys-sglang-nonsd_b128_speed_tp2/run2_specsys-sglang-nonsd_6.json
2	specsys-sglang-nonsd	7	7	1785226008800837354	1785226027110578039	18.309741	0	200	/home/user/vllm/logs/speed_test/specsys-sglang-nonsd_b128_speed_tp2/run2_specsys-sglang-nonsd_7.json
2	specsys-sglang-nonsd	8	8	1785226008801677882	1785226020862012499	12.060335	0	200	/home/user/vllm/logs/speed_test/specsys-sglang-nonsd_b128_speed_tp2/run2_specsys-sglang-nonsd_8.json
2	specsys-sglang-nonsd	9	9	1785226008802314594	1785226025048604336	16.246290	0	200	/home/user/vllm/logs/speed_test/specsys-sglang-nonsd_b128_speed_tp2/run2_specsys-sglang-nonsd_9.json
2	specsys-sglang-nonsd	10	10	1785226008802929652	1785226020701172738	11.898243	0	200	/home/user/vllm/logs/speed_test/specsys-sglang-nonsd_b128_speed_tp2/run2_specsys-sglang-nonsd_10.json
2	specsys-sglang-nonsd	11	11	1785226008803636834	1785226019110222820	10.306586	0	200	/home/user/vllm/logs/speed_test/specsys-sglang-nonsd_b128_speed_tp2/run2_specsys-sglang-nonsd_11.json
2	specsys-sglang-nonsd	12	12	1785226008804332659	1785226024482417062	15.678084	0	200	/home/user/vllm/logs/speed_test/specsys-sglang-nonsd_b128_speed_tp2/run2_specsys-sglang-nonsd_12.json
2	specsys-sglang-nonsd	13	13	1785226008805078180	1785226019360504955	10.555427	0	200	/home/user/vllm/logs/speed_test/specsys-sglang-nonsd_b128_speed_tp2/run2_specsys-sglang-nonsd_13.json
2	specsys-sglang-nonsd	14	14	1785226008805851426	1785226026302735402	17.496884	0	200	/home/user/vllm/logs/speed_test/specsys-sglang-nonsd_b128_speed_tp2/run2_specsys-sglang-nonsd_14.json
2	specsys-sglang-nonsd	15	15	1785226008806453072	1785226020026126491	11.219673	0	200	/home/user/vllm/logs/speed_test/specsys-sglang-nonsd_b128_speed_tp2/run2_specsys-sglang-nonsd_15.json
2	specsys-sglang-nonsd	16	16	1785226008807251548	1785226022682239226	13.874988	0	200	/home/user/vllm/logs/speed_test/specsys-sglang-nonsd_b128_speed_tp2/run2_specsys-sglang-nonsd_16.json
2	specsys-sglang-nonsd	17	17	1785226008808041591	1785226019032903676	10.224862	0	200	/home/user/vllm/logs/speed_test/specsys-sglang-nonsd_b128_speed_tp2/run2_specsys-sglang-nonsd_17.json
2	specsys-sglang-nonsd	18	18	1785226008808670647	1785226029130633794	20.321963	0	200	/home/user/vllm/logs/speed_test/specsys-sglang-nonsd_b128_speed_tp2/run2_specsys-sglang-nonsd_18.json
2	specsys-sglang-nonsd	19	19	1785226008809436644	1785226022722781914	13.913345	0	200	/home/user/vllm/logs/speed_test/specsys-sglang-nonsd_b128_speed_tp2/run2_specsys-sglang-nonsd_19.json
2	specsys-sglang-nonsd	20	20	1785226008810175774	1785226024452832919	15.642657	0	200	/home/user/vllm/logs/speed_test/specsys-sglang-nonsd_b128_speed_tp2/run2_specsys-sglang-nonsd_20.json
2	specsys-sglang-nonsd	21	21	1785226008810758820	1785226022435760678	13.625002	0	200	/home/user/vllm/logs/speed_test/specsys-sglang-nonsd_b128_speed_tp2/run2_specsys-sglang-nonsd_21.json
2	specsys-sglang-nonsd	22	22	1785226008811491867	1785226026084951669	17.273460	0	200	/home/user/vllm/logs/speed_test/specsys-sglang-nonsd_b128_speed_tp2/run2_specsys-sglang-nonsd_22.json
2	specsys-sglang-nonsd	23	23	1785226008812255684	1785226024357092405	15.544837	0	200	/home/user/vllm/logs/speed_test/specsys-sglang-nonsd_b128_speed_tp2/run2_specsys-sglang-nonsd_23.json
2	specsys-sglang-nonsd	24	24	1785226008812958469	1785226023304636602	14.491678	0	200	/home/user/vllm/logs/speed_test/specsys-sglang-nonsd_b128_speed_tp2/run2_specsys-sglang-nonsd_24.json
2	specsys-sglang-nonsd	25	25	1785226008813582577	1785226025898576558	17.084994	0	200	/home/user/vllm/logs/speed_test/specsys-sglang-nonsd_b128_speed_tp2/run2_specsys-sglang-nonsd_25.json
2	specsys-sglang-nonsd	26	26	1785226008814340157	1785226029130163747	20.315824	0	200	/home/user/vllm/logs/speed_test/specsys-sglang-nonsd_b128_speed_tp2/run2_specsys-sglang-nonsd_26.json
2	specsys-sglang-nonsd	27	27	1785226008814960667	1785226018351158581	9.536198	0	200	/home/user/vllm/logs/speed_test/specsys-sglang-nonsd_b128_speed_tp2/run2_specsys-sglang-nonsd_27.json
2	specsys-sglang-nonsd	28	28	1785226008815747689	1785226018901473821	10.085726	0	200	/home/user/vllm/logs/speed_test/specsys-sglang-nonsd_b128_speed_tp2/run2_specsys-sglang-nonsd_28.json
2	specsys-sglang-nonsd	29	29	1785226008816490580	1785226024165122501	15.348632	0	200	/home/user/vllm/logs/speed_test/specsys-sglang-nonsd_b128_speed_tp2/run2_specsys-sglang-nonsd_29.json
2	specsys-sglang-nonsd	30	30	1785226008817178201	1785226029131063995	20.313886	0	200	/home/user/vllm/logs/speed_test/specsys-sglang-nonsd_b128_speed_tp2/run2_specsys-sglang-nonsd_30.json
2	specsys-sglang-nonsd	31	31	1785226008817894662	1785226025959180601	17.141286	0	200	/home/user/vllm/logs/speed_test/specsys-sglang-nonsd_b128_speed_tp2/run2_specsys-sglang-nonsd_31.json
2	specsys-sglang-nonsd	32	32	1785226008818609016	1785226022146614435	13.328005	0	200	/home/user/vllm/logs/speed_test/specsys-sglang-nonsd_b128_speed_tp2/run2_specsys-sglang-nonsd_32.json
2	specsys-sglang-nonsd	33	33	1785226008820504619	1785226019826588817	11.006084	0	200	/home/user/vllm/logs/speed_test/specsys-sglang-nonsd_b128_speed_tp2/run2_specsys-sglang-nonsd_33.json
2	specsys-sglang-nonsd	34	34	1785226008820046289	1785226021150482534	12.330436	0	200	/home/user/vllm/logs/speed_test/specsys-sglang-nonsd_b128_speed_tp2/run2_specsys-sglang-nonsd_34.json
2	specsys-sglang-nonsd	35	35	1785226008820783538	1785226021029069046	12.208286	0	200	/home/user/vllm/logs/speed_test/specsys-sglang-nonsd_b128_speed_tp2/run2_specsys-sglang-nonsd_35.json
2	specsys-sglang-nonsd	36	36	1785226008821460441	1785226016646985055	7.825525	0	200	/home/user/vllm/logs/speed_test/specsys-sglang-nonsd_b128_speed_tp2/run2_specsys-sglang-nonsd_36.json
2	specsys-sglang-nonsd	37	37	1785226008822146956	1785226019240051944	10.417905	0	200	/home/user/vllm/logs/speed_test/specsys-sglang-nonsd_b128_speed_tp2/run2_specsys-sglang-nonsd_37.json
2	specsys-sglang-nonsd	38	38	1785226008822783949	1785226020701329150	11.878545	0	200	/home/user/vllm/logs/speed_test/specsys-sglang-nonsd_b128_speed_tp2/run2_specsys-sglang-nonsd_38.json
2	specsys-sglang-nonsd	39	39	1785226008823526877	1785226025176799183	16.353272	0	200	/home/user/vllm/logs/speed_test/specsys-sglang-nonsd_b128_speed_tp2/run2_specsys-sglang-nonsd_39.json
2	specsys-sglang-nonsd	40	40	1785226008824250614	1785226015862787916	7.038537	0	200	/home/user/vllm/logs/speed_test/specsys-sglang-nonsd_b128_speed_tp2/run2_specsys-sglang-nonsd_40.json
2	specsys-sglang-nonsd	41	41	1785226008825049045	1785226023134639150	14.309590	0	200	/home/user/vllm/logs/speed_test/specsys-sglang-nonsd_b128_speed_tp2/run2_specsys-sglang-nonsd_41.json
2	specsys-sglang-nonsd	42	42	1785226008825655540	1785226022146505679	13.320850	0	200	/home/user/vllm/logs/speed_test/specsys-sglang-nonsd_b128_speed_tp2/run2_specsys-sglang-nonsd_42.json
2	specsys-sglang-nonsd	43	43	1785226008826484490	1785226020779764889	11.953280	0	200	/home/user/vllm/logs/speed_test/specsys-sglang-nonsd_b128_speed_tp2/run2_specsys-sglang-nonsd_43.json
2	specsys-sglang-nonsd	44	44	1785226008826952399	1785226021276101421	12.449149	0	200	/home/user/vllm/logs/speed_test/specsys-sglang-nonsd_b128_speed_tp2/run2_specsys-sglang-nonsd_44.json
2	specsys-sglang-nonsd	45	45	1785226008827806600	1785226023135395327	14.307589	0	200	/home/user/vllm/logs/speed_test/specsys-sglang-nonsd_b128_speed_tp2/run2_specsys-sglang-nonsd_45.json
2	specsys-sglang-nonsd	46	46	1785226008828434323	1785226018814747211	9.986313	0	200	/home/user/vllm/logs/speed_test/specsys-sglang-nonsd_b128_speed_tp2/run2_specsys-sglang-nonsd_46.json
2	specsys-sglang-nonsd	47	47	1785226008829190145	1785226023626444274	14.797254	0	200	/home/user/vllm/logs/speed_test/specsys-sglang-nonsd_b128_speed_tp2/run2_specsys-sglang-nonsd_47.json
2	specsys-sglang-nonsd	48	48	1785226008829889416	1785226022434854078	13.604965	0	200	/home/user/vllm/logs/speed_test/specsys-sglang-nonsd_b128_speed_tp2/run2_specsys-sglang-nonsd_48.json
2	specsys-sglang-nonsd	49	49	1785226008830541222	1785226021233617867	12.403077	0	200	/home/user/vllm/logs/speed_test/specsys-sglang-nonsd_b128_speed_tp2/run2_specsys-sglang-nonsd_49.json
2	specsys-sglang-nonsd	50	50	1785226008831389938	1785226024578584317	15.747194	0	200	/home/user/vllm/logs/speed_test/specsys-sglang-nonsd_b128_speed_tp2/run2_specsys-sglang-nonsd_50.json
2	specsys-sglang-nonsd	51	51	1785226008831927340	1785226028411058959	19.579132	0	200	/home/user/vllm/logs/speed_test/specsys-sglang-nonsd_b128_speed_tp2/run2_specsys-sglang-nonsd_51.json
2	specsys-sglang-nonsd	52	52	1785226008832569036	1785226014985957013	6.153388	0	200	/home/user/vllm/logs/speed_test/specsys-sglang-nonsd_b128_speed_tp2/run2_specsys-sglang-nonsd_52.json
2	specsys-sglang-nonsd	53	53	1785226008833209541	1785226026432867359	17.599658	0	200	/home/user/vllm/logs/speed_test/specsys-sglang-nonsd_b128_speed_tp2/run2_specsys-sglang-nonsd_53.json
2	specsys-sglang-nonsd	54	54	1785226008833934928	1785226029130813544	20.296879	0	200	/home/user/vllm/logs/speed_test/specsys-sglang-nonsd_b128_speed_tp2/run2_specsys-sglang-nonsd_54.json
2	specsys-sglang-nonsd	55	55	1785226008834532752	1785226029131242711	20.296710	0	200	/home/user/vllm/logs/speed_test/specsys-sglang-nonsd_b128_speed_tp2/run2_specsys-sglang-nonsd_55.json
2	specsys-sglang-nonsd	56	56	1785226008835272300	1785226029130481952	20.295210	0	200	/home/user/vllm/logs/speed_test/specsys-sglang-nonsd_b128_speed_tp2/run2_specsys-sglang-nonsd_56.json
2	specsys-sglang-nonsd	57	57	1785226008835754385	1785226018778249681	9.942495	0	200	/home/user/vllm/logs/speed_test/specsys-sglang-nonsd_b128_speed_tp2/run2_specsys-sglang-nonsd_57.json
2	specsys-sglang-nonsd	58	58	1785226008836453651	1785226022850652573	14.014199	0	200	/home/user/vllm/logs/speed_test/specsys-sglang-nonsd_b128_speed_tp2/run2_specsys-sglang-nonsd_58.json
2	specsys-sglang-nonsd	59	59	1785226008837040939	1785226018226429767	9.389389	0	200	/home/user/vllm/logs/speed_test/specsys-sglang-nonsd_b128_speed_tp2/run2_specsys-sglang-nonsd_59.json
2	specsys-sglang-nonsd	60	60	1785226008837700537	1785226025898146893	17.060446	0	200	/home/user/vllm/logs/speed_test/specsys-sglang-nonsd_b128_speed_tp2/run2_specsys-sglang-nonsd_60.json
2	specsys-sglang-nonsd	61	61	1785226008838337204	1785226021274888803	12.436552	0	200	/home/user/vllm/logs/speed_test/specsys-sglang-nonsd_b128_speed_tp2/run2_specsys-sglang-nonsd_61.json
2	specsys-sglang-nonsd	62	62	1785226008838923811	1785226025929593776	17.090670	0	200	/home/user/vllm/logs/speed_test/specsys-sglang-nonsd_b128_speed_tp2/run2_specsys-sglang-nonsd_62.json
2	specsys-sglang-nonsd	63	63	1785226008839504995	1785226024011062684	15.171558	0	200	/home/user/vllm/logs/speed_test/specsys-sglang-nonsd_b128_speed_tp2/run2_specsys-sglang-nonsd_63.json
2	specsys-sglang-nonsd	64	64	1785226008840150623	1785226029129936445	20.289786	0	200	/home/user/vllm/logs/speed_test/specsys-sglang-nonsd_b128_speed_tp2/run2_specsys-sglang-nonsd_64.json
2	specsys-sglang-nonsd	65	65	1785226008840810146	1785226025302637416	16.461827	0	200	/home/user/vllm/logs/speed_test/specsys-sglang-nonsd_b128_speed_tp2/run2_specsys-sglang-nonsd_65.json
2	specsys-sglang-nonsd	66	66	1785226008841284816	1785226029130355780	20.289071	0	200	/home/user/vllm/logs/speed_test/specsys-sglang-nonsd_b128_speed_tp2/run2_specsys-sglang-nonsd_66.json
2	specsys-sglang-nonsd	67	67	1785226008841888659	1785226021854445618	13.012557	0	200	/home/user/vllm/logs/speed_test/specsys-sglang-nonsd_b128_speed_tp2/run2_specsys-sglang-nonsd_67.json
2	specsys-sglang-nonsd	68	68	1785226008842433060	1785226018270109770	9.427677	0	200	/home/user/vllm/logs/speed_test/specsys-sglang-nonsd_b128_speed_tp2/run2_specsys-sglang-nonsd_68.json
2	specsys-sglang-nonsd	69	69	1785226008843020566	1785226021066938911	12.223918	0	200	/home/user/vllm/logs/speed_test/specsys-sglang-nonsd_b128_speed_tp2/run2_specsys-sglang-nonsd_69.json
2	specsys-sglang-nonsd	70	70	1785226008843691731	1785226029130602826	20.286911	0	200	/home/user/vllm/logs/speed_test/specsys-sglang-nonsd_b128_speed_tp2/run2_specsys-sglang-nonsd_70.json
2	specsys-sglang-nonsd	71	71	1785226008844167456	1785226025460986408	16.616819	0	200	/home/user/vllm/logs/speed_test/specsys-sglang-nonsd_b128_speed_tp2/run2_specsys-sglang-nonsd_71.json
2	specsys-sglang-nonsd	72	72	1785226008844742994	1785226024010551680	15.165809	0	200	/home/user/vllm/logs/speed_test/specsys-sglang-nonsd_b128_speed_tp2/run2_specsys-sglang-nonsd_72.json
2	specsys-sglang-nonsd	73	73	1785226008845244863	1785226019614663406	10.769419	0	200	/home/user/vllm/logs/speed_test/specsys-sglang-nonsd_b128_speed_tp2/run2_specsys-sglang-nonsd_73.json
2	specsys-sglang-nonsd	74	74	1785226008845791488	1785226022558412890	13.712621	0	200	/home/user/vllm/logs/speed_test/specsys-sglang-nonsd_b128_speed_tp2/run2_specsys-sglang-nonsd_74.json
2	specsys-sglang-nonsd	75	75	1785226008846369060	1785226019694859696	10.848491	0	200	/home/user/vllm/logs/speed_test/specsys-sglang-nonsd_b128_speed_tp2/run2_specsys-sglang-nonsd_75.json
2	specsys-sglang-nonsd	76	76	1785226008846895655	1785226027358136890	18.511241	0	200	/home/user/vllm/logs/speed_test/specsys-sglang-nonsd_b128_speed_tp2/run2_specsys-sglang-nonsd_76.json
2	specsys-sglang-nonsd	77	77	1785226008847333606	1785226029130359894	20.283026	0	200	/home/user/vllm/logs/speed_test/specsys-sglang-nonsd_b128_speed_tp2/run2_specsys-sglang-nonsd_77.json
2	specsys-sglang-nonsd	78	78	1785226008847878819	1785226022682539912	13.834661	0	200	/home/user/vllm/logs/speed_test/specsys-sglang-nonsd_b128_speed_tp2/run2_specsys-sglang-nonsd_78.json
2	specsys-sglang-nonsd	79	79	1785226008848309136	1785226028290420478	19.442111	0	200	/home/user/vllm/logs/speed_test/specsys-sglang-nonsd_b128_speed_tp2/run2_specsys-sglang-nonsd_79.json
2	specsys-sglang-nonsd	80	80	1785226008848812639	1785226029130372349	20.281560	0	200	/home/user/vllm/logs/speed_test/specsys-sglang-nonsd_b128_speed_tp2/run2_specsys-sglang-nonsd_80.json
2	specsys-sglang-nonsd	81	81	1785226008849414323	1785226027234572059	18.385158	0	200	/home/user/vllm/logs/speed_test/specsys-sglang-nonsd_b128_speed_tp2/run2_specsys-sglang-nonsd_81.json
2	specsys-sglang-nonsd	82	82	1785226008849907270	1785226022640354225	13.790447	0	200	/home/user/vllm/logs/speed_test/specsys-sglang-nonsd_b128_speed_tp2/run2_specsys-sglang-nonsd_82.json
2	specsys-sglang-nonsd	83	83	1785226008850380380	1785226021956796185	13.106416	0	200	/home/user/vllm/logs/speed_test/specsys-sglang-nonsd_b128_speed_tp2/run2_specsys-sglang-nonsd_83.json
2	specsys-sglang-nonsd	84	84	1785226008850960327	1785226026706340064	17.855380	0	200	/home/user/vllm/logs/speed_test/specsys-sglang-nonsd_b128_speed_tp2/run2_specsys-sglang-nonsd_84.json
2	specsys-sglang-nonsd	85	85	1785226008851412169	1785226025426727499	16.575315	0	200	/home/user/vllm/logs/speed_test/specsys-sglang-nonsd_b128_speed_tp2/run2_specsys-sglang-nonsd_85.json
2	specsys-sglang-nonsd	86	86	1785226008852034983	1785226024958860871	16.106826	0	200	/home/user/vllm/logs/speed_test/specsys-sglang-nonsd_b128_speed_tp2/run2_specsys-sglang-nonsd_86.json
2	specsys-sglang-nonsd	87	87	1785226008852404898	1785226024242586794	15.390182	0	200	/home/user/vllm/logs/speed_test/specsys-sglang-nonsd_b128_speed_tp2/run2_specsys-sglang-nonsd_87.json
2	specsys-sglang-nonsd	88	88	1785226008852869385	1785226029130774625	20.277905	0	200	/home/user/vllm/logs/speed_test/specsys-sglang-nonsd_b128_speed_tp2/run2_specsys-sglang-nonsd_88.json
2	specsys-sglang-nonsd	89	89	1785226008853372685	1785226027728504793	18.875132	0	200	/home/user/vllm/logs/speed_test/specsys-sglang-nonsd_b128_speed_tp2/run2_specsys-sglang-nonsd_89.json
2	specsys-sglang-nonsd	90	90	1785226008854116278	1785226029130752333	20.276636	0	200	/home/user/vllm/logs/speed_test/specsys-sglang-nonsd_b128_speed_tp2/run2_specsys-sglang-nonsd_90.json
2	specsys-sglang-nonsd	91	91	1785226008854415727	1785226022475763504	13.621348	0	200	/home/user/vllm/logs/speed_test/specsys-sglang-nonsd_b128_speed_tp2/run2_specsys-sglang-nonsd_91.json
2	specsys-sglang-nonsd	92	92	1785226008854780377	1785226019826562261	10.971782	0	200	/home/user/vllm/logs/speed_test/specsys-sglang-nonsd_b128_speed_tp2/run2_specsys-sglang-nonsd_92.json
2	specsys-sglang-nonsd	93	93	1785226008855256095	1785226024286474243	15.431218	0	200	/home/user/vllm/logs/speed_test/specsys-sglang-nonsd_b128_speed_tp2/run2_specsys-sglang-nonsd_93.json
2	specsys-sglang-nonsd	94	94	1785226008855676182	1785226019826679293	10.971003	0	200	/home/user/vllm/logs/speed_test/specsys-sglang-nonsd_b128_speed_tp2/run2_specsys-sglang-nonsd_94.json
2	specsys-sglang-nonsd	95	95	1785226008856204347	1785226017854247461	8.998043	0	200	/home/user/vllm/logs/speed_test/specsys-sglang-nonsd_b128_speed_tp2/run2_specsys-sglang-nonsd_95.json
2	specsys-sglang-nonsd	96	96	1785226008856642171	1785226019153903679	10.297262	0	200	/home/user/vllm/logs/speed_test/specsys-sglang-nonsd_b128_speed_tp2/run2_specsys-sglang-nonsd_96.json
2	specsys-sglang-nonsd	97	97	1785226008857124900	1785226028006617112	19.149492	0	200	/home/user/vllm/logs/speed_test/specsys-sglang-nonsd_b128_speed_tp2/run2_specsys-sglang-nonsd_97.json
2	specsys-sglang-nonsd	98	98	1785226008857488514	1785226019738958943	10.881470	0	200	/home/user/vllm/logs/speed_test/specsys-sglang-nonsd_b128_speed_tp2/run2_specsys-sglang-nonsd_98.json
2	specsys-sglang-nonsd	99	99	1785226008858827663	1785226020569198341	11.710371	0	200	/home/user/vllm/logs/speed_test/specsys-sglang-nonsd_b128_speed_tp2/run2_specsys-sglang-nonsd_99.json
2	specsys-sglang-nonsd	100	100	1785226008858654748	1785226017105526118	8.246871	0	200	/home/user/vllm/logs/speed_test/specsys-sglang-nonsd_b128_speed_tp2/run2_specsys-sglang-nonsd_100.json
2	specsys-sglang-nonsd	101	101	1785226008859376714	1785226032482055118	23.622678	0	200	/home/user/vllm/logs/speed_test/specsys-sglang-nonsd_b128_speed_tp2/run2_specsys-sglang-nonsd_101.json
2	specsys-sglang-nonsd	102	102	1785226008859805622	1785226032482619419	23.622814	0	200	/home/user/vllm/logs/speed_test/specsys-sglang-nonsd_b128_speed_tp2/run2_specsys-sglang-nonsd_102.json
2	specsys-sglang-nonsd	103	103	1785226008860090496	1785226024285188948	15.425098	0	200	/home/user/vllm/logs/speed_test/specsys-sglang-nonsd_b128_speed_tp2/run2_specsys-sglang-nonsd_103.json
2	specsys-sglang-nonsd	104	104	1785226008860515735	1785226031661926789	22.801411	0	200	/home/user/vllm/logs/speed_test/specsys-sglang-nonsd_b128_speed_tp2/run2_specsys-sglang-nonsd_104.json
2	specsys-sglang-nonsd	105	105	1785226008860909407	1785226030270530707	21.409621	0	200	/home/user/vllm/logs/speed_test/specsys-sglang-nonsd_b128_speed_tp2/run2_specsys-sglang-nonsd_105.json
2	specsys-sglang-nonsd	106	106	1785226008861408159	1785226024420109038	15.558701	0	200	/home/user/vllm/logs/speed_test/specsys-sglang-nonsd_b128_speed_tp2/run2_specsys-sglang-nonsd_106.json
2	specsys-sglang-nonsd	107	107	1785226008861742578	1785226032480627582	23.618885	0	200	/home/user/vllm/logs/speed_test/specsys-sglang-nonsd_b128_speed_tp2/run2_specsys-sglang-nonsd_107.json
2	specsys-sglang-nonsd	108	108	1785226008862144967	1785226032482557080	23.620412	0	200	/home/user/vllm/logs/speed_test/specsys-sglang-nonsd_b128_speed_tp2/run2_specsys-sglang-nonsd_108.json
2	specsys-sglang-nonsd	109	109	1785226008863138238	1785226026270769742	17.407632	0	200	/home/user/vllm/logs/speed_test/specsys-sglang-nonsd_b128_speed_tp2/run2_specsys-sglang-nonsd_109.json
2	specsys-sglang-nonsd	110	110	1785226008863018055	1785226031812643184	22.949625	0	200	/home/user/vllm/logs/speed_test/specsys-sglang-nonsd_b128_speed_tp2/run2_specsys-sglang-nonsd_110.json
2	specsys-sglang-nonsd	111	111	1785226008863614429	1785226032482685231	23.619071	0	200	/home/user/vllm/logs/speed_test/specsys-sglang-nonsd_b128_speed_tp2/run2_specsys-sglang-nonsd_111.json
2	specsys-sglang-nonsd	112	112	1785226008863894762	1785226023009872739	14.145978	0	200	/home/user/vllm/logs/speed_test/specsys-sglang-nonsd_b128_speed_tp2/run2_specsys-sglang-nonsd_112.json
2	specsys-sglang-nonsd	113	113	1785226008864514544	1785226026462215387	17.597701	0	200	/home/user/vllm/logs/speed_test/specsys-sglang-nonsd_b128_speed_tp2/run2_specsys-sglang-nonsd_113.json
2	specsys-sglang-nonsd	114	114	1785226008864860943	1785226032818802865	23.953942	0	200	/home/user/vllm/logs/speed_test/specsys-sglang-nonsd_b128_speed_tp2/run2_specsys-sglang-nonsd_114.json
2	specsys-sglang-nonsd	115	115	1785226008865374064	1785226032197156138	23.331782	0	200	/home/user/vllm/logs/speed_test/specsys-sglang-nonsd_b128_speed_tp2/run2_specsys-sglang-nonsd_115.json
2	specsys-sglang-nonsd	116	116	1785226008865530147	1785226032817665821	23.952136	0	200	/home/user/vllm/logs/speed_test/specsys-sglang-nonsd_b128_speed_tp2/run2_specsys-sglang-nonsd_116.json
2	specsys-sglang-nonsd	117	117	1785226008865961551	1785226029431096080	20.565135	0	200	/home/user/vllm/logs/speed_test/specsys-sglang-nonsd_b128_speed_tp2/run2_specsys-sglang-nonsd_117.json
2	specsys-sglang-nonsd	118	118	1785226008866614038	1785226032132724013	23.266110	0	200	/home/user/vllm/logs/speed_test/specsys-sglang-nonsd_b128_speed_tp2/run2_specsys-sglang-nonsd_118.json
2	specsys-sglang-nonsd	119	119	1785226008866928661	1785226028622746358	19.755818	0	200	/home/user/vllm/logs/speed_test/specsys-sglang-nonsd_b128_speed_tp2/run2_specsys-sglang-nonsd_119.json
2	specsys-sglang-nonsd	120	120	1785226008867349552	1785226030777548970	21.910199	0	200	/home/user/vllm/logs/speed_test/specsys-sglang-nonsd_b128_speed_tp2/run2_specsys-sglang-nonsd_120.json
2	specsys-sglang-nonsd	121	121	1785226008867677681	1785226032836733605	23.969056	0	200	/home/user/vllm/logs/speed_test/specsys-sglang-nonsd_b128_speed_tp2/run2_specsys-sglang-nonsd_121.json
2	specsys-sglang-nonsd	122	122	1785226008867979495	1785226027549944219	18.681965	0	200	/home/user/vllm/logs/speed_test/specsys-sglang-nonsd_b128_speed_tp2/run2_specsys-sglang-nonsd_122.json
2	specsys-sglang-nonsd	123	123	1785226008868494903	1785226030752313933	21.883819	0	200	/home/user/vllm/logs/speed_test/specsys-sglang-nonsd_b128_speed_tp2/run2_specsys-sglang-nonsd_123.json
2	specsys-sglang-nonsd	124	124	1785226008869022973	1785226031144768479	22.275746	0	200	/home/user/vllm/logs/speed_test/specsys-sglang-nonsd_b128_speed_tp2/run2_specsys-sglang-nonsd_124.json
2	specsys-sglang-nonsd	125	125	1785226008869398724	1785226029223092362	20.353694	0	200	/home/user/vllm/logs/speed_test/specsys-sglang-nonsd_b128_speed_tp2/run2_specsys-sglang-nonsd_125.json
2	specsys-sglang-nonsd	126	126	1785226008869713544	1785226033010455999	24.140742	0	200	/home/user/vllm/logs/speed_test/specsys-sglang-nonsd_b128_speed_tp2/run2_specsys-sglang-nonsd_126.json
2	specsys-sglang-nonsd	127	127	1785226008869994581	1785226033917244338	25.047250	0	200	/home/user/vllm/logs/speed_test/specsys-sglang-nonsd_b128_speed_tp2/run2_specsys-sglang-nonsd_127.json
3	specsys-sglang-nonsd	0	0	1785226090133833486	1785226103512625211	13.378792	0	200	/home/user/vllm/logs/speed_test/specsys-sglang-nonsd_b128_speed_tp2/run3_specsys-sglang-nonsd_0.json
3	specsys-sglang-nonsd	1	1	1785226090133422962	1785226106960993568	16.827571	0	200	/home/user/vllm/logs/speed_test/specsys-sglang-nonsd_b128_speed_tp2/run3_specsys-sglang-nonsd_1.json
3	specsys-sglang-nonsd	2	2	1785226090133526704	1785226105158745481	15.025219	0	200	/home/user/vllm/logs/speed_test/specsys-sglang-nonsd_b128_speed_tp2/run3_specsys-sglang-nonsd_2.json
3	specsys-sglang-nonsd	3	3	1785226090133767691	1785226102104171545	11.970404	0	200	/home/user/vllm/logs/speed_test/specsys-sglang-nonsd_b128_speed_tp2/run3_specsys-sglang-nonsd_3.json
3	specsys-sglang-nonsd	4	4	1785226090134106930	1785226095253135811	5.119029	0	200	/home/user/vllm/logs/speed_test/specsys-sglang-nonsd_b128_speed_tp2/run3_specsys-sglang-nonsd_4.json
3	specsys-sglang-nonsd	5	5	1785226090134362017	1785226102520848498	12.386486	0	200	/home/user/vllm/logs/speed_test/specsys-sglang-nonsd_b128_speed_tp2/run3_specsys-sglang-nonsd_5.json
3	specsys-sglang-nonsd	6	6	1785226090135146641	1785226101481020669	11.345874	0	200	/home/user/vllm/logs/speed_test/specsys-sglang-nonsd_b128_speed_tp2/run3_specsys-sglang-nonsd_6.json
3	specsys-sglang-nonsd	7	7	1785226090134912546	1785226105674309894	15.539397	0	200	/home/user/vllm/logs/speed_test/specsys-sglang-nonsd_b128_speed_tp2/run3_specsys-sglang-nonsd_7.json
3	specsys-sglang-nonsd	8	8	1785226090135219264	1785226105354269103	15.219050	0	200	/home/user/vllm/logs/speed_test/specsys-sglang-nonsd_b128_speed_tp2/run3_specsys-sglang-nonsd_8.json
3	specsys-sglang-nonsd	9	9	1785226090136028242	1785226105282703465	15.146675	0	200	/home/user/vllm/logs/speed_test/specsys-sglang-nonsd_b128_speed_tp2/run3_specsys-sglang-nonsd_9.json
3	specsys-sglang-nonsd	10	10	1785226090135829147	1785226102021981216	11.886152	0	200	/home/user/vllm/logs/speed_test/specsys-sglang-nonsd_b128_speed_tp2/run3_specsys-sglang-nonsd_10.json
3	specsys-sglang-nonsd	11	11	1785226090136804538	1785226101771064880	11.634260	0	200	/home/user/vllm/logs/speed_test/specsys-sglang-nonsd_b128_speed_tp2/run3_specsys-sglang-nonsd_11.json
3	specsys-sglang-nonsd	12	12	1785226090136450129	1785226105731751056	15.595301	0	200	/home/user/vllm/logs/speed_test/specsys-sglang-nonsd_b128_speed_tp2/run3_specsys-sglang-nonsd_12.json
3	specsys-sglang-nonsd	13	13	1785226090136886043	1785226100896633876	10.759748	0	200	/home/user/vllm/logs/speed_test/specsys-sglang-nonsd_b128_speed_tp2/run3_specsys-sglang-nonsd_13.json
3	specsys-sglang-nonsd	14	14	1785226090137167637	1785226108165068951	18.027901	0	200	/home/user/vllm/logs/speed_test/specsys-sglang-nonsd_b128_speed_tp2/run3_specsys-sglang-nonsd_14.json
3	specsys-sglang-nonsd	15	15	1785226090137528155	1785226101437696438	11.300168	0	200	/home/user/vllm/logs/speed_test/specsys-sglang-nonsd_b128_speed_tp2/run3_specsys-sglang-nonsd_15.json
3	specsys-sglang-nonsd	16	16	1785226090137873246	1785226104009533300	13.871660	0	200	/home/user/vllm/logs/speed_test/specsys-sglang-nonsd_b128_speed_tp2/run3_specsys-sglang-nonsd_16.json
3	specsys-sglang-nonsd	17	17	1785226090138051252	1785226100350911904	10.212861	0	200	/home/user/vllm/logs/speed_test/specsys-sglang-nonsd_b128_speed_tp2/run3_specsys-sglang-nonsd_17.json
3	specsys-sglang-nonsd	18	18	1785226090138296468	1785226110346164965	20.207868	0	200	/home/user/vllm/logs/speed_test/specsys-sglang-nonsd_b128_speed_tp2/run3_specsys-sglang-nonsd_18.json
3	specsys-sglang-nonsd	19	19	1785226090139165009	1785226104052455229	13.913290	0	200	/home/user/vllm/logs/speed_test/specsys-sglang-nonsd_b128_speed_tp2/run3_specsys-sglang-nonsd_19.json
3	specsys-sglang-nonsd	20	20	1785226090140551545	1785226105701768083	15.561217	0	200	/home/user/vllm/logs/speed_test/specsys-sglang-nonsd_b128_speed_tp2/run3_specsys-sglang-nonsd_20.json
3	specsys-sglang-nonsd	21	21	1785226090139126527	1785226103353229035	13.214103	0	200	/home/user/vllm/logs/speed_test/specsys-sglang-nonsd_b128_speed_tp2/run3_specsys-sglang-nonsd_21.json
3	specsys-sglang-nonsd	22	22	1785226090139477692	1785226108256709431	18.117232	0	200	/home/user/vllm/logs/speed_test/specsys-sglang-nonsd_b128_speed_tp2/run3_specsys-sglang-nonsd_22.json
3	specsys-sglang-nonsd	23	23	1785226090139748309	1785226104870677059	14.730929	0	200	/home/user/vllm/logs/speed_test/specsys-sglang-nonsd_b128_speed_tp2/run3_specsys-sglang-nonsd_23.json
3	specsys-sglang-nonsd	24	24	1785226090140161778	1785226106961486803	16.821325	0	200	/home/user/vllm/logs/speed_test/specsys-sglang-nonsd_b128_speed_tp2/run3_specsys-sglang-nonsd_24.json
3	specsys-sglang-nonsd	25	25	1785226090140333760	1785226107113974531	16.973641	0	200	/home/user/vllm/logs/speed_test/specsys-sglang-nonsd_b128_speed_tp2/run3_specsys-sglang-nonsd_25.json
3	specsys-sglang-nonsd	26	26	1785226090140622435	1785226110348713935	20.208091	0	200	/home/user/vllm/logs/speed_test/specsys-sglang-nonsd_b128_speed_tp2/run3_specsys-sglang-nonsd_26.json
3	specsys-sglang-nonsd	27	27	1785226090141208264	1785226099679828647	9.538620	0	200	/home/user/vllm/logs/speed_test/specsys-sglang-nonsd_b128_speed_tp2/run3_specsys-sglang-nonsd_27.json
3	specsys-sglang-nonsd	28	28	1785226090141368642	1785226099589674367	9.448306	0	200	/home/user/vllm/logs/speed_test/specsys-sglang-nonsd_b128_speed_tp2/run3_specsys-sglang-nonsd_28.json
3	specsys-sglang-nonsd	29	29	1785226090141807345	1785226103285251955	13.143445	0	200	/home/user/vllm/logs/speed_test/specsys-sglang-nonsd_b128_speed_tp2/run3_specsys-sglang-nonsd_29.json
3	specsys-sglang-nonsd	30	30	1785226090141834845	1785226110348739064	20.206904	0	200	/home/user/vllm/logs/speed_test/specsys-sglang-nonsd_b128_speed_tp2/run3_specsys-sglang-nonsd_30.json
3	specsys-sglang-nonsd	31	31	1785226090142132700	1785226107793937416	17.651805	0	200	/home/user/vllm/logs/speed_test/specsys-sglang-nonsd_b128_speed_tp2/run3_specsys-sglang-nonsd_31.json
3	specsys-sglang-nonsd	32	32	1785226090142451076	1785226103431060554	13.288609	0	200	/home/user/vllm/logs/speed_test/specsys-sglang-nonsd_b128_speed_tp2/run3_specsys-sglang-nonsd_32.json
3	specsys-sglang-nonsd	33	33	1785226090143301909	1785226101149744831	11.006443	0	200	/home/user/vllm/logs/speed_test/specsys-sglang-nonsd_b128_speed_tp2/run3_specsys-sglang-nonsd_33.json
3	specsys-sglang-nonsd	34	34	1785226090144032297	1785226102484543220	12.340511	0	200	/home/user/vllm/logs/speed_test/specsys-sglang-nonsd_b128_speed_tp2/run3_specsys-sglang-nonsd_34.json
3	specsys-sglang-nonsd	35	35	1785226090143505945	1785226102358261730	12.214756	0	200	/home/user/vllm/logs/speed_test/specsys-sglang-nonsd_b128_speed_tp2/run3_specsys-sglang-nonsd_35.json
3	specsys-sglang-nonsd	36	36	1785226090143915794	1785226098504038505	8.360123	0	200	/home/user/vllm/logs/speed_test/specsys-sglang-nonsd_b128_speed_tp2/run3_specsys-sglang-nonsd_36.json
3	specsys-sglang-nonsd	37	37	1785226090144548507	1785226102066255938	11.921707	0	200	/home/user/vllm/logs/speed_test/specsys-sglang-nonsd_b128_speed_tp2/run3_specsys-sglang-nonsd_37.json
3	specsys-sglang-nonsd	38	38	1785226090144431587	1785226101978641825	11.834210	0	200	/home/user/vllm/logs/speed_test/specsys-sglang-nonsd_b128_speed_tp2/run3_specsys-sglang-nonsd_38.json
3	specsys-sglang-nonsd	39	39	1785226090144619185	1785226105702972458	15.558353	0	200	/home/user/vllm/logs/speed_test/specsys-sglang-nonsd_b128_speed_tp2/run3_specsys-sglang-nonsd_39.json
3	specsys-sglang-nonsd	40	40	1785226090144941017	1785226097262756703	7.117816	0	200	/home/user/vllm/logs/speed_test/specsys-sglang-nonsd_b128_speed_tp2/run3_specsys-sglang-nonsd_40.json
3	specsys-sglang-nonsd	41	41	1785226090145239539	1785226104501826186	14.356587	0	200	/home/user/vllm/logs/speed_test/specsys-sglang-nonsd_b128_speed_tp2/run3_specsys-sglang-nonsd_41.json
3	specsys-sglang-nonsd	42	42	1785226090145503884	1785226103058643871	12.913140	0	200	/home/user/vllm/logs/speed_test/specsys-sglang-nonsd_b128_speed_tp2/run3_specsys-sglang-nonsd_42.json
3	specsys-sglang-nonsd	43	43	1785226090145811224	1785226102104003501	11.958192	0	200	/home/user/vllm/logs/speed_test/specsys-sglang-nonsd_b128_speed_tp2/run3_specsys-sglang-nonsd_43.json
3	specsys-sglang-nonsd	44	44	1785226090146164363	1785226102605566055	12.459402	0	200	/home/user/vllm/logs/speed_test/specsys-sglang-nonsd_b128_speed_tp2/run3_specsys-sglang-nonsd_44.json
3	specsys-sglang-nonsd	45	45	1785226090146477671	1785226105514632365	15.368155	0	200	/home/user/vllm/logs/speed_test/specsys-sglang-nonsd_b128_speed_tp2/run3_specsys-sglang-nonsd_45.json
3	specsys-sglang-nonsd	46	46	1785226090147132363	1785226100225395442	10.078263	0	200	/home/user/vllm/logs/speed_test/specsys-sglang-nonsd_b128_speed_tp2/run3_specsys-sglang-nonsd_46.json
3	specsys-sglang-nonsd	47	47	1785226090147075758	1785226104993915606	14.846840	0	200	/home/user/vllm/logs/speed_test/specsys-sglang-nonsd_b128_speed_tp2/run3_specsys-sglang-nonsd_47.json
3	specsys-sglang-nonsd	48	48	1785226090147405402	1785226103762725364	13.615320	0	200	/home/user/vllm/logs/speed_test/specsys-sglang-nonsd_b128_speed_tp2/run3_specsys-sglang-nonsd_48.json
3	specsys-sglang-nonsd	49	49	1785226090147624639	1785226102482475610	12.334851	0	200	/home/user/vllm/logs/speed_test/specsys-sglang-nonsd_b128_speed_tp2/run3_specsys-sglang-nonsd_49.json
3	specsys-sglang-nonsd	50	50	1785226090147923825	1785226106297893567	16.149970	0	200	/home/user/vllm/logs/speed_test/specsys-sglang-nonsd_b128_speed_tp2/run3_specsys-sglang-nonsd_50.json
3	specsys-sglang-nonsd	51	51	1785226090148162083	1785226105282750357	15.134588	0	200	/home/user/vllm/logs/speed_test/specsys-sglang-nonsd_b128_speed_tp2/run3_specsys-sglang-nonsd_51.json
3	specsys-sglang-nonsd	52	52	1785226090148803410	1785226096357328895	6.208525	0	200	/home/user/vllm/logs/speed_test/specsys-sglang-nonsd_b128_speed_tp2/run3_specsys-sglang-nonsd_52.json
3	specsys-sglang-nonsd	53	53	1785226090148786180	1785226100058124170	9.909338	0	200	/home/user/vllm/logs/speed_test/specsys-sglang-nonsd_b128_speed_tp2/run3_specsys-sglang-nonsd_53.json
3	specsys-sglang-nonsd	54	54	1785226090149431317	1785226110347045081	20.197614	0	200	/home/user/vllm/logs/speed_test/specsys-sglang-nonsd_b128_speed_tp2/run3_specsys-sglang-nonsd_54.json
3	specsys-sglang-nonsd	55	55	1785226090149450273	1785226110348227092	20.198777	0	200	/home/user/vllm/logs/speed_test/specsys-sglang-nonsd_b128_speed_tp2/run3_specsys-sglang-nonsd_55.json
3	specsys-sglang-nonsd	56	56	1785226090149917791	1785226110348510160	20.198592	0	200	/home/user/vllm/logs/speed_test/specsys-sglang-nonsd_b128_speed_tp2/run3_specsys-sglang-nonsd_56.json
3	specsys-sglang-nonsd	57	57	1785226090150086385	1785226101524225497	11.374139	0	200	/home/user/vllm/logs/speed_test/specsys-sglang-nonsd_b128_speed_tp2/run3_specsys-sglang-nonsd_57.json
3	specsys-sglang-nonsd	58	58	1785226090150499950	1785226104170992275	14.020492	0	200	/home/user/vllm/logs/speed_test/specsys-sglang-nonsd_b128_speed_tp2/run3_specsys-sglang-nonsd_58.json
3	specsys-sglang-nonsd	59	59	1785226090150842274	1785226099547094024	9.396252	0	200	/home/user/vllm/logs/speed_test/specsys-sglang-nonsd_b128_speed_tp2/run3_specsys-sglang-nonsd_59.json
3	specsys-sglang-nonsd	60	60	1785226090151040927	1785226106925677858	16.774637	0	200	/home/user/vllm/logs/speed_test/specsys-sglang-nonsd_b128_speed_tp2/run3_specsys-sglang-nonsd_60.json
3	specsys-sglang-nonsd	61	61	1785226090151262234	1785226102358055775	12.206794	0	200	/home/user/vllm/logs/speed_test/specsys-sglang-nonsd_b128_speed_tp2/run3_specsys-sglang-nonsd_61.json
3	specsys-sglang-nonsd	62	62	1785226090151535848	1785226105606413438	15.454878	0	200	/home/user/vllm/logs/speed_test/specsys-sglang-nonsd_b128_speed_tp2/run3_specsys-sglang-nonsd_62.json
3	specsys-sglang-nonsd	63	63	1785226090151846933	1785226104541874021	14.390027	0	200	/home/user/vllm/logs/speed_test/specsys-sglang-nonsd_b128_speed_tp2/run3_specsys-sglang-nonsd_63.json
3	specsys-sglang-nonsd	64	64	1785226090152165212	1785226110348305514	20.196140	0	200	/home/user/vllm/logs/speed_test/specsys-sglang-nonsd_b128_speed_tp2/run3_specsys-sglang-nonsd_64.json
3	specsys-sglang-nonsd	65	65	1785226090152461091	1785226106614794159	16.462333	0	200	/home/user/vllm/logs/speed_test/specsys-sglang-nonsd_b128_speed_tp2/run3_specsys-sglang-nonsd_65.json
3	specsys-sglang-nonsd	66	66	1785226090152722747	1785226108752428334	18.599706	0	200	/home/user/vllm/logs/speed_test/specsys-sglang-nonsd_b128_speed_tp2/run3_specsys-sglang-nonsd_66.json
3	specsys-sglang-nonsd	67	67	1785226090153256277	1785226104588136871	14.434881	0	200	/home/user/vllm/logs/speed_test/specsys-sglang-nonsd_b128_speed_tp2/run3_specsys-sglang-nonsd_67.json
3	specsys-sglang-nonsd	68	68	1785226090153301120	1785226099590524015	9.437223	0	200	/home/user/vllm/logs/speed_test/specsys-sglang-nonsd_b128_speed_tp2/run3_specsys-sglang-nonsd_68.json
3	specsys-sglang-nonsd	69	69	1785226090153567274	1785226102396537208	12.242970	0	200	/home/user/vllm/logs/speed_test/specsys-sglang-nonsd_b128_speed_tp2/run3_specsys-sglang-nonsd_69.json
3	specsys-sglang-nonsd	70	70	1785226090154075540	1785226110348599178	20.194524	0	200	/home/user/vllm/logs/speed_test/specsys-sglang-nonsd_b128_speed_tp2/run3_specsys-sglang-nonsd_70.json
3	specsys-sglang-nonsd	71	71	1785226090154251237	1785226106902416737	16.748165	0	200	/home/user/vllm/logs/speed_test/specsys-sglang-nonsd_b128_speed_tp2/run3_specsys-sglang-nonsd_71.json
3	specsys-sglang-nonsd	72	72	1785226090154478434	1785226105514590442	15.360112	0	200	/home/user/vllm/logs/speed_test/specsys-sglang-nonsd_b128_speed_tp2/run3_specsys-sglang-nonsd_72.json
3	specsys-sglang-nonsd	73	73	1785226090154754600	1785226100941011460	10.786257	0	200	/home/user/vllm/logs/speed_test/specsys-sglang-nonsd_b128_speed_tp2/run3_specsys-sglang-nonsd_73.json
3	specsys-sglang-nonsd	74	74	1785226090155079959	1785226103801274938	13.646195	0	200	/home/user/vllm/logs/speed_test/specsys-sglang-nonsd_b128_speed_tp2/run3_specsys-sglang-nonsd_74.json
3	specsys-sglang-nonsd	75	75	1785226090155300846	1785226100815200703	10.659900	0	200	/home/user/vllm/logs/speed_test/specsys-sglang-nonsd_b128_speed_tp2/run3_specsys-sglang-nonsd_75.json
3	specsys-sglang-nonsd	76	76	1785226090155852887	1785226108602812635	18.446960	0	200	/home/user/vllm/logs/speed_test/specsys-sglang-nonsd_b128_speed_tp2/run3_specsys-sglang-nonsd_76.json
3	specsys-sglang-nonsd	77	77	1785226090156079189	1785226110349544395	20.193465	0	200	/home/user/vllm/logs/speed_test/specsys-sglang-nonsd_b128_speed_tp2/run3_specsys-sglang-nonsd_77.json
3	specsys-sglang-nonsd	78	78	1785226090156443511	1785226103353146881	13.196703	0	200	/home/user/vllm/logs/speed_test/specsys-sglang-nonsd_b128_speed_tp2/run3_specsys-sglang-nonsd_78.json
3	specsys-sglang-nonsd	79	79	1785226090156601045	1785226106361249358	16.204648	0	200	/home/user/vllm/logs/speed_test/specsys-sglang-nonsd_b128_speed_tp2/run3_specsys-sglang-nonsd_79.json
3	specsys-sglang-nonsd	80	80	1785226090156894551	1785226110349435665	20.192541	0	200	/home/user/vllm/logs/speed_test/specsys-sglang-nonsd_b128_speed_tp2/run3_specsys-sglang-nonsd_80.json
3	specsys-sglang-nonsd	81	81	1785226090157173711	1785226108813299320	18.656126	0	200	/home/user/vllm/logs/speed_test/specsys-sglang-nonsd_b128_speed_tp2/run3_specsys-sglang-nonsd_81.json
3	specsys-sglang-nonsd	82	82	1785226090157481696	1785226103969965973	13.812484	0	200	/home/user/vllm/logs/speed_test/specsys-sglang-nonsd_b128_speed_tp2/run3_specsys-sglang-nonsd_82.json
3	specsys-sglang-nonsd	83	83	1785226090157758208	1785226103285308590	13.127550	0	200	/home/user/vllm/logs/speed_test/specsys-sglang-nonsd_b128_speed_tp2/run3_specsys-sglang-nonsd_83.json
3	specsys-sglang-nonsd	84	84	1785226090158117364	1785226107947237860	17.789120	0	200	/home/user/vllm/logs/speed_test/specsys-sglang-nonsd_b128_speed_tp2/run3_specsys-sglang-nonsd_84.json
3	specsys-sglang-nonsd	85	85	1785226090158385487	1785226107300353251	17.141968	0	200	/home/user/vllm/logs/speed_test/specsys-sglang-nonsd_b128_speed_tp2/run3_specsys-sglang-nonsd_85.json
3	specsys-sglang-nonsd	86	86	1785226090158684956	1785226102976947839	12.818263	0	200	/home/user/vllm/logs/speed_test/specsys-sglang-nonsd_b128_speed_tp2/run3_specsys-sglang-nonsd_86.json
3	specsys-sglang-nonsd	87	87	1785226090159178233	1785226107424080002	17.264902	0	200	/home/user/vllm/logs/speed_test/specsys-sglang-nonsd_b128_speed_tp2/run3_specsys-sglang-nonsd_87.json
3	specsys-sglang-nonsd	88	88	1785226090159463080	1785226110347233054	20.187770	0	200	/home/user/vllm/logs/speed_test/specsys-sglang-nonsd_b128_speed_tp2/run3_specsys-sglang-nonsd_88.json
3	specsys-sglang-nonsd	89	89	1785226090159642154	1785226110348260322	20.188618	0	200	/home/user/vllm/logs/speed_test/specsys-sglang-nonsd_b128_speed_tp2/run3_specsys-sglang-nonsd_89.json
3	specsys-sglang-nonsd	90	90	1785226090160046933	1785226110348314831	20.188268	0	200	/home/user/vllm/logs/speed_test/specsys-sglang-nonsd_b128_speed_tp2/run3_specsys-sglang-nonsd_90.json
3	specsys-sglang-nonsd	91	91	1785226090160294294	1785226101811770602	11.651476	0	200	/home/user/vllm/logs/speed_test/specsys-sglang-nonsd_b128_speed_tp2/run3_specsys-sglang-nonsd_91.json
3	specsys-sglang-nonsd	92	92	1785226090160498203	1785226101396314670	11.235816	0	200	/home/user/vllm/logs/speed_test/specsys-sglang-nonsd_b128_speed_tp2/run3_specsys-sglang-nonsd_92.json
3	specsys-sglang-nonsd	93	93	1785226090161144548	1785226105574956869	15.413812	0	200	/home/user/vllm/logs/speed_test/specsys-sglang-nonsd_b128_speed_tp2/run3_specsys-sglang-nonsd_93.json
3	specsys-sglang-nonsd	94	94	1785226090161252762	1785226101150275204	10.989022	0	200	/home/user/vllm/logs/speed_test/specsys-sglang-nonsd_b128_speed_tp2/run3_specsys-sglang-nonsd_94.json
3	specsys-sglang-nonsd	95	95	1785226090161504365	1785226099134304164	8.972800	0	200	/home/user/vllm/logs/speed_test/specsys-sglang-nonsd_b128_speed_tp2/run3_specsys-sglang-nonsd_95.json
3	specsys-sglang-nonsd	96	96	1785226090161949475	1785226099681487990	9.519539	0	200	/home/user/vllm/logs/speed_test/specsys-sglang-nonsd_b128_speed_tp2/run3_specsys-sglang-nonsd_96.json
3	specsys-sglang-nonsd	97	97	1785226090162245804	1785226106926485756	16.764240	0	200	/home/user/vllm/logs/speed_test/specsys-sglang-nonsd_b128_speed_tp2/run3_specsys-sglang-nonsd_97.json
3	specsys-sglang-nonsd	98	98	1785226090162431788	1785226101482440090	11.320008	0	200	/home/user/vllm/logs/speed_test/specsys-sglang-nonsd_b128_speed_tp2/run3_specsys-sglang-nonsd_98.json
3	specsys-sglang-nonsd	99	99	1785226090162750836	1785226101562748090	11.399997	0	200	/home/user/vllm/logs/speed_test/specsys-sglang-nonsd_b128_speed_tp2/run3_specsys-sglang-nonsd_99.json
3	specsys-sglang-nonsd	100	100	1785226090163002641	1785226098385889142	8.222887	0	200	/home/user/vllm/logs/speed_test/specsys-sglang-nonsd_b128_speed_tp2/run3_specsys-sglang-nonsd_100.json
3	specsys-sglang-nonsd	101	101	1785226090163346738	1785226110347234048	20.183887	0	200	/home/user/vllm/logs/speed_test/specsys-sglang-nonsd_b128_speed_tp2/run3_specsys-sglang-nonsd_101.json
3	specsys-sglang-nonsd	102	102	1785226090163660208	1785226110349006997	20.185347	0	200	/home/user/vllm/logs/speed_test/specsys-sglang-nonsd_b128_speed_tp2/run3_specsys-sglang-nonsd_102.json
3	specsys-sglang-nonsd	103	103	1785226090163928749	1785226099847103207	9.683174	0	200	/home/user/vllm/logs/speed_test/specsys-sglang-nonsd_b128_speed_tp2/run3_specsys-sglang-nonsd_103.json
3	specsys-sglang-nonsd	104	104	1785226090164206965	1785226111958303619	21.794097	0	200	/home/user/vllm/logs/speed_test/specsys-sglang-nonsd_b128_speed_tp2/run3_specsys-sglang-nonsd_104.json
3	specsys-sglang-nonsd	105	105	1785226090164673132	1785226110458980198	20.294307	0	200	/home/user/vllm/logs/speed_test/specsys-sglang-nonsd_b128_speed_tp2/run3_specsys-sglang-nonsd_105.json
3	specsys-sglang-nonsd	106	106	1785226090164835654	1785226104666232744	14.501397	0	200	/home/user/vllm/logs/speed_test/specsys-sglang-nonsd_b128_speed_tp2/run3_specsys-sglang-nonsd_106.json
3	specsys-sglang-nonsd	107	107	1785226090165239606	1785226112042522207	21.877283	0	200	/home/user/vllm/logs/speed_test/specsys-sglang-nonsd_b128_speed_tp2/run3_specsys-sglang-nonsd_107.json
3	specsys-sglang-nonsd	108	108	1785226090165428240	1785226112758946987	22.593519	0	200	/home/user/vllm/logs/speed_test/specsys-sglang-nonsd_b128_speed_tp2/run3_specsys-sglang-nonsd_108.json
3	specsys-sglang-nonsd	109	109	1785226090165746231	1785226106675038710	16.509292	0	200	/home/user/vllm/logs/speed_test/specsys-sglang-nonsd_b128_speed_tp2/run3_specsys-sglang-nonsd_109.json
3	specsys-sglang-nonsd	110	110	1785226090165981877	1785226112130096479	21.964115	0	200	/home/user/vllm/logs/speed_test/specsys-sglang-nonsd_b128_speed_tp2/run3_specsys-sglang-nonsd_110.json
3	specsys-sglang-nonsd	111	111	1785226090166256351	1785226109769516875	19.603261	0	200	/home/user/vllm/logs/speed_test/specsys-sglang-nonsd_b128_speed_tp2/run3_specsys-sglang-nonsd_111.json
3	specsys-sglang-nonsd	112	112	1785226090166558622	1785226103224939402	13.058381	0	200	/home/user/vllm/logs/speed_test/specsys-sglang-nonsd_b128_speed_tp2/run3_specsys-sglang-nonsd_112.json
3	specsys-sglang-nonsd	113	113	1785226090167090553	1785226107112358656	16.945268	0	200	/home/user/vllm/logs/speed_test/specsys-sglang-nonsd_b128_speed_tp2/run3_specsys-sglang-nonsd_113.json
3	specsys-sglang-nonsd	114	114	1785226090167224093	1785226112760659914	22.593436	0	200	/home/user/vllm/logs/speed_test/specsys-sglang-nonsd_b128_speed_tp2/run3_specsys-sglang-nonsd_114.json
3	specsys-sglang-nonsd	115	115	1785226090167447909	1785226112433795349	22.266347	0	200	/home/user/vllm/logs/speed_test/specsys-sglang-nonsd_b128_speed_tp2/run3_specsys-sglang-nonsd_115.json
3	specsys-sglang-nonsd	116	116	1785226090167773976	1785226113219864902	23.052091	0	200	/home/user/vllm/logs/speed_test/specsys-sglang-nonsd_b128_speed_tp2/run3_specsys-sglang-nonsd_116.json
3	specsys-sglang-nonsd	117	117	1785226090168457822	1785226110631132336	20.462675	0	200	/home/user/vllm/logs/speed_test/specsys-sglang-nonsd_b128_speed_tp2/run3_specsys-sglang-nonsd_117.json
3	specsys-sglang-nonsd	118	118	1785226090168460359	1785226112260788197	22.092328	0	200	/home/user/vllm/logs/speed_test/specsys-sglang-nonsd_b128_speed_tp2/run3_specsys-sglang-nonsd_118.json
3	specsys-sglang-nonsd	119	119	1785226090168856012	1785226110250580690	20.081725	0	200	/home/user/vllm/logs/speed_test/specsys-sglang-nonsd_b128_speed_tp2/run3_specsys-sglang-nonsd_119.json
3	specsys-sglang-nonsd	120	120	1785226090169049924	1785226110589421223	20.420371	0	200	/home/user/vllm/logs/speed_test/specsys-sglang-nonsd_b128_speed_tp2/run3_specsys-sglang-nonsd_120.json
3	specsys-sglang-nonsd	121	121	1785226090169323916	1785226113880270001	23.710946	0	200	/home/user/vllm/logs/speed_test/specsys-sglang-nonsd_b128_speed_tp2/run3_specsys-sglang-nonsd_121.json
3	specsys-sglang-nonsd	122	122	1785226090169622670	1785226108566332024	18.396709	0	200	/home/user/vllm/logs/speed_test/specsys-sglang-nonsd_b128_speed_tp2/run3_specsys-sglang-nonsd_122.json
3	specsys-sglang-nonsd	123	123	1785226090170004503	1785226110137628465	19.967624	0	200	/home/user/vllm/logs/speed_test/specsys-sglang-nonsd_b128_speed_tp2/run3_specsys-sglang-nonsd_123.json
3	specsys-sglang-nonsd	124	124	1785226090170248059	1785226111851432764	21.681185	0	200	/home/user/vllm/logs/speed_test/specsys-sglang-nonsd_b128_speed_tp2/run3_specsys-sglang-nonsd_124.json
3	specsys-sglang-nonsd	125	125	1785226090170743472	1785226110501290249	20.330547	0	200	/home/user/vllm/logs/speed_test/specsys-sglang-nonsd_b128_speed_tp2/run3_specsys-sglang-nonsd_125.json
3	specsys-sglang-nonsd	126	126	1785226090171026043	1785226113703228091	23.532202	0	200	/home/user/vllm/logs/speed_test/specsys-sglang-nonsd_b128_speed_tp2/run3_specsys-sglang-nonsd_126.json
3	specsys-sglang-nonsd	127	127	1785226090171281320	1785226114499899686	24.328618	0	200	/home/user/vllm/logs/speed_test/specsys-sglang-nonsd_b128_speed_tp2/run3_specsys-sglang-nonsd_127.json
4	specsys-sglang-nonsd	0	0	1785226170737826105	1785226184021577560	13.283751	0	200	/home/user/vllm/logs/speed_test/specsys-sglang-nonsd_b128_speed_tp2/run4_specsys-sglang-nonsd_0.json
4	specsys-sglang-nonsd	1	1	1785226170738597362	1785226188108556280	17.369959	0	200	/home/user/vllm/logs/speed_test/specsys-sglang-nonsd_b128_speed_tp2/run4_specsys-sglang-nonsd_1.json
4	specsys-sglang-nonsd	2	2	1785226170740560223	1785226185705324351	14.964764	0	200	/home/user/vllm/logs/speed_test/specsys-sglang-nonsd_b128_speed_tp2/run4_specsys-sglang-nonsd_2.json
4	specsys-sglang-nonsd	3	3	1785226170740038733	1785226182609213660	11.869175	0	200	/home/user/vllm/logs/speed_test/specsys-sglang-nonsd_b128_speed_tp2/run4_specsys-sglang-nonsd_3.json
4	specsys-sglang-nonsd	4	4	1785226170740736223	1785226177766429363	7.025693	0	200	/home/user/vllm/logs/speed_test/specsys-sglang-nonsd_b128_speed_tp2/run4_specsys-sglang-nonsd_4.json
4	specsys-sglang-nonsd	5	5	1785226170742697326	1785226183065909077	12.323212	0	200	/home/user/vllm/logs/speed_test/specsys-sglang-nonsd_b128_speed_tp2/run4_specsys-sglang-nonsd_5.json
4	specsys-sglang-nonsd	6	6	1785226170742178798	1785226181190375144	10.448196	0	200	/home/user/vllm/logs/speed_test/specsys-sglang-nonsd_b128_speed_tp2/run4_specsys-sglang-nonsd_6.json
4	specsys-sglang-nonsd	7	7	1785226170742867071	1785226191010258101	20.267391	0	200	/home/user/vllm/logs/speed_test/specsys-sglang-nonsd_b128_speed_tp2/run4_specsys-sglang-nonsd_7.json
4	specsys-sglang-nonsd	8	8	1785226170743560928	1785226182816823738	12.073263	0	200	/home/user/vllm/logs/speed_test/specsys-sglang-nonsd_b128_speed_tp2/run4_specsys-sglang-nonsd_8.json
4	specsys-sglang-nonsd	9	9	1785226170744828683	1785226186354036493	15.609208	0	200	/home/user/vllm/logs/speed_test/specsys-sglang-nonsd_b128_speed_tp2/run4_specsys-sglang-nonsd_9.json
4	specsys-sglang-nonsd	10	10	1785226170745047421	1785226182568037471	11.822990	0	200	/home/user/vllm/logs/speed_test/specsys-sglang-nonsd_b128_speed_tp2/run4_specsys-sglang-nonsd_10.json
4	specsys-sglang-nonsd	11	11	1785226170745720647	1785226184309511268	13.563791	0	200	/home/user/vllm/logs/speed_test/specsys-sglang-nonsd_b128_speed_tp2/run4_specsys-sglang-nonsd_11.json
4	specsys-sglang-nonsd	12	12	1785226170746625179	1785226189294447936	18.547823	0	200	/home/user/vllm/logs/speed_test/specsys-sglang-nonsd_b128_speed_tp2/run4_specsys-sglang-nonsd_12.json
4	specsys-sglang-nonsd	13	13	1785226170747150305	1785226181400381219	10.653231	0	200	/home/user/vllm/logs/speed_test/specsys-sglang-nonsd_b128_speed_tp2/run4_specsys-sglang-nonsd_13.json
4	specsys-sglang-nonsd	14	14	1785226170747857910	1785226188199392148	17.451534	0	200	/home/user/vllm/logs/speed_test/specsys-sglang-nonsd_b128_speed_tp2/run4_specsys-sglang-nonsd_14.json
4	specsys-sglang-nonsd	15	15	1785226170748589714	1785226182114713073	11.366123	0	200	/home/user/vllm/logs/speed_test/specsys-sglang-nonsd_b128_speed_tp2/run4_specsys-sglang-nonsd_15.json
4	specsys-sglang-nonsd	16	16	1785226170749284911	1785226184554688339	13.805403	0	200	/home/user/vllm/logs/speed_test/specsys-sglang-nonsd_b128_speed_tp2/run4_specsys-sglang-nonsd_16.json
4	specsys-sglang-nonsd	17	17	1785226170749983440	1785226180856914220	10.106931	0	200	/home/user/vllm/logs/speed_test/specsys-sglang-nonsd_b128_speed_tp2/run4_specsys-sglang-nonsd_17.json
4	specsys-sglang-nonsd	18	18	1785226170750669374	1785226191010544163	20.259875	0	200	/home/user/vllm/logs/speed_test/specsys-sglang-nonsd_b128_speed_tp2/run4_specsys-sglang-nonsd_18.json
4	specsys-sglang-nonsd	19	19	1785226170751426321	1785226184760433708	14.009007	0	200	/home/user/vllm/logs/speed_test/specsys-sglang-nonsd_b128_speed_tp2/run4_specsys-sglang-nonsd_19.json
4	specsys-sglang-nonsd	20	20	1785226170752131330	1785226186323448791	15.571317	0	200	/home/user/vllm/logs/speed_test/specsys-sglang-nonsd_b128_speed_tp2/run4_specsys-sglang-nonsd_20.json
4	specsys-sglang-nonsd	21	21	1785226170752817143	1785226184059151879	13.306335	0	200	/home/user/vllm/logs/speed_test/specsys-sglang-nonsd_b128_speed_tp2/run4_specsys-sglang-nonsd_21.json
4	specsys-sglang-nonsd	22	22	1785226170753524893	1785226191010452292	20.256927	0	200	/home/user/vllm/logs/speed_test/specsys-sglang-nonsd_b128_speed_tp2/run4_specsys-sglang-nonsd_22.json
4	specsys-sglang-nonsd	23	23	1785226170754128631	1785226186229818717	15.475690	0	200	/home/user/vllm/logs/speed_test/specsys-sglang-nonsd_b128_speed_tp2/run4_specsys-sglang-nonsd_23.json
4	specsys-sglang-nonsd	24	24	1785226170754840761	1785226187583774869	16.828934	0	200	/home/user/vllm/logs/speed_test/specsys-sglang-nonsd_b128_speed_tp2/run4_specsys-sglang-nonsd_24.json
4	specsys-sglang-nonsd	25	25	1785226170755513957	1785226187734759725	16.979246	0	200	/home/user/vllm/logs/speed_test/specsys-sglang-nonsd_b128_speed_tp2/run4_specsys-sglang-nonsd_25.json
4	specsys-sglang-nonsd	26	26	1785226170756258761	1785226191009611482	20.253353	0	200	/home/user/vllm/logs/speed_test/specsys-sglang-nonsd_b128_speed_tp2/run4_specsys-sglang-nonsd_26.json
4	specsys-sglang-nonsd	27	27	1785226170756941000	1785226179931016397	9.174075	0	200	/home/user/vllm/logs/speed_test/specsys-sglang-nonsd_b128_speed_tp2/run4_specsys-sglang-nonsd_27.json
4	specsys-sglang-nonsd	28	28	1785226170757704304	1785226180355332141	9.597628	0	200	/home/user/vllm/logs/speed_test/specsys-sglang-nonsd_b128_speed_tp2/run4_specsys-sglang-nonsd_28.json
4	specsys-sglang-nonsd	29	29	1785226170758375458	1785226183854612027	13.096237	0	200	/home/user/vllm/logs/speed_test/specsys-sglang-nonsd_b128_speed_tp2/run4_specsys-sglang-nonsd_29.json
4	specsys-sglang-nonsd	30	30	1785226170758957694	1785226187704659889	16.945702	0	200	/home/user/vllm/logs/speed_test/specsys-sglang-nonsd_b128_speed_tp2/run4_specsys-sglang-nonsd_30.json
4	specsys-sglang-nonsd	31	31	1785226170759704753	1785226183605738562	12.846034	0	200	/home/user/vllm/logs/speed_test/specsys-sglang-nonsd_b128_speed_tp2/run4_specsys-sglang-nonsd_31.json
4	specsys-sglang-nonsd	32	32	1785226170760427662	1785226183981583150	13.221155	0	200	/home/user/vllm/logs/speed_test/specsys-sglang-nonsd_b128_speed_tp2/run4_specsys-sglang-nonsd_32.json
4	specsys-sglang-nonsd	33	33	1785226170761117864	1785226181694689305	10.933571	0	200	/home/user/vllm/logs/speed_test/specsys-sglang-nonsd_b128_speed_tp2/run4_specsys-sglang-nonsd_33.json
4	specsys-sglang-nonsd	34	34	1785226170761801757	1785226183024633356	12.262832	0	200	/home/user/vllm/logs/speed_test/specsys-sglang-nonsd_b128_speed_tp2/run4_specsys-sglang-nonsd_34.json
4	specsys-sglang-nonsd	35	35	1785226170762870424	1785226182362129880	11.599259	0	200	/home/user/vllm/logs/speed_test/specsys-sglang-nonsd_b128_speed_tp2/run4_specsys-sglang-nonsd_35.json
4	specsys-sglang-nonsd	36	36	1785226170763208785	1785226178305057133	7.541848	0	200	/home/user/vllm/logs/speed_test/specsys-sglang-nonsd_b128_speed_tp2/run4_specsys-sglang-nonsd_36.json
4	specsys-sglang-nonsd	37	37	1785226170763847860	1785226182533619723	11.769772	0	200	/home/user/vllm/logs/speed_test/specsys-sglang-nonsd_b128_speed_tp2/run4_specsys-sglang-nonsd_37.json
4	specsys-sglang-nonsd	38	38	1785226170764595318	1785226182530769342	11.766174	0	200	/home/user/vllm/logs/speed_test/specsys-sglang-nonsd_b128_speed_tp2/run4_specsys-sglang-nonsd_38.json
4	specsys-sglang-nonsd	39	39	1785226170765274130	1785226186258882621	15.493608	0	200	/home/user/vllm/logs/speed_test/specsys-sglang-nonsd_b128_speed_tp2/run4_specsys-sglang-nonsd_39.json
4	specsys-sglang-nonsd	40	40	1785226170765929300	1785226177590607211	6.824678	0	200	/home/user/vllm/logs/speed_test/specsys-sglang-nonsd_b128_speed_tp2/run4_specsys-sglang-nonsd_40.json
4	specsys-sglang-nonsd	41	41	1785226170766628974	1785226185010370103	14.243741	0	200	/home/user/vllm/logs/speed_test/specsys-sglang-nonsd_b128_speed_tp2/run4_specsys-sglang-nonsd_41.json
4	specsys-sglang-nonsd	42	42	1785226170767299135	1785226183897972296	13.130673	0	200	/home/user/vllm/logs/speed_test/specsys-sglang-nonsd_b128_speed_tp2/run4_specsys-sglang-nonsd_42.json
4	specsys-sglang-nonsd	43	43	1785226170768009090	1785226182649811200	11.881802	0	200	/home/user/vllm/logs/speed_test/specsys-sglang-nonsd_b128_speed_tp2/run4_specsys-sglang-nonsd_43.json
4	specsys-sglang-nonsd	44	44	1785226170768655041	1785226183149753533	12.381098	0	200	/home/user/vllm/logs/speed_test/specsys-sglang-nonsd_b128_speed_tp2/run4_specsys-sglang-nonsd_44.json
4	specsys-sglang-nonsd	45	45	1785226170769369463	1785226185092986526	14.323617	0	200	/home/user/vllm/logs/speed_test/specsys-sglang-nonsd_b128_speed_tp2/run4_specsys-sglang-nonsd_45.json
4	specsys-sglang-nonsd	46	46	1785226170770061736	1785226180985245540	10.215184	0	200	/home/user/vllm/logs/speed_test/specsys-sglang-nonsd_b128_speed_tp2/run4_specsys-sglang-nonsd_46.json
4	specsys-sglang-nonsd	47	47	1785226170770634118	1785226185502499778	14.731866	0	200	/home/user/vllm/logs/speed_test/specsys-sglang-nonsd_b128_speed_tp2/run4_specsys-sglang-nonsd_47.json
4	specsys-sglang-nonsd	48	48	1785226170771331800	1785226185748313413	14.976982	0	200	/home/user/vllm/logs/speed_test/specsys-sglang-nonsd_b128_speed_tp2/run4_specsys-sglang-nonsd_48.json
4	specsys-sglang-nonsd	49	49	1785226170771989857	1785226183109536337	12.337546	0	200	/home/user/vllm/logs/speed_test/specsys-sglang-nonsd_b128_speed_tp2/run4_specsys-sglang-nonsd_49.json
4	specsys-sglang-nonsd	50	50	1785226170772889064	1785226186860625783	16.087737	0	200	/home/user/vllm/logs/speed_test/specsys-sglang-nonsd_b128_speed_tp2/run4_specsys-sglang-nonsd_50.json
4	specsys-sglang-nonsd	51	51	1785226170773290898	1785226190404634186	19.631343	0	200	/home/user/vllm/logs/speed_test/specsys-sglang-nonsd_b128_speed_tp2/run4_specsys-sglang-nonsd_51.json
4	specsys-sglang-nonsd	52	52	1785226170773918639	1785226179178588100	8.404669	0	200	/home/user/vllm/logs/speed_test/specsys-sglang-nonsd_b128_speed_tp2/run4_specsys-sglang-nonsd_52.json
4	specsys-sglang-nonsd	53	53	1785226170774538040	1785226180356255750	9.581718	0	200	/home/user/vllm/logs/speed_test/specsys-sglang-nonsd_b128_speed_tp2/run4_specsys-sglang-nonsd_53.json
4	specsys-sglang-nonsd	54	54	1785226170775072921	1785226191009508817	20.234436	0	200	/home/user/vllm/logs/speed_test/specsys-sglang-nonsd_b128_speed_tp2/run4_specsys-sglang-nonsd_54.json
4	specsys-sglang-nonsd	55	55	1785226170775755566	1785226191009708510	20.233953	0	200	/home/user/vllm/logs/speed_test/specsys-sglang-nonsd_b128_speed_tp2/run4_specsys-sglang-nonsd_55.json
4	specsys-sglang-nonsd	56	56	1785226170776339180	1785226191010414810	20.234076	0	200	/home/user/vllm/logs/speed_test/specsys-sglang-nonsd_b128_speed_tp2/run4_specsys-sglang-nonsd_56.json
4	specsys-sglang-nonsd	57	57	1785226170776889203	1785226184021377227	13.244488	0	200	/home/user/vllm/logs/speed_test/specsys-sglang-nonsd_b128_speed_tp2/run4_specsys-sglang-nonsd_57.json
4	specsys-sglang-nonsd	58	58	1785226170777479381	1785226184639009316	13.861530	0	200	/home/user/vllm/logs/speed_test/specsys-sglang-nonsd_b128_speed_tp2/run4_specsys-sglang-nonsd_58.json
4	specsys-sglang-nonsd	59	59	1785226170778120854	1785226180098141075	9.320020	0	200	/home/user/vllm/logs/speed_test/specsys-sglang-nonsd_b128_speed_tp2/run4_specsys-sglang-nonsd_59.json
4	specsys-sglang-nonsd	60	60	1785226170778646073	1785226187554181539	16.775535	0	200	/home/user/vllm/logs/speed_test/specsys-sglang-nonsd_b128_speed_tp2/run4_specsys-sglang-nonsd_60.json
4	specsys-sglang-nonsd	61	61	1785226170779171576	1785226184678431568	13.899260	0	200	/home/user/vllm/logs/speed_test/specsys-sglang-nonsd_b128_speed_tp2/run4_specsys-sglang-nonsd_61.json
4	specsys-sglang-nonsd	62	62	1785226170779844358	1785226187554785263	16.774941	0	200	/home/user/vllm/logs/speed_test/specsys-sglang-nonsd_b128_speed_tp2/run4_specsys-sglang-nonsd_62.json
4	specsys-sglang-nonsd	63	63	1785226170780355395	1785226185911196970	15.130842	0	200	/home/user/vllm/logs/speed_test/specsys-sglang-nonsd_b128_speed_tp2/run4_specsys-sglang-nonsd_63.json
4	specsys-sglang-nonsd	64	64	1785226170780902018	1785226191010422607	20.229521	0	200	/home/user/vllm/logs/speed_test/specsys-sglang-nonsd_b128_speed_tp2/run4_specsys-sglang-nonsd_64.json
4	specsys-sglang-nonsd	65	65	1785226170781407975	1785226187234866415	16.453458	0	200	/home/user/vllm/logs/speed_test/specsys-sglang-nonsd_b128_speed_tp2/run4_specsys-sglang-nonsd_65.json
4	specsys-sglang-nonsd	66	66	1785226170781956156	1785226191009502817	20.227547	0	200	/home/user/vllm/logs/speed_test/specsys-sglang-nonsd_b128_speed_tp2/run4_specsys-sglang-nonsd_66.json
4	specsys-sglang-nonsd	67	67	1785226170782497141	1785226183526212594	12.743715	0	200	/home/user/vllm/logs/speed_test/specsys-sglang-nonsd_b128_speed_tp2/run4_specsys-sglang-nonsd_67.json
4	specsys-sglang-nonsd	68	68	1785226170782966654	1785226180146218185	9.363252	0	200	/home/user/vllm/logs/speed_test/specsys-sglang-nonsd_b128_speed_tp2/run4_specsys-sglang-nonsd_68.json
4	specsys-sglang-nonsd	69	69	1785226170783529523	1785226183026640080	12.243111	0	200	/home/user/vllm/logs/speed_test/specsys-sglang-nonsd_b128_speed_tp2/run4_specsys-sglang-nonsd_69.json
4	specsys-sglang-nonsd	70	70	1785226170784017296	1785226191007899825	20.223883	0	200	/home/user/vllm/logs/speed_test/specsys-sglang-nonsd_b128_speed_tp2/run4_specsys-sglang-nonsd_70.json
4	specsys-sglang-nonsd	71	71	1785226170784546420	1785226187392722356	16.608176	0	200	/home/user/vllm/logs/speed_test/specsys-sglang-nonsd_b128_speed_tp2/run4_specsys-sglang-nonsd_71.json
4	specsys-sglang-nonsd	72	72	1785226170784977493	1785226186114626363	15.329649	0	200	/home/user/vllm/logs/speed_test/specsys-sglang-nonsd_b128_speed_tp2/run4_specsys-sglang-nonsd_72.json
4	specsys-sglang-nonsd	73	73	1785226170785510891	1785226181486603578	10.701093	0	200	/home/user/vllm/logs/speed_test/specsys-sglang-nonsd_b128_speed_tp2/run4_specsys-sglang-nonsd_73.json
4	specsys-sglang-nonsd	74	74	1785226170786052094	1785226184349896095	13.563844	0	200	/home/user/vllm/logs/speed_test/specsys-sglang-nonsd_b128_speed_tp2/run4_specsys-sglang-nonsd_74.json
4	specsys-sglang-nonsd	75	75	1785226170786598208	1785226181357918183	10.571320	0	200	/home/user/vllm/logs/speed_test/specsys-sglang-nonsd_b128_speed_tp2/run4_specsys-sglang-nonsd_75.json
4	specsys-sglang-nonsd	76	76	1785226170787099831	1785226187674267787	16.887168	0	200	/home/user/vllm/logs/speed_test/specsys-sglang-nonsd_b128_speed_tp2/run4_specsys-sglang-nonsd_76.json
4	specsys-sglang-nonsd	77	77	1785226170787626351	1785226191009150479	20.221524	0	200	/home/user/vllm/logs/speed_test/specsys-sglang-nonsd_b128_speed_tp2/run4_specsys-sglang-nonsd_77.json
4	specsys-sglang-nonsd	78	78	1785226170788078284	1785226183896504498	13.108426	0	200	/home/user/vllm/logs/speed_test/specsys-sglang-nonsd_b128_speed_tp2/run4_specsys-sglang-nonsd_78.json
4	specsys-sglang-nonsd	79	79	1785226170788521599	1785226187078141108	16.289620	0	200	/home/user/vllm/logs/speed_test/specsys-sglang-nonsd_b128_speed_tp2/run4_specsys-sglang-nonsd_79.json
4	specsys-sglang-nonsd	80	80	1785226170788996949	1785226191011095213	20.222098	0	200	/home/user/vllm/logs/speed_test/specsys-sglang-nonsd_b128_speed_tp2/run4_specsys-sglang-nonsd_80.json
4	specsys-sglang-nonsd	81	81	1785226170789479150	1785226189407675888	18.618197	0	200	/home/user/vllm/logs/speed_test/specsys-sglang-nonsd_b128_speed_tp2/run4_specsys-sglang-nonsd_81.json
4	specsys-sglang-nonsd	82	82	1785226170789894759	1785226184518558999	13.728664	0	200	/home/user/vllm/logs/speed_test/specsys-sglang-nonsd_b128_speed_tp2/run4_specsys-sglang-nonsd_82.json
4	specsys-sglang-nonsd	83	83	1785226170790420474	1785226183824245489	13.033825	0	200	/home/user/vllm/logs/speed_test/specsys-sglang-nonsd_b128_speed_tp2/run4_specsys-sglang-nonsd_83.json
4	specsys-sglang-nonsd	84	84	1785226170790867122	1785226188575048442	17.784181	0	200	/home/user/vllm/logs/speed_test/specsys-sglang-nonsd_b128_speed_tp2/run4_specsys-sglang-nonsd_84.json
4	specsys-sglang-nonsd	85	85	1785226170791368298	1785226187266640861	16.475273	0	200	/home/user/vllm/logs/speed_test/specsys-sglang-nonsd_b128_speed_tp2/run4_specsys-sglang-nonsd_85.json
4	specsys-sglang-nonsd	86	86	1785226170792273034	1785226183526475940	12.734203	0	200	/home/user/vllm/logs/speed_test/specsys-sglang-nonsd_b128_speed_tp2/run4_specsys-sglang-nonsd_86.json
4	specsys-sglang-nonsd	87	87	1785226170792383483	1785226185622779459	14.830396	0	200	/home/user/vllm/logs/speed_test/specsys-sglang-nonsd_b128_speed_tp2/run4_specsys-sglang-nonsd_87.json
4	specsys-sglang-nonsd	88	88	1785226170792790062	1785226191009162532	20.216372	0	200	/home/user/vllm/logs/speed_test/specsys-sglang-nonsd_b128_speed_tp2/run4_specsys-sglang-nonsd_88.json
4	specsys-sglang-nonsd	89	89	1785226170793234932	1785226191008858039	20.215623	0	200	/home/user/vllm/logs/speed_test/specsys-sglang-nonsd_b128_speed_tp2/run4_specsys-sglang-nonsd_89.json
4	specsys-sglang-nonsd	90	90	1785226170793657445	1785226191010816390	20.217159	0	200	/home/user/vllm/logs/speed_test/specsys-sglang-nonsd_b128_speed_tp2/run4_specsys-sglang-nonsd_90.json
4	specsys-sglang-nonsd	91	91	1785226170794120905	1785226182360938978	11.566818	0	200	/home/user/vllm/logs/speed_test/specsys-sglang-nonsd_b128_speed_tp2/run4_specsys-sglang-nonsd_91.json
4	specsys-sglang-nonsd	92	92	1785226170794555061	1785226181695055871	10.900501	0	200	/home/user/vllm/logs/speed_test/specsys-sglang-nonsd_b128_speed_tp2/run4_specsys-sglang-nonsd_92.json
4	specsys-sglang-nonsd	93	93	1785226170794947027	1785226186154748765	15.359802	0	200	/home/user/vllm/logs/speed_test/specsys-sglang-nonsd_b128_speed_tp2/run4_specsys-sglang-nonsd_93.json
4	specsys-sglang-nonsd	94	94	1785226170795423999	1785226181695179543	10.899756	0	200	/home/user/vllm/logs/speed_test/specsys-sglang-nonsd_b128_speed_tp2/run4_specsys-sglang-nonsd_94.json
4	specsys-sglang-nonsd	95	95	1785226170795870640	1785226179638713939	8.842843	0	200	/home/user/vllm/logs/speed_test/specsys-sglang-nonsd_b128_speed_tp2/run4_specsys-sglang-nonsd_95.json
4	specsys-sglang-nonsd	96	96	1785226170796268824	1785226180224362896	9.428094	0	200	/home/user/vllm/logs/speed_test/specsys-sglang-nonsd_b128_speed_tp2/run4_specsys-sglang-nonsd_96.json
4	specsys-sglang-nonsd	97	97	1785226170796707819	1785226186826909191	16.030201	0	200	/home/user/vllm/logs/speed_test/specsys-sglang-nonsd_b128_speed_tp2/run4_specsys-sglang-nonsd_97.json
4	specsys-sglang-nonsd	98	98	1785226170797062925	1785226181614484795	10.817422	0	200	/home/user/vllm/logs/speed_test/specsys-sglang-nonsd_b128_speed_tp2/run4_specsys-sglang-nonsd_98.json
4	specsys-sglang-nonsd	99	99	1785226170797639205	1785226182115885322	11.318246	0	200	/home/user/vllm/logs/speed_test/specsys-sglang-nonsd_b128_speed_tp2/run4_specsys-sglang-nonsd_99.json
4	specsys-sglang-nonsd	100	100	1785226170798014137	1785226185912245301	15.114231	0	200	/home/user/vllm/logs/speed_test/specsys-sglang-nonsd_b128_speed_tp2/run4_specsys-sglang-nonsd_100.json
4	specsys-sglang-nonsd	101	101	1785226170798517194	1785226194731016439	23.932499	0	200	/home/user/vllm/logs/speed_test/specsys-sglang-nonsd_b128_speed_tp2/run4_specsys-sglang-nonsd_101.json
4	specsys-sglang-nonsd	102	102	1785226170798883823	1785226194731907282	23.933023	0	200	/home/user/vllm/logs/speed_test/specsys-sglang-nonsd_b128_speed_tp2/run4_specsys-sglang-nonsd_102.json
4	specsys-sglang-nonsd	103	103	1785226170799304736	1785226186953224065	16.153919	0	200	/home/user/vllm/logs/speed_test/specsys-sglang-nonsd_b128_speed_tp2/run4_specsys-sglang-nonsd_103.json
4	specsys-sglang-nonsd	104	104	1785226170799790099	1785226193930748359	23.130958	0	200	/home/user/vllm/logs/speed_test/specsys-sglang-nonsd_b128_speed_tp2/run4_specsys-sglang-nonsd_104.json
4	specsys-sglang-nonsd	105	105	1785226170800072620	1785226192590220137	21.790148	0	200	/home/user/vllm/logs/speed_test/specsys-sglang-nonsd_b128_speed_tp2/run4_specsys-sglang-nonsd_105.json
4	specsys-sglang-nonsd	106	106	1785226170800578234	1785226186861080198	16.060502	0	200	/home/user/vllm/logs/speed_test/specsys-sglang-nonsd_b128_speed_tp2/run4_specsys-sglang-nonsd_106.json
4	specsys-sglang-nonsd	107	107	1785226170800877822	1785226194732644643	23.931767	0	200	/home/user/vllm/logs/speed_test/specsys-sglang-nonsd_b128_speed_tp2/run4_specsys-sglang-nonsd_107.json
4	specsys-sglang-nonsd	108	108	1785226170801361705	1785226194732979624	23.931618	0	200	/home/user/vllm/logs/speed_test/specsys-sglang-nonsd_b128_speed_tp2/run4_specsys-sglang-nonsd_108.json
4	specsys-sglang-nonsd	109	109	1785226170801857483	1785226188665081921	17.863224	0	200	/home/user/vllm/logs/speed_test/specsys-sglang-nonsd_b128_speed_tp2/run4_specsys-sglang-nonsd_109.json
4	specsys-sglang-nonsd	110	110	1785226170802134249	1785226193996787304	23.194653	0	200	/home/user/vllm/logs/speed_test/specsys-sglang-nonsd_b128_speed_tp2/run4_specsys-sglang-nonsd_110.json
4	specsys-sglang-nonsd	111	111	1785226170802744308	1785226194787111372	23.984367	0	200	/home/user/vllm/logs/speed_test/specsys-sglang-nonsd_b128_speed_tp2/run4_specsys-sglang-nonsd_111.json
4	specsys-sglang-nonsd	112	112	1785226170803209866	1785226186230669325	15.427459	0	200	/home/user/vllm/logs/speed_test/specsys-sglang-nonsd_b128_speed_tp2/run4_specsys-sglang-nonsd_112.json
4	specsys-sglang-nonsd	113	113	1785226170803449995	1785226188169753138	17.366303	0	200	/home/user/vllm/logs/speed_test/specsys-sglang-nonsd_b128_speed_tp2/run4_specsys-sglang-nonsd_113.json
4	specsys-sglang-nonsd	114	114	1785226170803798974	1785226194786666428	23.982867	0	200	/home/user/vllm/logs/speed_test/specsys-sglang-nonsd_b128_speed_tp2/run4_specsys-sglang-nonsd_114.json
4	specsys-sglang-nonsd	115	115	1785226170804312805	1785226194122854391	23.318542	0	200	/home/user/vllm/logs/speed_test/specsys-sglang-nonsd_b128_speed_tp2/run4_specsys-sglang-nonsd_115.json
4	specsys-sglang-nonsd	116	116	1785226170804665166	1785226194786664870	23.982000	0	200	/home/user/vllm/logs/speed_test/specsys-sglang-nonsd_b128_speed_tp2/run4_specsys-sglang-nonsd_116.json
4	specsys-sglang-nonsd	117	117	1785226170805033339	1785226191374428225	20.569395	0	200	/home/user/vllm/logs/speed_test/specsys-sglang-nonsd_b128_speed_tp2/run4_specsys-sglang-nonsd_117.json
4	specsys-sglang-nonsd	118	118	1785226170805379304	1785226193692223776	22.886844	0	200	/home/user/vllm/logs/speed_test/specsys-sglang-nonsd_b128_speed_tp2/run4_specsys-sglang-nonsd_118.json
4	specsys-sglang-nonsd	119	119	1785226170805798701	1785226190403128797	19.597330	0	200	/home/user/vllm/logs/speed_test/specsys-sglang-nonsd_b128_speed_tp2/run4_specsys-sglang-nonsd_119.json
4	specsys-sglang-nonsd	120	120	1785226170806263796	1785226192134248777	21.327985	0	200	/home/user/vllm/logs/speed_test/specsys-sglang-nonsd_b128_speed_tp2/run4_specsys-sglang-nonsd_120.json
4	specsys-sglang-nonsd	121	121	1785226170806627587	1785226195040353816	24.233726	0	200	/home/user/vllm/logs/speed_test/specsys-sglang-nonsd_b128_speed_tp2/run4_specsys-sglang-nonsd_121.json
4	specsys-sglang-nonsd	122	122	1785226170807030893	1785226189293720326	18.486689	0	200	/home/user/vllm/logs/speed_test/specsys-sglang-nonsd_b128_speed_tp2/run4_specsys-sglang-nonsd_122.json
4	specsys-sglang-nonsd	123	123	1785226170807466342	1785226192918831349	22.111365	0	200	/home/user/vllm/logs/speed_test/specsys-sglang-nonsd_b128_speed_tp2/run4_specsys-sglang-nonsd_123.json
4	specsys-sglang-nonsd	124	124	1785226170808167965	1785226193071681542	22.263514	0	200	/home/user/vllm/logs/speed_test/specsys-sglang-nonsd_b128_speed_tp2/run4_specsys-sglang-nonsd_124.json
4	specsys-sglang-nonsd	125	125	1785226170808263919	1785226191072609659	20.264346	0	200	/home/user/vllm/logs/speed_test/specsys-sglang-nonsd_b128_speed_tp2/run4_specsys-sglang-nonsd_125.json
4	specsys-sglang-nonsd	126	126	1785226170808658984	1785226194732595676	23.923937	0	200	/home/user/vllm/logs/speed_test/specsys-sglang-nonsd_b128_speed_tp2/run4_specsys-sglang-nonsd_126.json
4	specsys-sglang-nonsd	127	127	1785226170809036421	1785226195712680022	24.903644	0	200	/home/user/vllm/logs/speed_test/specsys-sglang-nonsd_b128_speed_tp2/run4_specsys-sglang-nonsd_127.json
5	specsys-sglang-nonsd	0	0	1785226251652702231	1785226264768299260	13.115597	0	200	/home/user/vllm/logs/speed_test/specsys-sglang-nonsd_b128_speed_tp2/run5_specsys-sglang-nonsd_0.json
5	specsys-sglang-nonsd	1	1	1785226251653031925	1785226268949971123	17.296939	0	200	/home/user/vllm/logs/speed_test/specsys-sglang-nonsd_b128_speed_tp2/run5_specsys-sglang-nonsd_1.json
5	specsys-sglang-nonsd	2	2	1785226251653622342	1785226266583041483	14.929419	0	200	/home/user/vllm/logs/speed_test/specsys-sglang-nonsd_b128_speed_tp2/run5_specsys-sglang-nonsd_2.json
5	specsys-sglang-nonsd	3	3	1785226251654336215	1785226263482719768	11.828384	0	200	/home/user/vllm/logs/speed_test/specsys-sglang-nonsd_b128_speed_tp2/run5_specsys-sglang-nonsd_3.json
5	specsys-sglang-nonsd	4	4	1785226251655032823	1785226258684122342	7.029090	0	200	/home/user/vllm/logs/speed_test/specsys-sglang-nonsd_b128_speed_tp2/run5_specsys-sglang-nonsd_4.json
5	specsys-sglang-nonsd	5	5	1785226251656326145	1785226263645552503	11.989226	0	200	/home/user/vllm/logs/speed_test/specsys-sglang-nonsd_b128_speed_tp2/run5_specsys-sglang-nonsd_5.json
5	specsys-sglang-nonsd	6	6	1785226251656724123	1785226262890669893	11.233946	0	200	/home/user/vllm/logs/speed_test/specsys-sglang-nonsd_b128_speed_tp2/run5_specsys-sglang-nonsd_6.json
5	specsys-sglang-nonsd	7	7	1785226251658385303	1785226269693620354	18.035235	0	200	/home/user/vllm/logs/speed_test/specsys-sglang-nonsd_b128_speed_tp2/run5_specsys-sglang-nonsd_7.json
5	specsys-sglang-nonsd	8	8	1785226251658704858	1785226266791498941	15.132794	0	200	/home/user/vllm/logs/speed_test/specsys-sglang-nonsd_b128_speed_tp2/run5_specsys-sglang-nonsd_8.json
5	specsys-sglang-nonsd	9	9	1785226251658815673	1785226266174853463	14.516038	0	200	/home/user/vllm/logs/speed_test/specsys-sglang-nonsd_b128_speed_tp2/run5_specsys-sglang-nonsd_9.json
5	specsys-sglang-nonsd	10	10	1785226251661214544	1785226263438809703	11.777595	0	200	/home/user/vllm/logs/speed_test/specsys-sglang-nonsd_b128_speed_tp2/run5_specsys-sglang-nonsd_10.json
5	specsys-sglang-nonsd	11	11	1785226251660391696	1785226263726350128	12.065958	0	200	/home/user/vllm/logs/speed_test/specsys-sglang-nonsd_b128_speed_tp2/run5_specsys-sglang-nonsd_11.json
5	specsys-sglang-nonsd	12	12	1785226251661073221	1785226271833927025	20.172854	0	200	/home/user/vllm/logs/speed_test/specsys-sglang-nonsd_b128_speed_tp2/run5_specsys-sglang-nonsd_12.json
5	specsys-sglang-nonsd	13	13	1785226251661726349	1785226262102300090	10.440574	0	200	/home/user/vllm/logs/speed_test/specsys-sglang-nonsd_b128_speed_tp2/run5_specsys-sglang-nonsd_13.json
5	specsys-sglang-nonsd	14	14	1785226251662549886	1785226269753872581	18.091323	0	200	/home/user/vllm/logs/speed_test/specsys-sglang-nonsd_b128_speed_tp2/run5_specsys-sglang-nonsd_14.json
5	specsys-sglang-nonsd	15	15	1785226251663262520	1785226262852269290	11.189007	0	200	/home/user/vllm/logs/speed_test/specsys-sglang-nonsd_b128_speed_tp2/run5_specsys-sglang-nonsd_15.json
5	specsys-sglang-nonsd	16	16	1785226251663879256	1785226265432141346	13.768262	0	200	/home/user/vllm/logs/speed_test/specsys-sglang-nonsd_b128_speed_tp2/run5_specsys-sglang-nonsd_16.json
5	specsys-sglang-nonsd	17	17	1785226251664625529	1785226261764540916	10.099915	0	200	/home/user/vllm/logs/speed_test/specsys-sglang-nonsd_b128_speed_tp2/run5_specsys-sglang-nonsd_17.json
5	specsys-sglang-nonsd	18	18	1785226251665303737	1785226271832470061	20.167166	0	200	/home/user/vllm/logs/speed_test/specsys-sglang-nonsd_b128_speed_tp2/run5_specsys-sglang-nonsd_18.json
5	specsys-sglang-nonsd	19	19	1785226251666015529	1785226265471598951	13.805583	0	200	/home/user/vllm/logs/speed_test/specsys-sglang-nonsd_b128_speed_tp2/run5_specsys-sglang-nonsd_19.json
5	specsys-sglang-nonsd	20	20	1785226251666687285	1785226267221911454	15.555224	0	200	/home/user/vllm/logs/speed_test/specsys-sglang-nonsd_b128_speed_tp2/run5_specsys-sglang-nonsd_20.json
5	specsys-sglang-nonsd	21	21	1785226251667455178	1785226265016686369	13.349231	0	200	/home/user/vllm/logs/speed_test/specsys-sglang-nonsd_b128_speed_tp2/run5_specsys-sglang-nonsd_21.json
5	specsys-sglang-nonsd	22	22	1785226251668037605	1785226268889165552	17.221128	0	200	/home/user/vllm/logs/speed_test/specsys-sglang-nonsd_b128_speed_tp2/run5_specsys-sglang-nonsd_22.json
5	specsys-sglang-nonsd	23	23	1785226251668728923	1785226267120143699	15.451415	0	200	/home/user/vllm/logs/speed_test/specsys-sglang-nonsd_b128_speed_tp2/run5_specsys-sglang-nonsd_23.json
5	specsys-sglang-nonsd	24	24	1785226251669403375	1785226266057005092	14.387602	0	200	/home/user/vllm/logs/speed_test/specsys-sglang-nonsd_b128_speed_tp2/run5_specsys-sglang-nonsd_24.json
5	specsys-sglang-nonsd	25	25	1785226251670102202	1785226268765315586	17.095213	0	200	/home/user/vllm/logs/speed_test/specsys-sglang-nonsd_b128_speed_tp2/run5_specsys-sglang-nonsd_25.json
5	specsys-sglang-nonsd	26	26	1785226251670759585	1785226271832198928	20.161439	0	200	/home/user/vllm/logs/speed_test/specsys-sglang-nonsd_b128_speed_tp2/run5_specsys-sglang-nonsd_26.json
5	specsys-sglang-nonsd	27	27	1785226251671527093	1785226260798966321	9.127439	0	200	/home/user/vllm/logs/speed_test/specsys-sglang-nonsd_b128_speed_tp2/run5_specsys-sglang-nonsd_27.json
5	specsys-sglang-nonsd	28	28	1785226251672106615	1785226261008662753	9.336556	0	200	/home/user/vllm/logs/speed_test/specsys-sglang-nonsd_b128_speed_tp2/run5_specsys-sglang-nonsd_28.json
5	specsys-sglang-nonsd	29	29	1785226251672816263	1785226265017321836	13.344506	0	200	/home/user/vllm/logs/speed_test/specsys-sglang-nonsd_b128_speed_tp2/run5_specsys-sglang-nonsd_29.json
5	specsys-sglang-nonsd	30	30	1785226251673484511	1785226268574507210	16.901023	0	200	/home/user/vllm/logs/speed_test/specsys-sglang-nonsd_b128_speed_tp2/run5_specsys-sglang-nonsd_30.json
5	specsys-sglang-nonsd	31	31	1785226251674181963	1785226268138742321	16.464560	0	200	/home/user/vllm/logs/speed_test/specsys-sglang-nonsd_b128_speed_tp2/run5_specsys-sglang-nonsd_31.json
5	specsys-sglang-nonsd	32	32	1785226251674834850	1785226264854877043	13.180042	0	200	/home/user/vllm/logs/speed_test/specsys-sglang-nonsd_b128_speed_tp2/run5_specsys-sglang-nonsd_32.json
5	specsys-sglang-nonsd	33	33	1785226251675541539	1785226268978813280	17.303272	0	200	/home/user/vllm/logs/speed_test/specsys-sglang-nonsd_b128_speed_tp2/run5_specsys-sglang-nonsd_33.json
5	specsys-sglang-nonsd	34	34	1785226251676247062	1785226263935065315	12.258818	0	200	/home/user/vllm/logs/speed_test/specsys-sglang-nonsd_b128_speed_tp2/run5_specsys-sglang-nonsd_34.json
5	specsys-sglang-nonsd	35	35	1785226251676939521	1785226263274608216	11.597669	0	200	/home/user/vllm/logs/speed_test/specsys-sglang-nonsd_b128_speed_tp2/run5_specsys-sglang-nonsd_35.json
5	specsys-sglang-nonsd	36	36	1785226251677605738	1785226258765760007	7.088154	0	200	/home/user/vllm/logs/speed_test/specsys-sglang-nonsd_b128_speed_tp2/run5_specsys-sglang-nonsd_36.json
5	specsys-sglang-nonsd	37	37	1785226251678658215	1785226263482627974	11.803970	0	200	/home/user/vllm/logs/speed_test/specsys-sglang-nonsd_b128_speed_tp2/run5_specsys-sglang-nonsd_37.json
5	specsys-sglang-nonsd	38	38	1785226251679140244	1785226263438870128	11.759730	0	200	/home/user/vllm/logs/speed_test/specsys-sglang-nonsd_b128_speed_tp2/run5_specsys-sglang-nonsd_38.json
5	specsys-sglang-nonsd	39	39	1785226251679690811	1785226267194628384	15.514938	0	200	/home/user/vllm/logs/speed_test/specsys-sglang-nonsd_b128_speed_tp2/run5_specsys-sglang-nonsd_39.json
5	specsys-sglang-nonsd	40	40	1785226251680437264	1785226258644684463	6.964247	0	200	/home/user/vllm/logs/speed_test/specsys-sglang-nonsd_b128_speed_tp2/run5_specsys-sglang-nonsd_40.json
5	specsys-sglang-nonsd	41	41	1785226251681170292	1785226265431166633	13.749996	0	200	/home/user/vllm/logs/speed_test/specsys-sglang-nonsd_b128_speed_tp2/run5_specsys-sglang-nonsd_41.json
5	specsys-sglang-nonsd	42	42	1785226251681980160	1785226264476062241	12.794082	0	200	/home/user/vllm/logs/speed_test/specsys-sglang-nonsd_b128_speed_tp2/run5_specsys-sglang-nonsd_42.json
5	specsys-sglang-nonsd	43	43	1785226251682579723	1785226263516993799	11.834414	0	200	/home/user/vllm/logs/speed_test/specsys-sglang-nonsd_b128_speed_tp2/run5_specsys-sglang-nonsd_43.json
5	specsys-sglang-nonsd	44	44	1785226251683207163	1785226271358915365	19.675708	0	200	/home/user/vllm/logs/speed_test/specsys-sglang-nonsd_b128_speed_tp2/run5_specsys-sglang-nonsd_44.json
5	specsys-sglang-nonsd	45	45	1785226251683935292	1785226265884812106	14.200877	0	200	/home/user/vllm/logs/speed_test/specsys-sglang-nonsd_b128_speed_tp2/run5_specsys-sglang-nonsd_45.json
5	specsys-sglang-nonsd	46	46	1785226251684622136	1785226261596736274	9.912114	0	200	/home/user/vllm/logs/speed_test/specsys-sglang-nonsd_b128_speed_tp2/run5_specsys-sglang-nonsd_46.json
5	specsys-sglang-nonsd	47	47	1785226251685199564	1785226266380670923	14.695471	0	200	/home/user/vllm/logs/speed_test/specsys-sglang-nonsd_b128_speed_tp2/run5_specsys-sglang-nonsd_47.json
5	specsys-sglang-nonsd	48	48	1785226251685841263	1785226265181787736	13.495946	0	200	/home/user/vllm/logs/speed_test/specsys-sglang-nonsd_b128_speed_tp2/run5_specsys-sglang-nonsd_48.json
5	specsys-sglang-nonsd	49	49	1785226251686504416	1785226263934991361	12.248487	0	200	/home/user/vllm/logs/speed_test/specsys-sglang-nonsd_b128_speed_tp2/run5_specsys-sglang-nonsd_49.json
5	specsys-sglang-nonsd	50	50	1785226251687045583	1785226267346747591	15.659702	0	200	/home/user/vllm/logs/speed_test/specsys-sglang-nonsd_b128_speed_tp2/run5_specsys-sglang-nonsd_50.json
5	specsys-sglang-nonsd	51	51	1785226251687673861	1785226266706887836	15.019214	0	200	/home/user/vllm/logs/speed_test/specsys-sglang-nonsd_b128_speed_tp2/run5_specsys-sglang-nonsd_51.json
5	specsys-sglang-nonsd	52	52	1785226251688347388	1785226257785091641	6.096744	0	200	/home/user/vllm/logs/speed_test/specsys-sglang-nonsd_b128_speed_tp2/run5_specsys-sglang-nonsd_52.json
5	specsys-sglang-nonsd	53	53	1785226251688998911	1785226261090667876	9.401669	0	200	/home/user/vllm/logs/speed_test/specsys-sglang-nonsd_b128_speed_tp2/run5_specsys-sglang-nonsd_53.json
5	specsys-sglang-nonsd	54	54	1785226251689607445	1785226271832672454	20.143065	0	200	/home/user/vllm/logs/speed_test/specsys-sglang-nonsd_b128_speed_tp2/run5_specsys-sglang-nonsd_54.json
5	specsys-sglang-nonsd	55	55	1785226251690247468	1785226270188554554	18.498307	0	200	/home/user/vllm/logs/speed_test/specsys-sglang-nonsd_b128_speed_tp2/run5_specsys-sglang-nonsd_55.json
5	specsys-sglang-nonsd	56	56	1785226251690803789	1785226271833193776	20.142390	0	200	/home/user/vllm/logs/speed_test/specsys-sglang-nonsd_b128_speed_tp2/run5_specsys-sglang-nonsd_56.json
5	specsys-sglang-nonsd	57	57	1785226251691428920	1785226264890949736	13.199521	0	200	/home/user/vllm/logs/speed_test/specsys-sglang-nonsd_b128_speed_tp2/run5_specsys-sglang-nonsd_57.json
5	specsys-sglang-nonsd	58	58	1785226251692115184	1785226265676733678	13.984618	0	200	/home/user/vllm/logs/speed_test/specsys-sglang-nonsd_b128_speed_tp2/run5_specsys-sglang-nonsd_58.json
5	specsys-sglang-nonsd	59	59	1785226251692601999	1785226260970872913	9.278271	0	200	/home/user/vllm/logs/speed_test/specsys-sglang-nonsd_b128_speed_tp2/run5_specsys-sglang-nonsd_59.json
5	specsys-sglang-nonsd	60	60	1785226251693141370	1785226268449855553	16.756714	0	200	/home/user/vllm/logs/speed_test/specsys-sglang-nonsd_b128_speed_tp2/run5_specsys-sglang-nonsd_60.json
5	specsys-sglang-nonsd	61	61	1785226251693686569	1785226264438569935	12.744883	0	200	/home/user/vllm/logs/speed_test/specsys-sglang-nonsd_b128_speed_tp2/run5_specsys-sglang-nonsd_61.json
5	specsys-sglang-nonsd	62	62	1785226251694313616	1785226268889758517	17.195445	0	200	/home/user/vllm/logs/speed_test/specsys-sglang-nonsd_b128_speed_tp2/run5_specsys-sglang-nonsd_62.json
5	specsys-sglang-nonsd	63	63	1785226251694835937	1785226266056782139	14.361946	0	200	/home/user/vllm/logs/speed_test/specsys-sglang-nonsd_b128_speed_tp2/run5_specsys-sglang-nonsd_63.json
5	specsys-sglang-nonsd	64	64	1785226251695501815	1785226271833688823	20.138187	0	200	/home/user/vllm/logs/speed_test/specsys-sglang-nonsd_b128_speed_tp2/run5_specsys-sglang-nonsd_64.json
5	specsys-sglang-nonsd	65	65	1785226251695996708	1785226268138632406	16.442636	0	200	/home/user/vllm/logs/speed_test/specsys-sglang-nonsd_b128_speed_tp2/run5_specsys-sglang-nonsd_65.json
5	specsys-sglang-nonsd	66	66	1785226251696517336	1785226271833805627	20.137288	0	200	/home/user/vllm/logs/speed_test/specsys-sglang-nonsd_b128_speed_tp2/run5_specsys-sglang-nonsd_66.json
5	specsys-sglang-nonsd	67	67	1785226251697074573	1785226264560577002	12.863502	0	200	/home/user/vllm/logs/speed_test/specsys-sglang-nonsd_b128_speed_tp2/run5_specsys-sglang-nonsd_67.json
5	specsys-sglang-nonsd	68	68	1785226251697592365	1785226261176656354	9.479064	0	200	/home/user/vllm/logs/speed_test/specsys-sglang-nonsd_b128_speed_tp2/run5_specsys-sglang-nonsd_68.json
5	specsys-sglang-nonsd	69	69	1785226251698179495	1785226263810224903	12.112045	0	200	/home/user/vllm/logs/speed_test/specsys-sglang-nonsd_b128_speed_tp2/run5_specsys-sglang-nonsd_69.json
5	specsys-sglang-nonsd	70	70	1785226251698708677	1785226271831294005	20.132585	0	200	/home/user/vllm/logs/speed_test/specsys-sglang-nonsd_b128_speed_tp2/run5_specsys-sglang-nonsd_70.json
5	specsys-sglang-nonsd	71	71	1785226251699238969	1785226268703944181	17.004705	0	200	/home/user/vllm/logs/speed_test/specsys-sglang-nonsd_b128_speed_tp2/run5_specsys-sglang-nonsd_71.json
5	specsys-sglang-nonsd	72	72	1785226251699702436	1785226266380411800	14.680709	0	200	/home/user/vllm/logs/speed_test/specsys-sglang-nonsd_b128_speed_tp2/run5_specsys-sglang-nonsd_72.json
5	specsys-sglang-nonsd	73	73	1785226251700288596	1785226262357194170	10.656906	0	200	/home/user/vllm/logs/speed_test/specsys-sglang-nonsd_b128_speed_tp2/run5_specsys-sglang-nonsd_73.json
5	specsys-sglang-nonsd	74	74	1785226251700795289	1785226265226826485	13.526031	0	200	/home/user/vllm/logs/speed_test/specsys-sglang-nonsd_b128_speed_tp2/run5_specsys-sglang-nonsd_74.json
5	specsys-sglang-nonsd	75	75	1785226251701206519	1785226262852369843	11.151163	0	200	/home/user/vllm/logs/speed_test/specsys-sglang-nonsd_b128_speed_tp2/run5_specsys-sglang-nonsd_75.json
5	specsys-sglang-nonsd	76	76	1785226251701716620	1785226270128590922	18.426874	0	200	/home/user/vllm/logs/speed_test/specsys-sglang-nonsd_b128_speed_tp2/run5_specsys-sglang-nonsd_76.json
5	specsys-sglang-nonsd	77	77	1785226251702244184	1785226271050821663	19.348577	0	200	/home/user/vllm/logs/speed_test/specsys-sglang-nonsd_b128_speed_tp2/run5_specsys-sglang-nonsd_77.json
5	specsys-sglang-nonsd	78	78	1785226251702750463	1785226264767583352	13.064833	0	200	/home/user/vllm/logs/speed_test/specsys-sglang-nonsd_b128_speed_tp2/run5_specsys-sglang-nonsd_78.json
5	specsys-sglang-nonsd	79	79	1785226251703224365	1785226267917193349	16.213969	0	200	/home/user/vllm/logs/speed_test/specsys-sglang-nonsd_b128_speed_tp2/run5_specsys-sglang-nonsd_79.json
5	specsys-sglang-nonsd	80	80	1785226251703745322	1785226271833815092	20.130070	0	200	/home/user/vllm/logs/speed_test/specsys-sglang-nonsd_b128_speed_tp2/run5_specsys-sglang-nonsd_80.json
5	specsys-sglang-nonsd	81	81	1785226251704192226	1785226269914641098	18.210449	0	200	/home/user/vllm/logs/speed_test/specsys-sglang-nonsd_b128_speed_tp2/run5_specsys-sglang-nonsd_81.json
5	specsys-sglang-nonsd	82	82	1785226251704619870	1785226265387974936	13.683355	0	200	/home/user/vllm/logs/speed_test/specsys-sglang-nonsd_b128_speed_tp2/run5_specsys-sglang-nonsd_82.json
5	specsys-sglang-nonsd	83	83	1785226251705147868	1785226264698342909	12.993195	0	200	/home/user/vllm/logs/speed_test/specsys-sglang-nonsd_b128_speed_tp2/run5_specsys-sglang-nonsd_83.json
5	specsys-sglang-nonsd	84	84	1785226251705622147	1785226269476978312	17.771356	0	200	/home/user/vllm/logs/speed_test/specsys-sglang-nonsd_b128_speed_tp2/run5_specsys-sglang-nonsd_84.json
5	specsys-sglang-nonsd	85	85	1785226251706083194	1785226268196813140	16.490730	0	200	/home/user/vllm/logs/speed_test/specsys-sglang-nonsd_b128_speed_tp2/run5_specsys-sglang-nonsd_85.json
5	specsys-sglang-nonsd	86	86	1785226251708657558	1785226264439035596	12.730378	0	200	/home/user/vllm/logs/speed_test/specsys-sglang-nonsd_b128_speed_tp2/run5_specsys-sglang-nonsd_86.json
5	specsys-sglang-nonsd	87	87	1785226251707173587	1785226268009796483	16.302623	0	200	/home/user/vllm/logs/speed_test/specsys-sglang-nonsd_b128_speed_tp2/run5_specsys-sglang-nonsd_87.json
5	specsys-sglang-nonsd	88	88	1785226251707703676	1785226271831291757	20.123588	0	200	/home/user/vllm/logs/speed_test/specsys-sglang-nonsd_b128_speed_tp2/run5_specsys-sglang-nonsd_88.json
5	specsys-sglang-nonsd	89	89	1785226251708108142	1785226271832717045	20.124609	0	200	/home/user/vllm/logs/speed_test/specsys-sglang-nonsd_b128_speed_tp2/run5_specsys-sglang-nonsd_89.json
5	specsys-sglang-nonsd	90	90	1785226251708553732	1785226271833006347	20.124453	0	200	/home/user/vllm/logs/speed_test/specsys-sglang-nonsd_b128_speed_tp2/run5_specsys-sglang-nonsd_90.json
5	specsys-sglang-nonsd	91	91	1785226251709021784	1785226263226286779	11.517265	0	200	/home/user/vllm/logs/speed_test/specsys-sglang-nonsd_b128_speed_tp2/run5_specsys-sglang-nonsd_91.json
5	specsys-sglang-nonsd	92	92	1785226251709434035	1785226262558621370	10.849187	0	200	/home/user/vllm/logs/speed_test/specsys-sglang-nonsd_b128_speed_tp2/run5_specsys-sglang-nonsd_92.json
5	specsys-sglang-nonsd	93	93	1785226251709896796	1785226267037579033	15.327682	0	200	/home/user/vllm/logs/speed_test/specsys-sglang-nonsd_b128_speed_tp2/run5_specsys-sglang-nonsd_93.json
5	specsys-sglang-nonsd	94	94	1785226251710391440	1785226262558889642	10.848498	0	200	/home/user/vllm/logs/speed_test/specsys-sglang-nonsd_b128_speed_tp2/run5_specsys-sglang-nonsd_94.json
5	specsys-sglang-nonsd	95	95	1785226251710802440	1785226260508206814	8.797404	0	200	/home/user/vllm/logs/speed_test/specsys-sglang-nonsd_b128_speed_tp2/run5_specsys-sglang-nonsd_95.json
5	specsys-sglang-nonsd	96	96	1785226251711262142	1785226267193691698	15.482430	0	200	/home/user/vllm/logs/speed_test/specsys-sglang-nonsd_b128_speed_tp2/run5_specsys-sglang-nonsd_96.json
5	specsys-sglang-nonsd	97	97	1785226251711629477	1785226268232582173	16.520953	0	200	/home/user/vllm/logs/speed_test/specsys-sglang-nonsd_b128_speed_tp2/run5_specsys-sglang-nonsd_97.json
5	specsys-sglang-nonsd	98	98	1785226251712077892	1785226262516352459	10.804275	0	200	/home/user/vllm/logs/speed_test/specsys-sglang-nonsd_b128_speed_tp2/run5_specsys-sglang-nonsd_98.json
5	specsys-sglang-nonsd	99	99	1785226251712495544	1785226262390681164	10.678186	0	200	/home/user/vllm/logs/speed_test/specsys-sglang-nonsd_b128_speed_tp2/run5_specsys-sglang-nonsd_99.json
5	specsys-sglang-nonsd	100	100	1785226251713047630	1785226266056879591	14.343832	0	200	/home/user/vllm/logs/speed_test/specsys-sglang-nonsd_b128_speed_tp2/run5_specsys-sglang-nonsd_100.json
5	specsys-sglang-nonsd	101	101	1785226251713358414	1785226274974814422	23.261456	0	200	/home/user/vllm/logs/speed_test/specsys-sglang-nonsd_b128_speed_tp2/run5_specsys-sglang-nonsd_101.json
5	specsys-sglang-nonsd	102	102	1785226251713807511	1785226274973803017	23.259996	0	200	/home/user/vllm/logs/speed_test/specsys-sglang-nonsd_b128_speed_tp2/run5_specsys-sglang-nonsd_102.json
5	specsys-sglang-nonsd	103	103	1785226251714205176	1785226267286047064	15.571842	0	200	/home/user/vllm/logs/speed_test/specsys-sglang-nonsd_b128_speed_tp2/run5_specsys-sglang-nonsd_103.json
5	specsys-sglang-nonsd	104	104	1785226251714729392	1785226274157811186	22.443082	0	200	/home/user/vllm/logs/speed_test/specsys-sglang-nonsd_b128_speed_tp2/run5_specsys-sglang-nonsd_104.json
5	specsys-sglang-nonsd	105	105	1785226251715031120	1785226272581299946	20.866269	0	200	/home/user/vllm/logs/speed_test/specsys-sglang-nonsd_b128_speed_tp2/run5_specsys-sglang-nonsd_105.json
5	specsys-sglang-nonsd	106	106	1785226251715595400	1785226267194832660	15.479237	0	200	/home/user/vllm/logs/speed_test/specsys-sglang-nonsd_b128_speed_tp2/run5_specsys-sglang-nonsd_106.json
5	specsys-sglang-nonsd	107	107	1785226251715859189	1785226274922152319	23.206293	0	200	/home/user/vllm/logs/speed_test/specsys-sglang-nonsd_b128_speed_tp2/run5_specsys-sglang-nonsd_107.json
5	specsys-sglang-nonsd	108	108	1785226251716415958	1785226274974628426	23.258212	0	200	/home/user/vllm/logs/speed_test/specsys-sglang-nonsd_b128_speed_tp2/run5_specsys-sglang-nonsd_108.json
5	specsys-sglang-nonsd	109	109	1785226251716793271	1785226269165629887	17.448837	0	200	/home/user/vllm/logs/speed_test/specsys-sglang-nonsd_b128_speed_tp2/run5_specsys-sglang-nonsd_109.json
5	specsys-sglang-nonsd	110	110	1785226251717292822	1785226274275053222	22.557760	0	200	/home/user/vllm/logs/speed_test/specsys-sglang-nonsd_b128_speed_tp2/run5_specsys-sglang-nonsd_110.json
5	specsys-sglang-nonsd	111	111	1785226251717766206	1785226272036680401	20.318914	0	200	/home/user/vllm/logs/speed_test/specsys-sglang-nonsd_b128_speed_tp2/run5_specsys-sglang-nonsd_111.json
5	specsys-sglang-nonsd	112	112	1785226251718061820	1785226265760304162	14.042242	0	200	/home/user/vllm/logs/speed_test/specsys-sglang-nonsd_b128_speed_tp2/run5_specsys-sglang-nonsd_112.json
5	specsys-sglang-nonsd	113	113	1785226251718521508	1785226269292183956	17.573662	0	200	/home/user/vllm/logs/speed_test/specsys-sglang-nonsd_b128_speed_tp2/run5_specsys-sglang-nonsd_113.json
5	specsys-sglang-nonsd	114	114	1785226251718908746	1785226275336785434	23.617877	0	200	/home/user/vllm/logs/speed_test/specsys-sglang-nonsd_b128_speed_tp2/run5_specsys-sglang-nonsd_114.json
5	specsys-sglang-nonsd	115	115	1785226251719318587	1785226274273906505	22.554588	0	200	/home/user/vllm/logs/speed_test/specsys-sglang-nonsd_b128_speed_tp2/run5_specsys-sglang-nonsd_115.json
5	specsys-sglang-nonsd	116	116	1785226251719761885	1785226275338707180	23.618945	0	200	/home/user/vllm/logs/speed_test/specsys-sglang-nonsd_b128_speed_tp2/run5_specsys-sglang-nonsd_116.json
5	specsys-sglang-nonsd	117	117	1785226251720310612	1785226273099180477	21.378870	0	200	/home/user/vllm/logs/speed_test/specsys-sglang-nonsd_b128_speed_tp2/run5_specsys-sglang-nonsd_117.json
5	specsys-sglang-nonsd	118	118	1785226251720504333	1785226274280357557	22.559853	0	200	/home/user/vllm/logs/speed_test/specsys-sglang-nonsd_b128_speed_tp2/run5_specsys-sglang-nonsd_118.json
5	specsys-sglang-nonsd	119	119	1785226251720880756	1785226270925969291	19.205089	0	200	/home/user/vllm/logs/speed_test/specsys-sglang-nonsd_b128_speed_tp2/run5_specsys-sglang-nonsd_119.json
5	specsys-sglang-nonsd	120	120	1785226251721286650	1785226272212807595	20.491521	0	200	/home/user/vllm/logs/speed_test/specsys-sglang-nonsd_b128_speed_tp2/run5_specsys-sglang-nonsd_120.json
5	specsys-sglang-nonsd	121	121	1785226251721646393	1785226275820391414	24.098745	0	200	/home/user/vllm/logs/speed_test/specsys-sglang-nonsd_b128_speed_tp2/run5_specsys-sglang-nonsd_121.json
5	specsys-sglang-nonsd	122	122	1785226251722012454	1785226268705818220	16.983806	0	200	/home/user/vllm/logs/speed_test/specsys-sglang-nonsd_b128_speed_tp2/run5_specsys-sglang-nonsd_122.json
5	specsys-sglang-nonsd	123	123	1785226251722448042	1785226271522235217	19.799787	0	200	/home/user/vllm/logs/speed_test/specsys-sglang-nonsd_b128_speed_tp2/run5_specsys-sglang-nonsd_123.json
5	specsys-sglang-nonsd	124	124	1785226251722728144	1785226273378994454	21.656266	0	200	/home/user/vllm/logs/speed_test/specsys-sglang-nonsd_b128_speed_tp2/run5_specsys-sglang-nonsd_124.json
5	specsys-sglang-nonsd	125	125	1785226251723202969	1785226271907294701	20.184092	0	200	/home/user/vllm/logs/speed_test/specsys-sglang-nonsd_b128_speed_tp2/run5_specsys-sglang-nonsd_125.json
5	specsys-sglang-nonsd	126	126	1785226251723905090	1785226276135147644	24.411243	0	200	/home/user/vllm/logs/speed_test/specsys-sglang-nonsd_b128_speed_tp2/run5_specsys-sglang-nonsd_126.json
5	specsys-sglang-nonsd	127	127	1785226251723994486	1785226276268602903	24.544608	0	200	/home/user/vllm/logs/speed_test/specsys-sglang-nonsd_b128_speed_tp2/run5_specsys-sglang-nonsd_127.json
